<aetgt:getResponse xmlns:aetgt="http://schemas.active-endpoints.com/appmodules/repository/2010/10/avrepository.xsd"
                   xmlns:types1="http://schemas.active-endpoints.com/appmodules/repository/2010/10/avrepository.xsd">
   <types1:Item>
      <types1:EntryId>0N0Qqi7EkWoKeER-gt-27792913-2021-10-01T18:26:15.998Z::tf.xml</types1:EntryId>
      <types1:Name>Snowflake_Predictive_Analytics_to_Salesforce</types1:Name>
      <types1:MimeType>application/xml+taskflow</types1:MimeType>
      <types1:Description>Runs mapping task that takes predictive analytics from Snowflake and updates the Contact object in Salesforce.</types1:Description>
      <types1:AppliesTo/>
      <types1:Tags/>
      <types1:VersionLabel>1.0</types1:VersionLabel>
      <types1:State>CURRENT</types1:State>
      <types1:ProcessGroup/>
      <types1:CreatedBy>pete.halaczkiewicz@american-equity.com.SAML</types1:CreatedBy>
      <types1:CreationDate>2021-10-01T18:26:16Z</types1:CreationDate>
      <types1:ModifiedBy/>
      <types1:PublicationStatus>published</types1:PublicationStatus>
      <types1:PublishedBy>pete.halaczkiewicz@american-equity.com.SAML</types1:PublishedBy>
      <types1:PublicationDate>2021-10-01T18:26:19Z</types1:PublicationDate>
      <types1:PublishedContributionId>project:/tf.Snowflake_Predictive_Analytics_to_Salesforce/Snowflake_Predictive_Analytics_to_Salesforce.tf.xml</types1:PublishedContributionId>
      <types1:AutosaveExists>false</types1:AutosaveExists>
      <types1:Entry>
         <taskflow xmlns="http://schemas.active-endpoints.com/appmodules/screenflow/2010/10/avosScreenflow.xsd"
                   xmlns:tfm="http://schemas.active-endpoints.com/appmodules/screenflow/2021/04/taskflowModel.xsd"
                   xmlns:list="urn:activevos:spi:list:functions"
                   displayName="Snowflake Predictive Analytics to Salesforce"
                   name="Snowflake_Predictive_Analytics_to_Salesforce"
                   overrideAPIName="false">
            <parameterSet xmlns="http://schemas.active-endpoints.com/appmodules/screenflow/2021/04/taskflowModel.xsd"/>
            <appliesTo/>
            <description>Runs mapping task that takes predictive analytics from Snowflake and updates the Contact object in Salesforce.</description>
            <tags/>
            <generator>Informatica Process Designer 11</generator>
            <tempFields>
               <field description=""
                      name="Update Contact from Snowflake"
                      type="reference">
                  <options>
                     <option name="failOnNotRun">false</option>
                     <option name="failOnFault">false</option>
                     <option name="referenceTo">$po:mt-SnowflakeML-SFContact</option>
                  </options>
               </field>
            </tempFields>
            <notes/>
            <deployment suspendOnFault="false" tracingLevel="verbose">
               <rest/>
            </deployment>
            <flow id="a">
               <start id="b">
                  <link id="ku71fada" targetId="ku71fadu"/>
               </start>
               <eventContainer id="ku71fadu">
                  <service id="ku71fad9">
                     <title>Update Contact from Snowflake</title>
                     <serviceName>ICSExecuteDataTask</serviceName>
                     <serviceGUID/>
                     <serviceInput>
                        <parameter name="Wait for Task to Complete" source="constant" updatable="true">true</parameter>
                        <parameter name="Max Wait" source="constant" updatable="true">604800</parameter>
                        <parameter name="Task Name" source="constant" updatable="true">mt_SnowflakeML_SFContact</parameter>
                        <parameter name="GUID" source="constant" updatable="true">itVfIfY8SsKfGsKo8oTyuB</parameter>
                        <parameter name="Task Type" source="constant" updatable="true">MCT</parameter>
                        <parameter name="Has Inout Parameters" source="constant" updatable="true">false</parameter>
                        <parameter name="taskField" source="nested">
                           <operation source="field" to="mt-SnowflakeML-SFContact">temp.Update Contact from Snowflake</operation>
                        </parameter>
                     </serviceInput>
                     <serviceOutput>
                        <operation source="field"
                                   to="temp.Update Contact from Snowflake/output/Object_Name">Object Name</operation>
                        <operation source="field" to="temp.Update Contact from Snowflake/output/Run_Id">Run Id</operation>
                        <operation source="field" to="temp.Update Contact from Snowflake/output/Log_Id">Log Id</operation>
                        <operation source="field" to="temp.Update Contact from Snowflake/output/Task_Id">Task Id</operation>
                        <operation source="field"
                                   to="temp.Update Contact from Snowflake/output/Task_Status">Task Status</operation>
                        <operation source="field"
                                   to="temp.Update Contact from Snowflake/output/Success_Source_Rows">Success Source Rows</operation>
                        <operation source="field"
                                   to="temp.Update Contact from Snowflake/output/Failed_Source_Rows">Failed Source Rows</operation>
                        <operation source="field"
                                   to="temp.Update Contact from Snowflake/output/Success_Target_Rows">Success Target Rows</operation>
                        <operation source="field"
                                   to="temp.Update Contact from Snowflake/output/Failed_Target_Rows">Failed Target Rows</operation>
                        <operation source="field"
                                   to="temp.Update Contact from Snowflake/output/Start_Time">Start Time</operation>
                        <operation source="field" to="temp.Update Contact from Snowflake/output/End_Time">End Time</operation>
                        <operation source="field"
                                   to="temp.Update Contact from Snowflake/output/Error_Message">Error Message</operation>
                     </serviceOutput>
                  </service>
                  <link id="ku71fadb" targetId="c"/>
                  <events>
                     <catch faultField="temp.Update Contact from Snowflake/fault"
                            id="ku71fads"
                            interrupting="true"
                            name="error">
                        <suspend/>
                     </catch>
                     <catch faultField="temp.Update Contact from Snowflake/fault"
                            id="ku71fadt"
                            interrupting="true"
                            name="warning"/>
                  </events>
               </eventContainer>
               <end id="c"/>
            </flow>
            <dependencies>
               <processObject xmlns="http://schemas.active-endpoints.com/appmodules/screenflow/2011/06/avosHostEnvironment.xsd"
                              displayName="mt-SnowflakeML-SFContact"
                              isByCopy="true"
                              name="mt-SnowflakeML-SFContact">
                  <description/>
                  <tags/>
                  <detail>
                     <field label="TaskProperties Parameters"
                            name="taskProperties"
                            type="reference"/>
                     <field label="Output Parameters" name="output" type="reference"/>
                     <field label="Fault" name="fault" type="reference"/>
                  </detail>
               </processObject>
            </dependencies>
         </taskflow>
      </types1:Entry>
      <types1:GUID>48g4BSL2NagbNIBYyXOYCt</types1:GUID>
      <types1:DisplayName>Snowflake Predictive Analytics to Salesforce</types1:DisplayName>
   </types1:Item>
   <types1:CurrentServerDateTime>2022-05-17T19:43:56.465Z</types1:CurrentServerDateTime>
</aetgt:getResponse>
