<aetgt:getResponse xmlns:aetgt="http://schemas.active-endpoints.com/appmodules/repository/2010/10/avrepository.xsd"
                   xmlns:types1="http://schemas.active-endpoints.com/appmodules/repository/2010/10/avrepository.xsd">
   <types1:Item>
      <types1:EntryId>EqclNE6Eaaaaaaa-gt-89992572-2021-11-03T20:26:14.9Z::tf.xml</types1:EntryId>
      <types1:Name>stf_Salesforce_Outbound_Address</types1:Name>
      <types1:MimeType>application/xml+taskflow</types1:MimeType>
      <types1:Description/>
      <types1:AppliesTo/>
      <types1:Tags/>
      <types1:VersionLabel>1.0</types1:VersionLabel>
      <types1:State>CURRENT</types1:State>
      <types1:ProcessGroup/>
      <types1:CreatedBy>sreenivasa.rao@american-equity.com.SAML2</types1:CreatedBy>
      <types1:CreationDate>2021-11-03T20:26:15Z</types1:CreationDate>
      <types1:ModifiedBy/>
      <types1:PublicationStatus>published</types1:PublicationStatus>
      <types1:PublishedBy>anastasia.vogelaar@american-equity.com.SAML</types1:PublishedBy>
      <types1:PublicationDate>2022-02-09T19:55:34Z</types1:PublicationDate>
      <types1:PublishedContributionId>project:/tf.stf_Salesforce_Outbound_Address/stf_Salesforce_Outbound_Address.tf.xml</types1:PublishedContributionId>
      <types1:AutosaveExists>false</types1:AutosaveExists>
      <types1:Entry>
         <taskflow xmlns="http://schemas.active-endpoints.com/appmodules/screenflow/2010/10/avosScreenflow.xsd"
                   xmlns:tfm="http://schemas.active-endpoints.com/appmodules/screenflow/2021/04/taskflowModel.xsd"
                   xmlns:list="urn:activevos:spi:list:functions"
                   displayName="stf_Salesforce_Outbound_Address"
                   name="stf_Salesforce_Outbound_Address"
                   overrideAPIName="false">
            <parameterSet xmlns="http://schemas.active-endpoints.com/appmodules/screenflow/2021/04/taskflowModel.xsd"/>
            <appliesTo/>
            <description/>
            <tags/>
            <generator>Informatica Process Designer 11</generator>
            <tempFields>
               <field description="" name="AcctAddressStage" type="reference">
                  <options>
                     <option name="failOnNotRun">false</option>
                     <option name="failOnFault">false</option>
                     <option name="referenceTo">$po:mct-Salesforce-Account-Address</option>
                  </options>
               </field>
               <field description="" name="LoadAcctAddr" type="reference">
                  <options>
                     <option name="failOnNotRun">false</option>
                     <option name="failOnFault">false</option>
                     <option name="referenceTo">$po:mct-Salesforce-Outbound-To-Salesforce-Account-Address--c</option>
                  </options>
               </field>
               <field description="" name="TruncAcctAddr" type="reference">
                  <options>
                     <option name="failOnNotRun">false</option>
                     <option name="failOnFault">false</option>
                     <option name="referenceTo">$po:mct-Salesforce-Outbound-Account-Address-StageTruncate</option>
                  </options>
               </field>
               <field description="" name="StageTaxAgent" type="reference">
                  <options>
                     <option name="failOnNotRun">false</option>
                     <option name="failOnFault">false</option>
                     <option name="referenceTo">$po:mct-Salesforce-Agent-Tax-Documents</option>
                  </options>
               </field>
               <field description="" name="LoadAgentTax" type="reference">
                  <options>
                     <option name="failOnNotRun">false</option>
                     <option name="failOnFault">false</option>
                     <option name="referenceTo">$po:mct-Salesforce-Outbound-To-Salesforce-Agent-Tax-Document</option>
                  </options>
               </field>
               <field description="" name="TruncAgentTax" type="reference">
                  <options>
                     <option name="failOnNotRun">false</option>
                     <option name="failOnFault">false</option>
                     <option name="referenceTo">$po:mct-Salesforce-Agent-Tax-Documents-StageTruncate</option>
                  </options>
               </field>
               <field description="" name="StageProduAdd" type="reference">
                  <options>
                     <option name="failOnNotRun">false</option>
                     <option name="failOnFault">false</option>
                     <option name="referenceTo">$po:mct-Salesforce-Producer-Address</option>
                  </options>
               </field>
               <field description="" name="LoadProduAdd" type="reference">
                  <options>
                     <option name="failOnNotRun">false</option>
                     <option name="failOnFault">false</option>
                     <option name="referenceTo">$po:mct-Salesforce-Outbound-To-Salesforce-Producer-Address</option>
                  </options>
               </field>
               <field description="" name="TruncProduAdd" type="reference">
                  <options>
                     <option name="failOnNotRun">false</option>
                     <option name="failOnFault">false</option>
                     <option name="referenceTo">$po:mct-Salesforce-Outbound-Producer-Address-StageTruncate</option>
                  </options>
               </field>
            </tempFields>
            <notes/>
            <deployment suspendOnFault="false" tracingLevel="verbose">
               <rest/>
            </deployment>
            <flow id="a">
               <start id="b">
                  <link id="kuygwnnr" targetId="kuygwnnq"/>
               </start>
               <container id="kuygwnnq" type="parallel">
                  <title>Parallel Paths 1</title>
                  <flow id="kuygwno0">
                     <eventContainer id="kuygwnok">
                        <service id="kuygwnod">
                           <title>AcctAddressStage</title>
                           <serviceName>ICSExecuteDataTask</serviceName>
                           <serviceGUID/>
                           <serviceInput>
                              <parameter name="Wait for Task to Complete" source="constant" updatable="true">true</parameter>
                              <parameter name="Max Wait" source="constant" updatable="true">604800</parameter>
                              <parameter name="Task Name" source="constant" updatable="true">mct_Salesforce_Account_Address</parameter>
                              <parameter name="GUID" source="constant" updatable="true">11eUmgKgc3WdVCNi37Uxe3</parameter>
                              <parameter name="Task Type" source="constant" updatable="true">MCT</parameter>
                              <parameter name="Has Inout Parameters" source="constant" updatable="true">false</parameter>
                              <parameter name="taskField" source="nested">
                                 <operation source="field" to="mct-Salesforce-Account-Address">temp.AcctAddressStage</operation>
                              </parameter>
                           </serviceInput>
                           <serviceOutput>
                              <operation source="field" to="temp.AcctAddressStage/output/Object_Name">Object Name</operation>
                              <operation source="field" to="temp.AcctAddressStage/output/Run_Id">Run Id</operation>
                              <operation source="field" to="temp.AcctAddressStage/output/Log_Id">Log Id</operation>
                              <operation source="field" to="temp.AcctAddressStage/output/Task_Id">Task Id</operation>
                              <operation source="field" to="temp.AcctAddressStage/output/Task_Status">Task Status</operation>
                              <operation source="field" to="temp.AcctAddressStage/output/Success_Source_Rows">Success Source Rows</operation>
                              <operation source="field" to="temp.AcctAddressStage/output/Failed_Source_Rows">Failed Source Rows</operation>
                              <operation source="field" to="temp.AcctAddressStage/output/Success_Target_Rows">Success Target Rows</operation>
                              <operation source="field" to="temp.AcctAddressStage/output/Failed_Target_Rows">Failed Target Rows</operation>
                              <operation source="field" to="temp.AcctAddressStage/output/Start_Time">Start Time</operation>
                              <operation source="field" to="temp.AcctAddressStage/output/End_Time">End Time</operation>
                              <operation source="field" to="temp.AcctAddressStage/output/Error_Message">Error Message</operation>
                              <operation source="field" to="temp.AcctAddressStage/output/TotalTransErrors">Total Transformation Errors</operation>
                              <operation source="field" to="temp.AcctAddressStage/output/FirstErrorCode">First Error Code</operation>
                           </serviceOutput>
                        </service>
                        <flow id="kuygwnpt">
                           <container id="kuygwnq3" type="exclusive">
                              <title>Decision 1</title>
                              <flow id="kuygwnqj">
                                 <eventContainer id="kuygwnrs">
                                    <service id="kuygwnrd">
                                       <title>LoadAcctAddr</title>
                                       <serviceName>ICSExecuteDataTask</serviceName>
                                       <serviceGUID/>
                                       <serviceInput>
                                          <parameter name="Wait for Task to Complete" source="constant" updatable="true">true</parameter>
                                          <parameter name="Max Wait" source="constant" updatable="true">604800</parameter>
                                          <parameter name="Task Name" source="constant" updatable="true">mct_Salesforce_Outbound_To_Salesforce_Account_Address__c</parameter>
                                          <parameter name="GUID" source="constant" updatable="true">hhhWvidZAwVibM79ex0nKs</parameter>
                                          <parameter name="Task Type" source="constant" updatable="true">MCT</parameter>
                                          <parameter name="Has Inout Parameters" source="constant" updatable="true">false</parameter>
                                          <parameter name="taskField" source="nested">
                                             <operation source="field"
                                                        to="mct-Salesforce-Outbound-To-Salesforce-Account-Address--c">temp.LoadAcctAddr</operation>
                                          </parameter>
                                       </serviceInput>
                                       <serviceOutput>
                                          <operation source="field" to="temp.LoadAcctAddr/output/Object_Name">Object Name</operation>
                                          <operation source="field" to="temp.LoadAcctAddr/output/Run_Id">Run Id</operation>
                                          <operation source="field" to="temp.LoadAcctAddr/output/Log_Id">Log Id</operation>
                                          <operation source="field" to="temp.LoadAcctAddr/output/Task_Id">Task Id</operation>
                                          <operation source="field" to="temp.LoadAcctAddr/output/Task_Status">Task Status</operation>
                                          <operation source="field" to="temp.LoadAcctAddr/output/Success_Source_Rows">Success Source Rows</operation>
                                          <operation source="field" to="temp.LoadAcctAddr/output/Failed_Source_Rows">Failed Source Rows</operation>
                                          <operation source="field" to="temp.LoadAcctAddr/output/Success_Target_Rows">Success Target Rows</operation>
                                          <operation source="field" to="temp.LoadAcctAddr/output/Failed_Target_Rows">Failed Target Rows</operation>
                                          <operation source="field" to="temp.LoadAcctAddr/output/Start_Time">Start Time</operation>
                                          <operation source="field" to="temp.LoadAcctAddr/output/End_Time">End Time</operation>
                                          <operation source="field" to="temp.LoadAcctAddr/output/Error_Message">Error Message</operation>
                                          <operation source="field" to="temp.LoadAcctAddr/output/TotalTransErrors">Total Transformation Errors</operation>
                                          <operation source="field" to="temp.LoadAcctAddr/output/FirstErrorCode">First Error Code</operation>
                                       </serviceOutput>
                                    </service>
                                    <flow id="kuygwns7">
                                       <container id="kuygwnug" type="exclusive">
                                          <title>Decision 2</title>
                                          <flow id="kuygwnv4">
                                             <eventContainer id="kuygwnx1">
                                                <service id="kuygwnwe">
                                                   <title>TruncAcctAddr</title>
                                                   <serviceName>ICSExecuteDataTask</serviceName>
                                                   <serviceGUID/>
                                                   <serviceInput>
                                                      <parameter name="Wait for Task to Complete" source="constant" updatable="true">true</parameter>
                                                      <parameter name="Max Wait" source="constant" updatable="true">604800</parameter>
                                                      <parameter name="Task Name" source="constant" updatable="true">mct_Salesforce_Outbound_Account_Address_StageTruncate</parameter>
                                                      <parameter name="GUID" source="constant" updatable="true">4YJSc5YgKCniCGhPKJOvWL</parameter>
                                                      <parameter name="Task Type" source="constant" updatable="true">MCT</parameter>
                                                      <parameter name="Has Inout Parameters" source="constant" updatable="true">false</parameter>
                                                      <parameter name="taskField" source="nested">
                                                         <operation source="field"
                                                                    to="mct-Salesforce-Outbound-Account-Address-StageTruncate">temp.TruncAcctAddr</operation>
                                                      </parameter>
                                                   </serviceInput>
                                                   <serviceOutput>
                                                      <operation source="field" to="temp.TruncAcctAddr/output/Object_Name">Object Name</operation>
                                                      <operation source="field" to="temp.TruncAcctAddr/output/Run_Id">Run Id</operation>
                                                      <operation source="field" to="temp.TruncAcctAddr/output/Log_Id">Log Id</operation>
                                                      <operation source="field" to="temp.TruncAcctAddr/output/Task_Id">Task Id</operation>
                                                      <operation source="field" to="temp.TruncAcctAddr/output/Task_Status">Task Status</operation>
                                                      <operation source="field" to="temp.TruncAcctAddr/output/Success_Source_Rows">Success Source Rows</operation>
                                                      <operation source="field" to="temp.TruncAcctAddr/output/Failed_Source_Rows">Failed Source Rows</operation>
                                                      <operation source="field" to="temp.TruncAcctAddr/output/Success_Target_Rows">Success Target Rows</operation>
                                                      <operation source="field" to="temp.TruncAcctAddr/output/Failed_Target_Rows">Failed Target Rows</operation>
                                                      <operation source="field" to="temp.TruncAcctAddr/output/Start_Time">Start Time</operation>
                                                      <operation source="field" to="temp.TruncAcctAddr/output/End_Time">End Time</operation>
                                                      <operation source="field" to="temp.TruncAcctAddr/output/Error_Message">Error Message</operation>
                                                      <operation source="field" to="temp.TruncAcctAddr/output/TotalTransErrors">Total Transformation Errors</operation>
                                                      <operation source="field" to="temp.TruncAcctAddr/output/FirstErrorCode">First Error Code</operation>
                                                   </serviceOutput>
                                                </service>
                                                <flow id="kuygwnz6">
                                                   <link id="kuygwnz7" targetId="kuygwnx1" type="containerLink"/>
                                                </flow>
                                                <flow id="kuygwnz9">
                                                   <link id="kuygwnza" targetId="kuygwnx1" type="containerLink"/>
                                                </flow>
                                                <link id="kuygwnz5" targetId="kuygwnz6" type="containerLink"/>
                                                <events>
                                                   <catch faultField="temp.TruncAcctAddr/fault"
                                                          id="kuygwnwz"
                                                          interrupting="true"
                                                          name="error">
                                                      <link id="kuygwnz8" targetId="kuygwnz9" type="containerLink"/>
                                                   </catch>
                                                   <catch faultField="temp.TruncAcctAddr/fault"
                                                          id="kuygwnx0"
                                                          interrupting="true"
                                                          name="warning"/>
                                                </events>
                                             </eventContainer>
                                             <link id="kuygwnv5" targetId="kuygwnug" type="containerLink"/>
                                          </flow>
                                          <flow id="kuygwnv6">
                                             <link id="kuygwnv7" targetId="kuygwnug" type="containerLink"/>
                                          </flow>
                                          <link id="kuygwnux" targetId="kuygwnv4" type="containerLink">
                                             <condition source="formula">
                                                <function name="contains">
                                                   <arg name="left">{$temp.LoadAcctAddr[1]/output[1]/Task_Status}</arg>
                                                   <arg name="right">1</arg>
                                                </function>
                                             </condition>
                                          </link>
                                          <link id="kuygwnv0" targetId="kuygwnv6" type="containerLink"/>
                                       </container>
                                       <link id="kuygwns8" targetId="kuygwnrs" type="containerLink"/>
                                    </flow>
                                    <flow id="kuygwnsa">
                                       <link id="kuygwnsb" targetId="kuygwnrs" type="containerLink"/>
                                    </flow>
                                    <link id="kuygwns6" targetId="kuygwns7" type="containerLink"/>
                                    <events>
                                       <catch faultField="temp.LoadAcctAddr/fault"
                                              id="kuygwnrq"
                                              interrupting="true"
                                              name="error">
                                          <link id="kuygwns9" targetId="kuygwnsa" type="containerLink"/>
                                       </catch>
                                       <catch faultField="temp.LoadAcctAddr/fault"
                                              id="kuygwnrr"
                                              interrupting="true"
                                              name="warning"/>
                                    </events>
                                 </eventContainer>
                                 <link id="kuygwnqk" targetId="kuygwnq3" type="containerLink"/>
                              </flow>
                              <flow id="kuygwnql">
                                 <link id="kuygwnqm" targetId="kuygwnq3" type="containerLink"/>
                              </flow>
                              <link id="kuygwnqc" targetId="kuygwnqj" type="containerLink">
                                 <condition source="formula">
                                    <function name="contains">
                                       <arg name="left">{$temp.AcctAddressStage[1]/output[1]/Task_Status}</arg>
                                       <arg name="right">1</arg>
                                    </function>
                                 </condition>
                              </link>
                              <link id="kuygwnqf" targetId="kuygwnql" type="containerLink"/>
                           </container>
                           <link id="kuygwnpu" targetId="kuygwnok" type="containerLink"/>
                        </flow>
                        <flow id="kuygwnpw">
                           <link id="kuygwnpx" targetId="kuygwnok" type="containerLink"/>
                        </flow>
                        <link id="kuygwnps" targetId="kuygwnpt" type="containerLink"/>
                        <events>
                           <catch faultField="temp.AcctAddressStage/fault"
                                  id="kuygwnoi"
                                  interrupting="true"
                                  name="error">
                              <link id="kuygwnpv" targetId="kuygwnpw" type="containerLink"/>
                           </catch>
                           <catch faultField="temp.AcctAddressStage/fault"
                                  id="kuygwnoj"
                                  interrupting="true"
                                  name="warning"/>
                        </events>
                     </eventContainer>
                     <link id="kuygwno1" targetId="kuygwnnq" type="containerLink"/>
                  </flow>
                  <flow id="kuygwno2">
                     <eventContainer id="kuygwo3l">
                        <service id="kuygwo2t">
                           <title>StageTaxAgent</title>
                           <serviceName>ICSExecuteDataTask</serviceName>
                           <serviceGUID/>
                           <serviceInput>
                              <parameter name="Wait for Task to Complete" source="constant" updatable="true">true</parameter>
                              <parameter name="Max Wait" source="constant" updatable="true">604800</parameter>
                              <parameter name="Task Name" source="constant" updatable="true">mct_Salesforce_Agent_Tax_Documents</parameter>
                              <parameter name="GUID" source="constant" updatable="true">53p5ytheXSCh9ljh4EKeUg</parameter>
                              <parameter name="Task Type" source="constant" updatable="true">MCT</parameter>
                              <parameter name="Has Inout Parameters" source="constant" updatable="true">false</parameter>
                              <parameter name="taskField" source="nested">
                                 <operation source="field" to="mct-Salesforce-Agent-Tax-Documents">temp.StageTaxAgent</operation>
                              </parameter>
                           </serviceInput>
                           <serviceOutput>
                              <operation source="field" to="temp.StageTaxAgent/output/Object_Name">Object Name</operation>
                              <operation source="field" to="temp.StageTaxAgent/output/Run_Id">Run Id</operation>
                              <operation source="field" to="temp.StageTaxAgent/output/Log_Id">Log Id</operation>
                              <operation source="field" to="temp.StageTaxAgent/output/Task_Id">Task Id</operation>
                              <operation source="field" to="temp.StageTaxAgent/output/Task_Status">Task Status</operation>
                              <operation source="field" to="temp.StageTaxAgent/output/Success_Source_Rows">Success Source Rows</operation>
                              <operation source="field" to="temp.StageTaxAgent/output/Failed_Source_Rows">Failed Source Rows</operation>
                              <operation source="field" to="temp.StageTaxAgent/output/Success_Target_Rows">Success Target Rows</operation>
                              <operation source="field" to="temp.StageTaxAgent/output/Failed_Target_Rows">Failed Target Rows</operation>
                              <operation source="field" to="temp.StageTaxAgent/output/Start_Time">Start Time</operation>
                              <operation source="field" to="temp.StageTaxAgent/output/End_Time">End Time</operation>
                              <operation source="field" to="temp.StageTaxAgent/output/Error_Message">Error Message</operation>
                              <operation source="field" to="temp.StageTaxAgent/output/TotalTransErrors">Total Transformation Errors</operation>
                              <operation source="field" to="temp.StageTaxAgent/output/FirstErrorCode">First Error Code</operation>
                           </serviceOutput>
                        </service>
                        <flow id="kuygwo6m">
                           <container id="kuygwo76" type="exclusive">
                              <title>Decision 3</title>
                              <flow id="kuygwo86">
                                 <eventContainer id="kuygwob3">
                                    <service id="kuygwoa4">
                                       <title>LoadAgentTax</title>
                                       <serviceName>ICSExecuteDataTask</serviceName>
                                       <serviceGUID/>
                                       <serviceInput>
                                          <parameter name="Wait for Task to Complete" source="constant" updatable="true">true</parameter>
                                          <parameter name="Max Wait" source="constant" updatable="true">604800</parameter>
                                          <parameter name="Task Name" source="constant" updatable="true">mct_Salesforce_Outbound_To_Salesforce_Agent_Tax_Document</parameter>
                                          <parameter name="GUID" source="constant" updatable="true">8hsqxhtPVesfja3AidkhEs</parameter>
                                          <parameter name="Task Type" source="constant" updatable="true">MCT</parameter>
                                          <parameter name="Has Inout Parameters" source="constant" updatable="true">false</parameter>
                                          <parameter name="taskField" source="nested">
                                             <operation source="field"
                                                        to="mct-Salesforce-Outbound-To-Salesforce-Agent-Tax-Document">temp.LoadAgentTax</operation>
                                          </parameter>
                                       </serviceInput>
                                       <serviceOutput>
                                          <operation source="field" to="temp.LoadAgentTax/output/Object_Name">Object Name</operation>
                                          <operation source="field" to="temp.LoadAgentTax/output/Run_Id">Run Id</operation>
                                          <operation source="field" to="temp.LoadAgentTax/output/Log_Id">Log Id</operation>
                                          <operation source="field" to="temp.LoadAgentTax/output/Task_Id">Task Id</operation>
                                          <operation source="field" to="temp.LoadAgentTax/output/Task_Status">Task Status</operation>
                                          <operation source="field" to="temp.LoadAgentTax/output/Success_Source_Rows">Success Source Rows</operation>
                                          <operation source="field" to="temp.LoadAgentTax/output/Failed_Source_Rows">Failed Source Rows</operation>
                                          <operation source="field" to="temp.LoadAgentTax/output/Success_Target_Rows">Success Target Rows</operation>
                                          <operation source="field" to="temp.LoadAgentTax/output/Failed_Target_Rows">Failed Target Rows</operation>
                                          <operation source="field" to="temp.LoadAgentTax/output/Start_Time">Start Time</operation>
                                          <operation source="field" to="temp.LoadAgentTax/output/End_Time">End Time</operation>
                                          <operation source="field" to="temp.LoadAgentTax/output/Error_Message">Error Message</operation>
                                          <operation source="field" to="temp.LoadAgentTax/output/TotalTransErrors">Total Transformation Errors</operation>
                                          <operation source="field" to="temp.LoadAgentTax/output/FirstErrorCode">First Error Code</operation>
                                       </serviceOutput>
                                    </service>
                                    <flow id="kuygwoc2">
                                       <container id="kuygwoeo" type="exclusive">
                                          <title>Decision 4</title>
                                          <flow id="kuygwofw">
                                             <eventContainer id="kuygwolk">
                                                <service id="kuygwoia">
                                                   <title>TruncAgentTax</title>
                                                   <serviceName>ICSExecuteDataTask</serviceName>
                                                   <serviceGUID/>
                                                   <serviceInput>
                                                      <parameter name="Wait for Task to Complete" source="constant" updatable="true">true</parameter>
                                                      <parameter name="Max Wait" source="constant" updatable="true">604800</parameter>
                                                      <parameter name="Task Name" source="constant" updatable="true">mct_Salesforce_Agent_Tax_Documents_StageTruncate</parameter>
                                                      <parameter name="GUID" source="constant" updatable="true">52FB1FhSBoykRWpCh2KNIJ</parameter>
                                                      <parameter name="Task Type" source="constant" updatable="true">MCT</parameter>
                                                      <parameter name="Has Inout Parameters" source="constant" updatable="true">false</parameter>
                                                      <parameter name="taskField" source="nested">
                                                         <operation source="field" to="mct-Salesforce-Agent-Tax-Documents-StageTruncate">temp.TruncAgentTax</operation>
                                                      </parameter>
                                                   </serviceInput>
                                                   <serviceOutput>
                                                      <operation source="field" to="temp.TruncAgentTax/output/Object_Name">Object Name</operation>
                                                      <operation source="field" to="temp.TruncAgentTax/output/Run_Id">Run Id</operation>
                                                      <operation source="field" to="temp.TruncAgentTax/output/Log_Id">Log Id</operation>
                                                      <operation source="field" to="temp.TruncAgentTax/output/Task_Id">Task Id</operation>
                                                      <operation source="field" to="temp.TruncAgentTax/output/Task_Status">Task Status</operation>
                                                      <operation source="field" to="temp.TruncAgentTax/output/Success_Source_Rows">Success Source Rows</operation>
                                                      <operation source="field" to="temp.TruncAgentTax/output/Failed_Source_Rows">Failed Source Rows</operation>
                                                      <operation source="field" to="temp.TruncAgentTax/output/Success_Target_Rows">Success Target Rows</operation>
                                                      <operation source="field" to="temp.TruncAgentTax/output/Failed_Target_Rows">Failed Target Rows</operation>
                                                      <operation source="field" to="temp.TruncAgentTax/output/Start_Time">Start Time</operation>
                                                      <operation source="field" to="temp.TruncAgentTax/output/End_Time">End Time</operation>
                                                      <operation source="field" to="temp.TruncAgentTax/output/Error_Message">Error Message</operation>
                                                      <operation source="field" to="temp.TruncAgentTax/output/TotalTransErrors">Total Transformation Errors</operation>
                                                      <operation source="field" to="temp.TruncAgentTax/output/FirstErrorCode">First Error Code</operation>
                                                   </serviceOutput>
                                                </service>
                                                <flow id="kuygwomr">
                                                   <link id="kuygwoms" targetId="kuygwolk" type="containerLink"/>
                                                </flow>
                                                <flow id="kuygwomu">
                                                   <link id="kuygwomv" targetId="kuygwolk" type="containerLink"/>
                                                </flow>
                                                <link id="kuygwomq" targetId="kuygwomr" type="containerLink"/>
                                                <events>
                                                   <catch faultField="temp.TruncAgentTax/fault"
                                                          id="kuygwoli"
                                                          interrupting="true"
                                                          name="error">
                                                      <link id="kuygwomt" targetId="kuygwomu" type="containerLink"/>
                                                   </catch>
                                                   <catch faultField="temp.TruncAgentTax/fault"
                                                          id="kuygwolj"
                                                          interrupting="true"
                                                          name="warning"/>
                                                </events>
                                             </eventContainer>
                                             <link id="kuygwofx" targetId="kuygwoeo" type="containerLink"/>
                                          </flow>
                                          <flow id="kuygwofy">
                                             <link id="kuygwofz" targetId="kuygwoeo" type="containerLink"/>
                                          </flow>
                                          <link id="kuygwofp" targetId="kuygwofw" type="containerLink">
                                             <condition source="formula">
                                                <function name="contains">
                                                   <arg name="left">{$temp.LoadAgentTax[1]/output[1]/Task_Status}</arg>
                                                   <arg name="right">1</arg>
                                                </function>
                                             </condition>
                                          </link>
                                          <link id="kuygwofs" targetId="kuygwofy" type="containerLink"/>
                                       </container>
                                       <link id="kuygwoc3" targetId="kuygwob3" type="containerLink"/>
                                    </flow>
                                    <flow id="kuygwoc5">
                                       <link id="kuygwoc6" targetId="kuygwob3" type="containerLink"/>
                                    </flow>
                                    <link id="kuygwoc1" targetId="kuygwoc2" type="containerLink"/>
                                    <events>
                                       <catch faultField="temp.LoadAgentTax/fault"
                                              id="kuygwob1"
                                              interrupting="true"
                                              name="error">
                                          <link id="kuygwoc4" targetId="kuygwoc5" type="containerLink"/>
                                       </catch>
                                       <catch faultField="temp.LoadAgentTax/fault"
                                              id="kuygwob2"
                                              interrupting="true"
                                              name="warning"/>
                                    </events>
                                 </eventContainer>
                                 <link id="kuygwo87" targetId="kuygwo76" type="containerLink"/>
                              </flow>
                              <flow id="kuygwo88">
                                 <link id="kuygwo89" targetId="kuygwo76" type="containerLink"/>
                              </flow>
                              <link id="kuygwo7z" targetId="kuygwo86" type="containerLink">
                                 <condition source="formula">
                                    <function name="contains">
                                       <arg name="left">{$temp.StageTaxAgent[1]/output[1]/Task_Status}</arg>
                                       <arg name="right">1</arg>
                                    </function>
                                 </condition>
                              </link>
                              <link id="kuygwo82" targetId="kuygwo88" type="containerLink"/>
                           </container>
                           <link id="kuygwo6n" targetId="kuygwo3l" type="containerLink"/>
                        </flow>
                        <flow id="kuygwo6p">
                           <link id="kuygwo6q" targetId="kuygwo3l" type="containerLink"/>
                        </flow>
                        <link id="kuygwo6l" targetId="kuygwo6m" type="containerLink"/>
                        <events>
                           <catch faultField="temp.StageTaxAgent/fault"
                                  id="kuygwo3j"
                                  interrupting="true"
                                  name="error">
                              <link id="kuygwo6o" targetId="kuygwo6p" type="containerLink"/>
                           </catch>
                           <catch faultField="temp.StageTaxAgent/fault"
                                  id="kuygwo3k"
                                  interrupting="true"
                                  name="warning"/>
                        </events>
                     </eventContainer>
                     <link id="kuygwno3" targetId="kuygwnnq" type="containerLink"/>
                  </flow>
                  <flow id="kuym1d43">
                     <eventContainer id="kuym1d66">
                        <service id="kuym1d4t">
                           <title>StageProduAdd</title>
                           <serviceName>ICSExecuteDataTask</serviceName>
                           <serviceGUID/>
                           <serviceInput>
                              <parameter name="Wait for Task to Complete" source="constant" updatable="true">true</parameter>
                              <parameter name="Max Wait" source="constant" updatable="true">604800</parameter>
                              <parameter name="Task Name" source="constant" updatable="true">mct_Salesforce_Producer_Address</parameter>
                              <parameter name="GUID" source="constant" updatable="true">lvsA9151XaDdcF0aNASFoR</parameter>
                              <parameter name="Task Type" source="constant" updatable="true">MCT</parameter>
                              <parameter name="Has Inout Parameters" source="constant" updatable="true">false</parameter>
                              <parameter name="taskField" source="nested">
                                 <operation source="field" to="mct-Salesforce-Producer-Address">temp.StageProduAdd</operation>
                              </parameter>
                           </serviceInput>
                           <serviceOutput>
                              <operation source="field" to="temp.StageProduAdd/output/Object_Name">Object Name</operation>
                              <operation source="field" to="temp.StageProduAdd/output/Run_Id">Run Id</operation>
                              <operation source="field" to="temp.StageProduAdd/output/Log_Id">Log Id</operation>
                              <operation source="field" to="temp.StageProduAdd/output/Task_Id">Task Id</operation>
                              <operation source="field" to="temp.StageProduAdd/output/Task_Status">Task Status</operation>
                              <operation source="field" to="temp.StageProduAdd/output/Success_Source_Rows">Success Source Rows</operation>
                              <operation source="field" to="temp.StageProduAdd/output/Failed_Source_Rows">Failed Source Rows</operation>
                              <operation source="field" to="temp.StageProduAdd/output/Success_Target_Rows">Success Target Rows</operation>
                              <operation source="field" to="temp.StageProduAdd/output/Failed_Target_Rows">Failed Target Rows</operation>
                              <operation source="field" to="temp.StageProduAdd/output/Start_Time">Start Time</operation>
                              <operation source="field" to="temp.StageProduAdd/output/End_Time">End Time</operation>
                              <operation source="field" to="temp.StageProduAdd/output/Error_Message">Error Message</operation>
                              <operation source="field" to="temp.StageProduAdd/output/TotalTransErrors">Total Transformation Errors</operation>
                              <operation source="field" to="temp.StageProduAdd/output/FirstErrorCode">First Error Code</operation>
                           </serviceOutput>
                        </service>
                        <flow id="kuym1d9r">
                           <container id="kuym1dam" type="exclusive">
                              <title>Decision 5</title>
                              <flow id="kuym1dc8">
                                 <eventContainer id="kuym1dhq">
                                    <service id="kuym1dg5">
                                       <title>LoadProduAdd</title>
                                       <serviceName>ICSExecuteDataTask</serviceName>
                                       <serviceGUID/>
                                       <serviceInput>
                                          <parameter name="Wait for Task to Complete" source="constant" updatable="true">true</parameter>
                                          <parameter name="Max Wait" source="constant" updatable="true">604800</parameter>
                                          <parameter name="Task Name" source="constant" updatable="true">mct_Salesforce_Outbound_To_Salesforce_Producer_Address</parameter>
                                          <parameter name="GUID" source="constant" updatable="true">fyoF0E9gYu1h5iRWeISmE2</parameter>
                                          <parameter name="Task Type" source="constant" updatable="true">MCT</parameter>
                                          <parameter name="Has Inout Parameters" source="constant" updatable="true">false</parameter>
                                          <parameter name="taskField" source="nested">
                                             <operation source="field"
                                                        to="mct-Salesforce-Outbound-To-Salesforce-Producer-Address">temp.LoadProduAdd</operation>
                                          </parameter>
                                       </serviceInput>
                                       <serviceOutput>
                                          <operation source="field" to="temp.LoadProduAdd/output/Object_Name">Object Name</operation>
                                          <operation source="field" to="temp.LoadProduAdd/output/Run_Id">Run Id</operation>
                                          <operation source="field" to="temp.LoadProduAdd/output/Log_Id">Log Id</operation>
                                          <operation source="field" to="temp.LoadProduAdd/output/Task_Id">Task Id</operation>
                                          <operation source="field" to="temp.LoadProduAdd/output/Task_Status">Task Status</operation>
                                          <operation source="field" to="temp.LoadProduAdd/output/Success_Source_Rows">Success Source Rows</operation>
                                          <operation source="field" to="temp.LoadProduAdd/output/Failed_Source_Rows">Failed Source Rows</operation>
                                          <operation source="field" to="temp.LoadProduAdd/output/Success_Target_Rows">Success Target Rows</operation>
                                          <operation source="field" to="temp.LoadProduAdd/output/Failed_Target_Rows">Failed Target Rows</operation>
                                          <operation source="field" to="temp.LoadProduAdd/output/Start_Time">Start Time</operation>
                                          <operation source="field" to="temp.LoadProduAdd/output/End_Time">End Time</operation>
                                          <operation source="field" to="temp.LoadProduAdd/output/Error_Message">Error Message</operation>
                                          <operation source="field" to="temp.LoadProduAdd/output/TotalTransErrors">Total Transformation Errors</operation>
                                          <operation source="field" to="temp.LoadProduAdd/output/FirstErrorCode">First Error Code</operation>
                                       </serviceOutput>
                                    </service>
                                    <flow id="kuym1djb">
                                       <container id="kuym1dmu" type="exclusive">
                                          <title>Decision 6</title>
                                          <flow id="kuym1doo">
                                             <eventContainer id="kuym1du3">
                                                <service id="kuym1dsa">
                                                   <title>TruncProduAdd</title>
                                                   <serviceName>ICSExecuteDataTask</serviceName>
                                                   <serviceGUID/>
                                                   <serviceInput>
                                                      <parameter name="Wait for Task to Complete" source="constant" updatable="true">true</parameter>
                                                      <parameter name="Max Wait" source="constant" updatable="true">604800</parameter>
                                                      <parameter name="Task Name" source="constant" updatable="true">mct_Salesforce_Outbound_Producer_Address_StageTruncate</parameter>
                                                      <parameter name="GUID" source="constant" updatable="true">3gmBzwN50Xyegtw4VF1hSV</parameter>
                                                      <parameter name="Task Type" source="constant" updatable="true">MCT</parameter>
                                                      <parameter name="Has Inout Parameters" source="constant" updatable="true">false</parameter>
                                                      <parameter name="taskField" source="nested">
                                                         <operation source="field"
                                                                    to="mct-Salesforce-Outbound-Producer-Address-StageTruncate">temp.TruncProduAdd</operation>
                                                      </parameter>
                                                   </serviceInput>
                                                   <serviceOutput>
                                                      <operation source="field" to="temp.TruncProduAdd/output/Object_Name">Object Name</operation>
                                                      <operation source="field" to="temp.TruncProduAdd/output/Run_Id">Run Id</operation>
                                                      <operation source="field" to="temp.TruncProduAdd/output/Log_Id">Log Id</operation>
                                                      <operation source="field" to="temp.TruncProduAdd/output/Task_Id">Task Id</operation>
                                                      <operation source="field" to="temp.TruncProduAdd/output/Task_Status">Task Status</operation>
                                                      <operation source="field" to="temp.TruncProduAdd/output/Success_Source_Rows">Success Source Rows</operation>
                                                      <operation source="field" to="temp.TruncProduAdd/output/Failed_Source_Rows">Failed Source Rows</operation>
                                                      <operation source="field" to="temp.TruncProduAdd/output/Success_Target_Rows">Success Target Rows</operation>
                                                      <operation source="field" to="temp.TruncProduAdd/output/Failed_Target_Rows">Failed Target Rows</operation>
                                                      <operation source="field" to="temp.TruncProduAdd/output/Start_Time">Start Time</operation>
                                                      <operation source="field" to="temp.TruncProduAdd/output/End_Time">End Time</operation>
                                                      <operation source="field" to="temp.TruncProduAdd/output/Error_Message">Error Message</operation>
                                                      <operation source="field" to="temp.TruncProduAdd/output/TotalTransErrors">Total Transformation Errors</operation>
                                                      <operation source="field" to="temp.TruncProduAdd/output/FirstErrorCode">First Error Code</operation>
                                                   </serviceOutput>
                                                </service>
                                                <flow id="kuym1dyk">
                                                   <link id="kuym1dyl" targetId="kuym1du3" type="containerLink"/>
                                                </flow>
                                                <flow id="kuym1dyn">
                                                   <link id="kuym1dyo" targetId="kuym1du3" type="containerLink"/>
                                                </flow>
                                                <link id="kuym1dyj" targetId="kuym1dyk" type="containerLink"/>
                                                <events>
                                                   <catch faultField="temp.TruncProduAdd/fault"
                                                          id="kuym1du1"
                                                          interrupting="true"
                                                          name="error">
                                                      <link id="kuym1dym" targetId="kuym1dyn" type="containerLink"/>
                                                   </catch>
                                                   <catch faultField="temp.TruncProduAdd/fault"
                                                          id="kuym1du2"
                                                          interrupting="true"
                                                          name="warning"/>
                                                </events>
                                             </eventContainer>
                                             <link id="kuym1dop" targetId="kuym1dmu" type="containerLink"/>
                                          </flow>
                                          <flow id="kuym1doq">
                                             <link id="kuym1dor" targetId="kuym1dmu" type="containerLink"/>
                                          </flow>
                                          <link id="kuym1doh" targetId="kuym1doo" type="containerLink">
                                             <condition source="formula">
                                                <function name="contains">
                                                   <arg name="left">{$temp.LoadProduAdd[1]/output[1]/Task_Status}</arg>
                                                   <arg name="right">1</arg>
                                                </function>
                                             </condition>
                                          </link>
                                          <link id="kuym1dok" targetId="kuym1doq" type="containerLink"/>
                                       </container>
                                       <link id="kuym1djc" targetId="kuym1dhq" type="containerLink"/>
                                    </flow>
                                    <flow id="kuym1dje">
                                       <link id="kuym1djf" targetId="kuym1dhq" type="containerLink"/>
                                    </flow>
                                    <link id="kuym1dja" targetId="kuym1djb" type="containerLink"/>
                                    <events>
                                       <catch faultField="temp.LoadProduAdd/fault"
                                              id="kuym1dho"
                                              interrupting="true"
                                              name="error">
                                          <link id="kuym1djd" targetId="kuym1dje" type="containerLink"/>
                                       </catch>
                                       <catch faultField="temp.LoadProduAdd/fault"
                                              id="kuym1dhp"
                                              interrupting="true"
                                              name="warning"/>
                                    </events>
                                 </eventContainer>
                                 <link id="kuym1dc9" targetId="kuym1dam" type="containerLink"/>
                              </flow>
                              <flow id="kuym1dca">
                                 <link id="kuym1dcb" targetId="kuym1dam" type="containerLink"/>
                              </flow>
                              <link id="kuym1dc1" targetId="kuym1dc8" type="containerLink">
                                 <condition source="formula">
                                    <function name="contains">
                                       <arg name="left">{$temp.StageProduAdd[1]/output[1]/Task_Status}</arg>
                                       <arg name="right">1</arg>
                                    </function>
                                 </condition>
                              </link>
                              <link id="kuym1dc4" targetId="kuym1dca" type="containerLink"/>
                           </container>
                           <link id="kuym1d9s" targetId="kuym1d66" type="containerLink"/>
                        </flow>
                        <flow id="kuym1d9u">
                           <link id="kuym1d9v" targetId="kuym1d66" type="containerLink"/>
                        </flow>
                        <link id="kuym1d9q" targetId="kuym1d9r" type="containerLink"/>
                        <events>
                           <catch faultField="temp.StageProduAdd/fault"
                                  id="kuym1d64"
                                  interrupting="true"
                                  name="error">
                              <link id="kuym1d9t" targetId="kuym1d9u" type="containerLink"/>
                           </catch>
                           <catch faultField="temp.StageProduAdd/fault"
                                  id="kuym1d65"
                                  interrupting="true"
                                  name="warning"/>
                        </events>
                     </eventContainer>
                     <link id="kuym1d44" targetId="kuygwnnq" type="containerLink"/>
                  </flow>
                  <link id="kuygwnnt" targetId="kuygwno0" type="containerLink"/>
                  <link id="kuygwnnw" targetId="kuygwno2" type="containerLink"/>
                  <link id="kuym1d42" targetId="kuym1d43" type="containerLink"/>
                  <link id="kuygwnns" targetId="c"/>
               </container>
               <end id="c"/>
            </flow>
            <dependencies>
               <processObject xmlns="http://schemas.active-endpoints.com/appmodules/screenflow/2011/06/avosHostEnvironment.xsd"
                              displayName="mct-Salesforce-Account-Address"
                              isByCopy="true"
                              name="mct-Salesforce-Account-Address">
                  <description/>
                  <tags/>
                  <detail>
                     <field label="TaskProperties Parameters"
                            name="taskProperties"
                            nullable="true"
                            required="false"
                            type="reference"/>
                     <field label="Output Parameters"
                            name="output"
                            nullable="true"
                            required="false"
                            type="reference"/>
                     <field label="Fault"
                            name="fault"
                            nullable="true"
                            required="false"
                            type="reference"/>
                  </detail>
               </processObject>
               <processObject xmlns="http://schemas.active-endpoints.com/appmodules/screenflow/2011/06/avosHostEnvironment.xsd"
                              displayName="mct-Salesforce-Outbound-To-Salesforce-Account-Address--c"
                              isByCopy="true"
                              name="mct-Salesforce-Outbound-To-Salesforce-Account-Address--c">
                  <description/>
                  <tags/>
                  <detail>
                     <field label="TaskProperties Parameters"
                            name="taskProperties"
                            nullable="true"
                            required="false"
                            type="reference"/>
                     <field label="Output Parameters"
                            name="output"
                            nullable="true"
                            required="false"
                            type="reference"/>
                     <field label="Fault"
                            name="fault"
                            nullable="true"
                            required="false"
                            type="reference"/>
                  </detail>
               </processObject>
               <processObject xmlns="http://schemas.active-endpoints.com/appmodules/screenflow/2011/06/avosHostEnvironment.xsd"
                              displayName="mct-Salesforce-Outbound-Account-Address-StageTruncate"
                              isByCopy="true"
                              name="mct-Salesforce-Outbound-Account-Address-StageTruncate">
                  <description/>
                  <tags/>
                  <detail>
                     <field label="TaskProperties Parameters"
                            name="taskProperties"
                            nullable="true"
                            required="false"
                            type="reference"/>
                     <field label="Output Parameters"
                            name="output"
                            nullable="true"
                            required="false"
                            type="reference"/>
                     <field label="Fault"
                            name="fault"
                            nullable="true"
                            required="false"
                            type="reference"/>
                  </detail>
               </processObject>
               <processObject xmlns="http://schemas.active-endpoints.com/appmodules/screenflow/2011/06/avosHostEnvironment.xsd"
                              displayName="mct-Salesforce-Agent-Tax-Documents"
                              isByCopy="true"
                              name="mct-Salesforce-Agent-Tax-Documents">
                  <description/>
                  <tags/>
                  <detail>
                     <field label="TaskProperties Parameters"
                            name="taskProperties"
                            nullable="true"
                            required="false"
                            type="reference"/>
                     <field label="Output Parameters"
                            name="output"
                            nullable="true"
                            required="false"
                            type="reference"/>
                     <field label="Fault"
                            name="fault"
                            nullable="true"
                            required="false"
                            type="reference"/>
                  </detail>
               </processObject>
               <processObject xmlns="http://schemas.active-endpoints.com/appmodules/screenflow/2011/06/avosHostEnvironment.xsd"
                              displayName="mct-Salesforce-Outbound-To-Salesforce-Agent-Tax-Document"
                              isByCopy="true"
                              name="mct-Salesforce-Outbound-To-Salesforce-Agent-Tax-Document">
                  <description/>
                  <tags/>
                  <detail>
                     <field label="TaskProperties Parameters"
                            name="taskProperties"
                            nullable="true"
                            required="false"
                            type="reference"/>
                     <field label="Output Parameters"
                            name="output"
                            nullable="true"
                            required="false"
                            type="reference"/>
                     <field label="Fault"
                            name="fault"
                            nullable="true"
                            required="false"
                            type="reference"/>
                  </detail>
               </processObject>
               <processObject xmlns="http://schemas.active-endpoints.com/appmodules/screenflow/2011/06/avosHostEnvironment.xsd"
                              displayName="mct-Salesforce-Agent-Tax-Documents-StageTruncate"
                              isByCopy="true"
                              name="mct-Salesforce-Agent-Tax-Documents-StageTruncate">
                  <description/>
                  <tags/>
                  <detail>
                     <field label="TaskProperties Parameters"
                            name="taskProperties"
                            nullable="true"
                            required="false"
                            type="reference"/>
                     <field label="Output Parameters"
                            name="output"
                            nullable="true"
                            required="false"
                            type="reference"/>
                     <field label="Fault"
                            name="fault"
                            nullable="true"
                            required="false"
                            type="reference"/>
                  </detail>
               </processObject>
               <processObject xmlns="http://schemas.active-endpoints.com/appmodules/screenflow/2011/06/avosHostEnvironment.xsd"
                              displayName="mct-Salesforce-Producer-Address"
                              isByCopy="true"
                              name="mct-Salesforce-Producer-Address">
                  <description/>
                  <tags/>
                  <detail>
                     <field label="TaskProperties Parameters"
                            name="taskProperties"
                            nullable="true"
                            required="false"
                            type="reference"/>
                     <field label="Output Parameters"
                            name="output"
                            nullable="true"
                            required="false"
                            type="reference"/>
                     <field label="Fault"
                            name="fault"
                            nullable="true"
                            required="false"
                            type="reference"/>
                  </detail>
               </processObject>
               <processObject xmlns="http://schemas.active-endpoints.com/appmodules/screenflow/2011/06/avosHostEnvironment.xsd"
                              displayName="mct-Salesforce-Outbound-To-Salesforce-Producer-Address"
                              isByCopy="true"
                              name="mct-Salesforce-Outbound-To-Salesforce-Producer-Address">
                  <description/>
                  <tags/>
                  <detail>
                     <field label="TaskProperties Parameters"
                            name="taskProperties"
                            nullable="true"
                            required="false"
                            type="reference"/>
                     <field label="Output Parameters"
                            name="output"
                            nullable="true"
                            required="false"
                            type="reference"/>
                     <field label="Fault"
                            name="fault"
                            nullable="true"
                            required="false"
                            type="reference"/>
                  </detail>
               </processObject>
               <processObject xmlns="http://schemas.active-endpoints.com/appmodules/screenflow/2011/06/avosHostEnvironment.xsd"
                              displayName="mct-Salesforce-Outbound-Producer-Address-StageTruncate"
                              isByCopy="true"
                              name="mct-Salesforce-Outbound-Producer-Address-StageTruncate">
                  <description/>
                  <tags/>
                  <detail>
                     <field label="TaskProperties Parameters"
                            name="taskProperties"
                            nullable="true"
                            required="false"
                            type="reference"/>
                     <field label="Output Parameters"
                            name="output"
                            nullable="true"
                            required="false"
                            type="reference"/>
                     <field label="Fault"
                            name="fault"
                            nullable="true"
                            required="false"
                            type="reference"/>
                  </detail>
               </processObject>
            </dependencies>
         </taskflow>
      </types1:Entry>
      <types1:GUID>a0ZhocI53WpfFvKIsoKr0N</types1:GUID>
      <types1:DisplayName>stf_Salesforce_Outbound_Address</types1:DisplayName>
   </types1:Item>
   <types1:CurrentServerDateTime>2022-05-17T19:43:56.124Z</types1:CurrentServerDateTime>
</aetgt:getResponse>
