<aetgt:getResponse xmlns:aetgt="http://schemas.active-endpoints.com/appmodules/repository/2010/10/avrepository.xsd"
                   xmlns:types1="http://schemas.active-endpoints.com/appmodules/repository/2010/10/avrepository.xsd">
   <types1:Item>
      <types1:EntryId>7QnG5YLnzYLnzYL-gt-53232254-2021-09-09T17:17:11.94Z::tf.xml</types1:EntryId>
      <types1:Name>stf_Salesforce_Outbound_Contact</types1:Name>
      <types1:MimeType>application/xml+taskflow</types1:MimeType>
      <types1:Description/>
      <types1:AppliesTo/>
      <types1:Tags/>
      <types1:VersionLabel>1.0</types1:VersionLabel>
      <types1:State>CURRENT</types1:State>
      <types1:ProcessGroup/>
      <types1:CreatedBy>sreenivasa.rao</types1:CreatedBy>
      <types1:CreationDate>2021-09-09T17:17:12Z</types1:CreationDate>
      <types1:ModifiedBy/>
      <types1:PublicationStatus>published</types1:PublicationStatus>
      <types1:PublishedBy>anastasia.vogelaar@american-equity.com.SAML</types1:PublishedBy>
      <types1:PublicationDate>2021-12-28T23:19:33Z</types1:PublicationDate>
      <types1:PublishedContributionId>project:/tf.stf_Salesforce_Outbound_Contact/stf_Salesforce_Outbound_Contact.tf.xml</types1:PublishedContributionId>
      <types1:AutosaveExists>false</types1:AutosaveExists>
      <types1:Entry>
         <taskflow xmlns="http://schemas.active-endpoints.com/appmodules/screenflow/2010/10/avosScreenflow.xsd"
                   xmlns:tfm="http://schemas.active-endpoints.com/appmodules/screenflow/2021/04/taskflowModel.xsd"
                   xmlns:list="urn:activevos:spi:list:functions"
                   displayName="stf_Salesforce_Outbound_Contact"
                   name="stf_Salesforce_Outbound_Contact"
                   overrideAPIName="false">
            <parameterSet xmlns="http://schemas.active-endpoints.com/appmodules/screenflow/2021/04/taskflowModel.xsd"/>
            <appliesTo/>
            <description/>
            <tags/>
            <generator>Informatica Process Designer 11</generator>
            <tempFields>
               <field description="" name="Stage Advisor Contact" type="reference">
                  <options>
                     <option name="failOnNotRun">false</option>
                     <option name="failOnFault">false</option>
                     <option name="referenceTo">$po:mct-Salesforce-Advisor-Contact</option>
                  </options>
               </field>
               <field description="" name="Contact" type="reference">
                  <options>
                     <option name="referenceTo">$po:mct-Salesforce-Outbound-To-Salesforce-Advisor-Contact</option>
                     <option name="failOnNotRun">false</option>
                     <option name="failOnFault">false</option>
                  </options>
               </field>
               <field description="" name="Stage Advisor Truncate" type="reference">
                  <options>
                     <option name="referenceTo">$po:mct-Salesforce-Outbound-Advisor-Contact-StageTruncate</option>
                     <option name="failOnNotRun">false</option>
                     <option name="failOnFault">false</option>
                  </options>
               </field>
            </tempFields>
            <notes/>
            <deployment suspendOnFault="false" tracingLevel="verbose">
               <rest/>
            </deployment>
            <flow id="a">
               <start id="b">
                  <link id="kqifr9vf" targetId="kqifr9vj"/>
               </start>
               <eventContainer id="kqifr9vj">
                  <service id="kqifr9ve">
                     <title>Stage Advisor Contact</title>
                     <serviceName>ICSExecuteDataTask</serviceName>
                     <serviceGUID/>
                     <serviceInput>
                        <parameter name="Wait for Task to Complete" source="constant" updatable="true">true</parameter>
                        <parameter name="Max Wait" source="constant" updatable="true">604800</parameter>
                        <parameter name="Task Name" source="constant" updatable="true">mct_Salesforce_Advisor_Contact</parameter>
                        <parameter name="GUID" source="constant" updatable="true">66pEm2GZIp8igRRVvMT80a</parameter>
                        <parameter name="Task Type" source="constant" updatable="true">MCT</parameter>
                        <parameter name="Has Inout Parameters" source="constant" updatable="true">false</parameter>
                        <parameter name="taskField" source="nested">
                           <operation source="field" to="mct-Salesforce-Advisor-Contact">temp.Stage Advisor Contact</operation>
                        </parameter>
                     </serviceInput>
                     <serviceOutput>
                        <operation source="field" to="temp.Stage Advisor Contact/output/Object_Name">Object Name</operation>
                        <operation source="field" to="temp.Stage Advisor Contact/output/Run_Id">Run Id</operation>
                        <operation source="field" to="temp.Stage Advisor Contact/output/Log_Id">Log Id</operation>
                        <operation source="field" to="temp.Stage Advisor Contact/output/Task_Id">Task Id</operation>
                        <operation source="field" to="temp.Stage Advisor Contact/output/Task_Status">Task Status</operation>
                        <operation source="field"
                                   to="temp.Stage Advisor Contact/output/Success_Source_Rows">Success Source Rows</operation>
                        <operation source="field"
                                   to="temp.Stage Advisor Contact/output/Failed_Source_Rows">Failed Source Rows</operation>
                        <operation source="field"
                                   to="temp.Stage Advisor Contact/output/Success_Target_Rows">Success Target Rows</operation>
                        <operation source="field"
                                   to="temp.Stage Advisor Contact/output/Failed_Target_Rows">Failed Target Rows</operation>
                        <operation source="field" to="temp.Stage Advisor Contact/output/Start_Time">Start Time</operation>
                        <operation source="field" to="temp.Stage Advisor Contact/output/End_Time">End Time</operation>
                        <operation source="field" to="temp.Stage Advisor Contact/output/Error_Message">Error Message</operation>
                     </serviceOutput>
                  </service>
                  <flow id="krffr1gg">
                     <container id="krffr1gq" type="exclusive">
                        <title>Decision 2</title>
                        <flow id="krffr1h6">
                           <eventContainer id="krffr1jf">
                              <service id="krffr1i6">
                                 <title>Contact</title>
                                 <serviceName>ICSExecuteDataTask</serviceName>
                                 <serviceGUID/>
                                 <serviceInput>
                                    <parameter name="Wait for Task to Complete" source="constant" updatable="true">true</parameter>
                                    <parameter name="Max Wait" source="constant" updatable="true">604800</parameter>
                                    <parameter name="Task Name" source="constant" updatable="true">mct_Salesforce_Outbound_To_Salesforce_Advisor_Contact</parameter>
                                    <parameter name="GUID" source="constant" updatable="true">9D142cYU9LQaZn2d8q6Ae4</parameter>
                                    <parameter name="Task Type" source="constant" updatable="true">MCT</parameter>
                                    <parameter name="Has Inout Parameters" source="constant" updatable="true">false</parameter>
                                    <parameter name="taskField" source="nested">
                                       <operation source="field"
                                                  to="mct-Salesforce-Outbound-To-Salesforce-Advisor-Contact">temp.Contact</operation>
                                    </parameter>
                                 </serviceInput>
                                 <serviceOutput>
                                    <operation source="field" to="temp.Contact/output/Object_Name">Object Name</operation>
                                    <operation source="field" to="temp.Contact/output/Run_Id">Run Id</operation>
                                    <operation source="field" to="temp.Contact/output/Log_Id">Log Id</operation>
                                    <operation source="field" to="temp.Contact/output/Task_Id">Task Id</operation>
                                    <operation source="field" to="temp.Contact/output/Task_Status">Task Status</operation>
                                    <operation source="field" to="temp.Contact/output/Success_Source_Rows">Success Source Rows</operation>
                                    <operation source="field" to="temp.Contact/output/Failed_Source_Rows">Failed Source Rows</operation>
                                    <operation source="field" to="temp.Contact/output/Success_Target_Rows">Success Target Rows</operation>
                                    <operation source="field" to="temp.Contact/output/Failed_Target_Rows">Failed Target Rows</operation>
                                    <operation source="field" to="temp.Contact/output/Start_Time">Start Time</operation>
                                    <operation source="field" to="temp.Contact/output/End_Time">End Time</operation>
                                    <operation source="field" to="temp.Contact/output/Error_Message">Error Message</operation>
                                 </serviceOutput>
                              </service>
                              <flow id="krffr1jh">
                                 <container id="krffr1ju" type="exclusive">
                                    <title>Decision 1</title>
                                    <flow id="krffr1jv">
                                       <eventContainer id="krffr1jw">
                                          <service id="krffr1jx">
                                             <title>Stage Advisor Truncate</title>
                                             <serviceName>ICSExecuteDataTask</serviceName>
                                             <serviceGUID/>
                                             <serviceInput>
                                                <parameter name="Wait for Task to Complete" source="constant" updatable="true">true</parameter>
                                                <parameter name="Max Wait" source="constant" updatable="true">604800</parameter>
                                                <parameter name="Task Name" source="constant" updatable="true">mct_Salesforce_Outbound_Advisor_Contact_StageTruncate</parameter>
                                                <parameter name="GUID" source="constant" updatable="true">9gS0rqBG0aygDlhziAThG9</parameter>
                                                <parameter name="Task Type" source="constant" updatable="true">MCT</parameter>
                                                <parameter name="Has Inout Parameters" source="constant" updatable="true">false</parameter>
                                                <parameter name="taskField" source="nested">
                                                   <operation source="field"
                                                              to="mct-Salesforce-Outbound-Advisor-Contact-StageTruncate">temp.Stage Advisor Truncate</operation>
                                                </parameter>
                                             </serviceInput>
                                             <serviceOutput>
                                                <operation source="field" to="temp.Stage Advisor Truncate/output/Object_Name">Object Name</operation>
                                                <operation source="field" to="temp.Stage Advisor Truncate/output/Run_Id">Run Id</operation>
                                                <operation source="field" to="temp.Stage Advisor Truncate/output/Log_Id">Log Id</operation>
                                                <operation source="field" to="temp.Stage Advisor Truncate/output/Task_Id">Task Id</operation>
                                                <operation source="field" to="temp.Stage Advisor Truncate/output/Task_Status">Task Status</operation>
                                                <operation source="field"
                                                           to="temp.Stage Advisor Truncate/output/Success_Source_Rows">Success Source Rows</operation>
                                                <operation source="field"
                                                           to="temp.Stage Advisor Truncate/output/Failed_Source_Rows">Failed Source Rows</operation>
                                                <operation source="field"
                                                           to="temp.Stage Advisor Truncate/output/Success_Target_Rows">Success Target Rows</operation>
                                                <operation source="field"
                                                           to="temp.Stage Advisor Truncate/output/Failed_Target_Rows">Failed Target Rows</operation>
                                                <operation source="field" to="temp.Stage Advisor Truncate/output/Start_Time">Start Time</operation>
                                                <operation source="field" to="temp.Stage Advisor Truncate/output/End_Time">End Time</operation>
                                                <operation source="field" to="temp.Stage Advisor Truncate/output/Error_Message">Error Message</operation>
                                             </serviceOutput>
                                          </service>
                                          <flow id="krffr1ku">
                                             <link id="krffr1kv" targetId="krffr1jw" type="containerLink"/>
                                          </flow>
                                          <flow id="krffr1kx">
                                             <link id="krffr1ky" targetId="krffr1jw" type="containerLink"/>
                                          </flow>
                                          <link id="krffr1kt" targetId="krffr1ku" type="containerLink"/>
                                          <events>
                                             <catch faultField="temp.Stage Advisor Truncate/fault"
                                                    id="kqifr9wi"
                                                    interrupting="true"
                                                    name="error">
                                                <link id="krffr1kw" targetId="krffr1kx" type="containerLink"/>
                                             </catch>
                                             <catch faultField="temp.Stage Advisor Truncate/fault"
                                                    id="kqifr9wj"
                                                    interrupting="true"
                                                    name="warning"/>
                                          </events>
                                       </eventContainer>
                                       <link id="krffr1k1" targetId="krffr1ju" type="containerLink"/>
                                    </flow>
                                    <flow id="krffr1jy">
                                       <link id="krffr1k2" targetId="krffr1ju" type="containerLink"/>
                                    </flow>
                                    <link id="krffr1jz" targetId="krffr1jv" type="containerLink">
                                       <condition source="formula">
                                          <function name="contains">
                                             <arg name="left">{$temp.Contact[1]/output[1]/Task_Status}</arg>
                                             <arg name="right">1</arg>
                                          </function>
                                       </condition>
                                    </link>
                                    <link id="krffr1k0" targetId="krffr1jy" type="containerLink"/>
                                 </container>
                                 <link id="krffr1ji" targetId="krffr1jf" type="containerLink"/>
                              </flow>
                              <flow id="krffr1jk">
                                 <link id="krffr1jl" targetId="krffr1jf" type="containerLink"/>
                              </flow>
                              <link id="krffr1jg" targetId="krffr1jh" type="containerLink"/>
                              <events>
                                 <catch faultField="temp.Contact/fault"
                                        id="kqifr9vp"
                                        interrupting="true"
                                        name="error">
                                    <link id="krffr1jj" targetId="krffr1jk" type="containerLink"/>
                                 </catch>
                                 <catch faultField="temp.Contact/fault"
                                        id="kqifr9vq"
                                        interrupting="true"
                                        name="warning"/>
                              </events>
                           </eventContainer>
                           <link id="krffr1h7" targetId="krffr1gq" type="containerLink"/>
                        </flow>
                        <flow id="krffr1h8">
                           <link id="krffr1h9" targetId="krffr1gq" type="containerLink"/>
                        </flow>
                        <link id="krffr1gz" targetId="krffr1h6" type="containerLink">
                           <condition source="formula">
                              <function name="contains">
                                 <arg name="left">{$temp.StageAdvisorContact[1]/output[1]/Task_Status}</arg>
                                 <arg name="right">1</arg>
                              </function>
                           </condition>
                        </link>
                        <link id="krffr1h2" targetId="krffr1h8" type="containerLink"/>
                     </container>
                     <link id="krffr1gh" targetId="kqifr9vj" type="containerLink"/>
                  </flow>
                  <flow id="krffr1gj">
                     <link id="krffr1gk" targetId="kqifr9vj" type="containerLink"/>
                  </flow>
                  <link id="krffr1gf" targetId="krffr1gg" type="containerLink"/>
                  <link id="krffr1ik" targetId="c"/>
                  <events>
                     <catch faultField="temp.Stage Advisor Contact/fault"
                            id="kqifr9vh"
                            interrupting="true"
                            name="error">
                        <link id="krffr1gi" targetId="krffr1gj" type="containerLink"/>
                     </catch>
                     <catch faultField="temp.Stage Advisor Contact/fault"
                            id="kqifr9vi"
                            interrupting="true"
                            name="warning"/>
                  </events>
               </eventContainer>
               <end id="c"/>
            </flow>
            <dependencies>
               <processObject xmlns="http://schemas.active-endpoints.com/appmodules/screenflow/2011/06/avosHostEnvironment.xsd"
                              displayName="mct-Salesforce-Advisor-Contact"
                              isByCopy="true"
                              name="mct-Salesforce-Advisor-Contact">
                  <description/>
                  <tags/>
                  <detail>
                     <field label="TaskProperties Parameters"
                            name="taskProperties"
                            type="reference"/>
                     <field label="Output Parameters" name="output" type="reference"/>
                     <field label="Fault" name="fault" type="reference"/>
                  </detail>
               </processObject>
               <processObject xmlns="http://schemas.active-endpoints.com/appmodules/screenflow/2011/06/avosHostEnvironment.xsd"
                              displayName="mct-Salesforce-Outbound-To-Salesforce-Advisor-Contact"
                              isByCopy="true"
                              name="mct-Salesforce-Outbound-To-Salesforce-Advisor-Contact">
                  <description/>
                  <tags/>
                  <detail>
                     <field label="TaskProperties Parameters"
                            name="taskProperties"
                            type="reference"/>
                     <field label="Output Parameters" name="output" type="reference"/>
                     <field label="Fault" name="fault" type="reference"/>
                  </detail>
               </processObject>
               <processObject xmlns="http://schemas.active-endpoints.com/appmodules/screenflow/2011/06/avosHostEnvironment.xsd"
                              displayName="mct-Salesforce-Outbound-Advisor-Contact-StageTruncate"
                              isByCopy="true"
                              name="mct-Salesforce-Outbound-Advisor-Contact-StageTruncate">
                  <description/>
                  <tags/>
                  <detail>
                     <field label="TaskProperties Parameters"
                            name="taskProperties"
                            type="reference"/>
                     <field label="Output Parameters" name="output" type="reference"/>
                     <field label="Fault" name="fault" type="reference"/>
                  </detail>
               </processObject>
            </dependencies>
         </taskflow>
      </types1:Entry>
      <types1:GUID>2AgPCnr9EisiIvdDcAN84w</types1:GUID>
      <types1:DisplayName>stf_Salesforce_Outbound_Contact</types1:DisplayName>
   </types1:Item>
   <types1:CurrentServerDateTime>2022-05-17T19:43:56.444Z</types1:CurrentServerDateTime>
</aetgt:getResponse>
