<aetgt:getResponse xmlns:aetgt="http://schemas.active-endpoints.com/appmodules/repository/2010/10/avrepository.xsd"
                   xmlns:types1="http://schemas.active-endpoints.com/appmodules/repository/2010/10/avrepository.xsd">
   <types1:Item>
      <types1:EntryId>huImXycotFgpKi9-gt-54498823-2021-09-09T17:17:12.115Z::tf.xml</types1:EntryId>
      <types1:Name>stf_Salesforce_Outbound_SubAccount</types1:Name>
      <types1:MimeType>application/xml+taskflow</types1:MimeType>
      <types1:Description/>
      <types1:AppliesTo/>
      <types1:Tags/>
      <types1:VersionLabel>1.0</types1:VersionLabel>
      <types1:State>CURRENT</types1:State>
      <types1:ProcessGroup/>
      <types1:CreatedBy>sreenivasa.rao</types1:CreatedBy>
      <types1:CreationDate>2021-09-09T17:17:12Z</types1:CreationDate>
      <types1:ModifiedBy/>
      <types1:PublicationStatus>published</types1:PublicationStatus>
      <types1:PublishedBy>anastasia.vogelaar@american-equity.com.SAML</types1:PublishedBy>
      <types1:PublicationDate>2022-02-09T19:55:34Z</types1:PublicationDate>
      <types1:PublishedContributionId>project:/tf.stf_Salesforce_Outbound_SubAccount/stf_Salesforce_Outbound_SubAccount.tf.xml</types1:PublishedContributionId>
      <types1:AutosaveExists>false</types1:AutosaveExists>
      <types1:Entry>
         <taskflow xmlns="http://schemas.active-endpoints.com/appmodules/screenflow/2010/10/avosScreenflow.xsd"
                   xmlns:tfm="http://schemas.active-endpoints.com/appmodules/screenflow/2021/04/taskflowModel.xsd"
                   xmlns:list="urn:activevos:spi:list:functions"
                   displayName="stf_Salesforce_Outbound_SubAccount"
                   name="stf_Salesforce_Outbound_SubAccount"
                   overrideAPIName="false">
            <parameterSet xmlns="http://schemas.active-endpoints.com/appmodules/screenflow/2021/04/taskflowModel.xsd"/>
            <appliesTo/>
            <description/>
            <tags/>
            <generator>Informatica Process Designer 11</generator>
            <tempFields>
               <field description="" name="Stage SubAccount" type="reference">
                  <options>
                     <option name="failOnNotRun">true</option>
                     <option name="failOnFault">true</option>
                     <option name="referenceTo">$po:mct-Salesforce-Sub-Account</option>
                  </options>
               </field>
               <field description="" name="SubAccount" type="reference">
                  <options>
                     <option name="referenceTo">$po:mct-Salesforce-Outbound-To-Salesforce-SubAccount</option>
                     <option name="failOnNotRun">false</option>
                     <option name="failOnFault">false</option>
                  </options>
               </field>
               <field description="" name="Stage Truncate" type="reference">
                  <options>
                     <option name="referenceTo">$po:mct-Salesforce-Outbound-Sub-Account-StageTruncate</option>
                     <option name="failOnNotRun">false</option>
                     <option name="failOnFault">false</option>
                  </options>
               </field>
            </tempFields>
            <notes/>
            <deployment suspendOnFault="false" tracingLevel="verbose">
               <rest/>
            </deployment>
            <flow id="a">
               <start id="b">
                  <link id="kqifl6bd" targetId="kqifl6bh"/>
               </start>
               <eventContainer id="kqifl6bh">
                  <service id="kqifl6bc">
                     <title>Stage SubAccount</title>
                     <serviceName>ICSExecuteDataTask</serviceName>
                     <serviceGUID/>
                     <serviceInput>
                        <parameter name="Wait for Task to Complete" source="constant" updatable="true">true</parameter>
                        <parameter name="Max Wait" source="constant" updatable="true">604800</parameter>
                        <parameter name="Task Name" source="constant" updatable="true">mct_Salesforce_Sub_Account</parameter>
                        <parameter name="GUID" source="constant" updatable="true">1eV2IwiQk2IeasxRQnymGn</parameter>
                        <parameter name="Task Type" source="constant" updatable="true">MCT</parameter>
                        <parameter name="Has Inout Parameters" source="constant" updatable="true">false</parameter>
                        <parameter name="taskField" source="nested">
                           <operation source="field" to="mct-Salesforce-Sub-Account">temp.Stage SubAccount</operation>
                        </parameter>
                     </serviceInput>
                     <serviceOutput>
                        <operation source="field" to="temp.Stage SubAccount/output/Object_Name">Object Name</operation>
                        <operation source="field" to="temp.Stage SubAccount/output/Run_Id">Run Id</operation>
                        <operation source="field" to="temp.Stage SubAccount/output/Log_Id">Log Id</operation>
                        <operation source="field" to="temp.Stage SubAccount/output/Task_Id">Task Id</operation>
                        <operation source="field" to="temp.Stage SubAccount/output/Task_Status">Task Status</operation>
                        <operation source="field" to="temp.Stage SubAccount/output/Success_Source_Rows">Success Source Rows</operation>
                        <operation source="field" to="temp.Stage SubAccount/output/Failed_Source_Rows">Failed Source Rows</operation>
                        <operation source="field" to="temp.Stage SubAccount/output/Success_Target_Rows">Success Target Rows</operation>
                        <operation source="field" to="temp.Stage SubAccount/output/Failed_Target_Rows">Failed Target Rows</operation>
                        <operation source="field" to="temp.Stage SubAccount/output/Start_Time">Start Time</operation>
                        <operation source="field" to="temp.Stage SubAccount/output/End_Time">End Time</operation>
                        <operation source="field" to="temp.Stage SubAccount/output/Error_Message">Error Message</operation>
                     </serviceOutput>
                  </service>
                  <flow id="krffpy0g">
                     <container id="krffpy0q" type="exclusive">
                        <title>Decision 2</title>
                        <flow id="krffpy16">
                           <eventContainer id="krffttrr">
                              <service id="krffpy26">
                                 <title>SubAccount</title>
                                 <serviceName>ICSExecuteDataTask</serviceName>
                                 <serviceGUID/>
                                 <serviceInput>
                                    <parameter name="Wait for Task to Complete" source="constant" updatable="true">true</parameter>
                                    <parameter name="Max Wait" source="constant" updatable="true">604800</parameter>
                                    <parameter name="Task Name" source="constant" updatable="true">mct_Salesforce_Outbound_To_Salesforce_SubAccount</parameter>
                                    <parameter name="GUID" source="constant" updatable="true">6ztKncSGf8siBAlrbJWq0G</parameter>
                                    <parameter name="Task Type" source="constant" updatable="true">MCT</parameter>
                                    <parameter name="Has Inout Parameters" source="constant" updatable="true">false</parameter>
                                    <parameter name="taskField" source="nested">
                                       <operation source="field" to="mct-Salesforce-Outbound-To-Salesforce-SubAccount">temp.SubAccount</operation>
                                    </parameter>
                                 </serviceInput>
                                 <serviceOutput>
                                    <operation source="field" to="temp.SubAccount/output/Object_Name">Object Name</operation>
                                    <operation source="field" to="temp.SubAccount/output/Run_Id">Run Id</operation>
                                    <operation source="field" to="temp.SubAccount/output/Log_Id">Log Id</operation>
                                    <operation source="field" to="temp.SubAccount/output/Task_Id">Task Id</operation>
                                    <operation source="field" to="temp.SubAccount/output/Task_Status">Task Status</operation>
                                    <operation source="field" to="temp.SubAccount/output/Success_Source_Rows">Success Source Rows</operation>
                                    <operation source="field" to="temp.SubAccount/output/Failed_Source_Rows">Failed Source Rows</operation>
                                    <operation source="field" to="temp.SubAccount/output/Success_Target_Rows">Success Target Rows</operation>
                                    <operation source="field" to="temp.SubAccount/output/Failed_Target_Rows">Failed Target Rows</operation>
                                    <operation source="field" to="temp.SubAccount/output/Start_Time">Start Time</operation>
                                    <operation source="field" to="temp.SubAccount/output/End_Time">End Time</operation>
                                    <operation source="field" to="temp.SubAccount/output/Error_Message">Error Message</operation>
                                 </serviceOutput>
                              </service>
                              <flow id="krffttrt">
                                 <container id="krfftts6" type="exclusive">
                                    <title>Decision 1</title>
                                    <flow id="krfftts7">
                                       <eventContainer id="krfftts8">
                                          <service id="krfftts9">
                                             <title>Stage Truncate</title>
                                             <serviceName>ICSExecuteDataTask</serviceName>
                                             <serviceGUID/>
                                             <serviceInput>
                                                <parameter name="Wait for Task to Complete" source="constant" updatable="true">true</parameter>
                                                <parameter name="Max Wait" source="constant" updatable="true">604800</parameter>
                                                <parameter name="Task Name" source="constant" updatable="true">mct_Salesforce_Outbound_Sub_Account_StageTruncate</parameter>
                                                <parameter name="GUID" source="constant" updatable="true">jjgxWRtAUANgfD9TRCC8Gf</parameter>
                                                <parameter name="Task Type" source="constant" updatable="true">MCT</parameter>
                                                <parameter name="Has Inout Parameters" source="constant" updatable="true">false</parameter>
                                                <parameter name="taskField" source="nested">
                                                   <operation source="field" to="mct-Salesforce-Outbound-Sub-Account-StageTruncate">temp.Stage Truncate</operation>
                                                </parameter>
                                             </serviceInput>
                                             <serviceOutput>
                                                <operation source="field" to="temp.Stage Truncate/output/Object_Name">Object Name</operation>
                                                <operation source="field" to="temp.Stage Truncate/output/Run_Id">Run Id</operation>
                                                <operation source="field" to="temp.Stage Truncate/output/Log_Id">Log Id</operation>
                                                <operation source="field" to="temp.Stage Truncate/output/Task_Id">Task Id</operation>
                                                <operation source="field" to="temp.Stage Truncate/output/Task_Status">Task Status</operation>
                                                <operation source="field" to="temp.Stage Truncate/output/Success_Source_Rows">Success Source Rows</operation>
                                                <operation source="field" to="temp.Stage Truncate/output/Failed_Source_Rows">Failed Source Rows</operation>
                                                <operation source="field" to="temp.Stage Truncate/output/Success_Target_Rows">Success Target Rows</operation>
                                                <operation source="field" to="temp.Stage Truncate/output/Failed_Target_Rows">Failed Target Rows</operation>
                                                <operation source="field" to="temp.Stage Truncate/output/Start_Time">Start Time</operation>
                                                <operation source="field" to="temp.Stage Truncate/output/End_Time">End Time</operation>
                                                <operation source="field" to="temp.Stage Truncate/output/Error_Message">Error Message</operation>
                                             </serviceOutput>
                                          </service>
                                          <flow id="krfhzohe">
                                             <link id="krfhzohf" targetId="krfftts8" type="containerLink"/>
                                          </flow>
                                          <flow id="krfhzohh">
                                             <link id="krfhzohi" targetId="krfftts8" type="containerLink"/>
                                          </flow>
                                          <link id="krfhzohd" targetId="krfhzohe" type="containerLink"/>
                                          <events>
                                             <catch faultField="temp.Stage Truncate/fault"
                                                    id="kqifl6cg"
                                                    interrupting="true"
                                                    name="error">
                                                <link id="krfhzohg" targetId="krfhzohh" type="containerLink"/>
                                             </catch>
                                             <catch faultField="temp.Stage Truncate/fault"
                                                    id="kqifl6ch"
                                                    interrupting="true"
                                                    name="warning">
                                                <suspend/>
                                             </catch>
                                          </events>
                                       </eventContainer>
                                       <link id="krffttsd" targetId="krfftts6" type="containerLink"/>
                                    </flow>
                                    <flow id="krffttsa">
                                       <link id="krffttse" targetId="krfftts6" type="containerLink"/>
                                    </flow>
                                    <link id="krffttsb" targetId="krfftts7" type="containerLink">
                                       <condition source="formula">
                                          <function name="contains">
                                             <arg name="left">{$temp.SubAccount[1]/output[1]/Task_Status}</arg>
                                             <arg name="right">1</arg>
                                          </function>
                                       </condition>
                                    </link>
                                    <link id="krffttsc" targetId="krffttsa" type="containerLink"/>
                                 </container>
                                 <link id="krffttru" targetId="krffttrr" type="containerLink"/>
                              </flow>
                              <flow id="krffttrw">
                                 <link id="krffttrx" targetId="krffttrr" type="containerLink"/>
                              </flow>
                              <link id="krffttrs" targetId="krffttrt" type="containerLink"/>
                              <events>
                                 <catch faultField="temp.SubAccount/fault"
                                        id="krffttrp"
                                        interrupting="true"
                                        name="error">
                                    <link id="krffttrv" targetId="krffttrw" type="containerLink"/>
                                 </catch>
                                 <catch faultField="temp.SubAccount/fault"
                                        id="krffttrq"
                                        interrupting="true"
                                        name="warning">
                                    <suspend/>
                                 </catch>
                              </events>
                           </eventContainer>
                           <link id="krffpy17" targetId="krffpy0q" type="containerLink"/>
                        </flow>
                        <flow id="krffpy18">
                           <link id="krffpy19" targetId="krffpy0q" type="containerLink"/>
                        </flow>
                        <link id="krffpy0z" targetId="krffpy16" type="containerLink">
                           <condition source="formula">
                              <function name="contains">
                                 <arg name="left">{$temp.StageSubAccount[1]/output[1]/Task_Status}</arg>
                                 <arg name="right">1</arg>
                              </function>
                           </condition>
                        </link>
                        <link id="krffpy12" targetId="krffpy18" type="containerLink"/>
                     </container>
                     <link id="krffpy0h" targetId="kqifl6bh" type="containerLink"/>
                  </flow>
                  <flow id="krffpy0j">
                     <link id="krffpy0k" targetId="kqifl6bh" type="containerLink"/>
                  </flow>
                  <link id="krffpy0f" targetId="krffpy0g" type="containerLink"/>
                  <link id="krffpy2k" targetId="c"/>
                  <events>
                     <catch faultField="temp.Stage SubAccount/fault"
                            id="kqifl6bf"
                            interrupting="true"
                            name="error">
                        <link id="krffpy0i" targetId="krffpy0j" type="containerLink"/>
                     </catch>
                     <catch faultField="temp.Stage SubAccount/fault"
                            id="kqifl6bg"
                            interrupting="true"
                            name="warning">
                        <suspend/>
                     </catch>
                  </events>
               </eventContainer>
               <end id="c"/>
            </flow>
            <dependencies>
               <processObject xmlns="http://schemas.active-endpoints.com/appmodules/screenflow/2011/06/avosHostEnvironment.xsd"
                              displayName="mct-Salesforce-Sub-Account"
                              isByCopy="true"
                              name="mct-Salesforce-Sub-Account">
                  <description/>
                  <tags/>
                  <detail>
                     <field label="TaskProperties Parameters"
                            name="taskProperties"
                            type="reference"/>
                     <field label="Output Parameters" name="output" type="reference"/>
                     <field label="Fault" name="fault" type="reference"/>
                  </detail>
               </processObject>
               <processObject xmlns="http://schemas.active-endpoints.com/appmodules/screenflow/2011/06/avosHostEnvironment.xsd"
                              displayName="mct-Salesforce-Outbound-To-Salesforce-SubAccount"
                              isByCopy="true"
                              name="mct-Salesforce-Outbound-To-Salesforce-SubAccount">
                  <description/>
                  <tags/>
                  <detail>
                     <field label="TaskProperties Parameters"
                            name="taskProperties"
                            type="reference"/>
                     <field label="Output Parameters" name="output" type="reference"/>
                     <field label="Fault" name="fault" type="reference"/>
                  </detail>
               </processObject>
               <processObject xmlns="http://schemas.active-endpoints.com/appmodules/screenflow/2011/06/avosHostEnvironment.xsd"
                              displayName="mct-Salesforce-Outbound-Sub-Account-StageTruncate"
                              isByCopy="true"
                              name="mct-Salesforce-Outbound-Sub-Account-StageTruncate">
                  <description/>
                  <tags/>
                  <detail>
                     <field label="TaskProperties Parameters"
                            name="taskProperties"
                            type="reference"/>
                     <field label="Output Parameters" name="output" type="reference"/>
                     <field label="Fault" name="fault" type="reference"/>
                  </detail>
               </processObject>
            </dependencies>
         </taskflow>
      </types1:Entry>
      <types1:GUID>3JHoWhvi3fijaxEgbrYoI0</types1:GUID>
      <types1:DisplayName>stf_Salesforce_Outbound_SubAccount</types1:DisplayName>
   </types1:Item>
   <types1:CurrentServerDateTime>2022-05-17T19:43:56.789Z</types1:CurrentServerDateTime>
</aetgt:getResponse>
