<aetgt:getResponse xmlns:aetgt="http://schemas.active-endpoints.com/appmodules/repository/2010/10/avrepository.xsd"
                   xmlns:types1="http://schemas.active-endpoints.com/appmodules/repository/2010/10/avrepository.xsd">
   <types1:Item>
      <types1:EntryId>jmnBtBghuImXyco-gt-4077651-2021-12-13T18:53:10.148Z::conn.xml</types1:EntryId>
      <types1:Name>appconn-Email-dcx</types1:Name>
      <types1:ParentFlowIds>9X3cjk91pqrzYLn-gt-6502289-2021-12-13T18:53:10.968Z::pd.xml,UeFRqXpIW7WHK80-gt-30894093-2022-05-03T21:18:12.742Z::pd.xml</types1:ParentFlowIds>
      <types1:MimeType>application/xml+connection</types1:MimeType>
      <types1:Description>The Email connection to the SMTP host mail.american-equity.com</types1:Description>
      <types1:AppliesTo/>
      <types1:Tags>.agent:pcus-infa01</types1:Tags>
      <types1:VersionLabel>1.0</types1:VersionLabel>
      <types1:State>CURRENT</types1:State>
      <types1:ProcessGroup/>
      <types1:CreatedBy>sreenivasa.rao@american-equity.com.SAML2</types1:CreatedBy>
      <types1:CreationDate>2021-12-13T18:53:10Z</types1:CreationDate>
      <types1:ModifiedBy>sreenivasa.rao@american-equity.com.SAML2</types1:ModifiedBy>
      <types1:ModificationDate>2022-05-03T19:19:44Z</types1:ModificationDate>
      <types1:PublicationStatus>published</types1:PublicationStatus>
      <types1:PublishedBy>sreenivasa.rao@american-equity.com.SAML2</types1:PublishedBy>
      <types1:PublicationDate>2022-05-03T19:19:53Z</types1:PublicationDate>
      <types1:PublishedContributionId>project:/rt.connection/appconn-Email-dcx/appconn-Email-dcx.conn.xml</types1:PublishedContributionId>
      <types1:AutosaveExists>false</types1:AutosaveExists>
      <types1:Entry>
         <connection xmlns="http://schemas.informatica.com/socrates/data-services/2014/04/avosConnections.xsd"
                     displayName="appconn-Email-dcx"
                     label="appconn-Email-dcx"
                     name="appconn-Email-dcx">
            <description>The Email connection to the SMTP host mail.american-equity.com</description>
            <tags>.agent:pcus-infa01</tags>
            <agent>pcus-infa01</agent>
            <attributes>
               <attribute encrypted="false" name="Authentication" value="Disable"/>
               <attribute encrypted="false" name="hostName" value="mail.american-equity.com"/>
               <attribute encrypted="false" name="port" value="25"/>
               <attribute encrypted="false" name="username" value="DevOps"/>
               <attribute encrypted="true" name="password" value=""/>
               <attribute encrypted="false" name="security" value="None"/>
               <attribute encrypted="false" name="connectionTimeout" value="30000"/>
               <attribute encrypted="false"
                          name="testToAddress"
                          value="abdul.mannuru@american-equity.com"/>
               <attribute encrypted="false"
                          name="fromAddress"
                          value="admin@informaticacloud.com"/>
            </attributes>
            <javaConnector xmlns="http://schemas.informatica.com/appmodules/screenflow/2014/04/avosConnectors.xsd"
                           agentOnly="false"
                           plugin="Camel"
                           supportsConnectionTest="true"
                           supportsDataPreview="false"
                           supportsOData="false"
                           type="Email"
                           uuid="9a8a03d0-0437-46c4-bedf-70acb4173c1f">
               <description>Provides connections to email host servers.</description>
            </javaConnector>
         </connection>
      </types1:Entry>
      <types1:GUID>dMMp4bY3n4ckePKmUZ9soo</types1:GUID>
      <types1:DisplayName>appconn-Email-dcx</types1:DisplayName>
   </types1:Item>
   <types1:CurrentServerDateTime>2022-05-17T19:42:46.635Z</types1:CurrentServerDateTime>
</aetgt:getResponse>
