<aetgt:getResponse xmlns:aetgt="http://schemas.active-endpoints.com/appmodules/repository/2010/10/avrepository.xsd"
                   xmlns:types1="http://schemas.active-endpoints.com/appmodules/repository/2010/10/avrepository.xsd">
   <types1:Item>
      <types1:EntryId>eBIQZdt5OjiTIKc-gt-4077619-2021-12-13T18:53:10.066Z::conn.xml</types1:EntryId>
      <types1:Name>appconn-EDW-Audit-dbo-dcx</types1:Name>
      <types1:ParentFlowIds>9X3cjk91pqrzYLn-gt-6502289-2021-12-13T18:53:10.968Z::pd.xml,UeFRqXpIW7WHK80-gt-30894093-2022-05-03T21:18:12.742Z::pd.xml</types1:ParentFlowIds>
      <types1:MimeType>application/xml+connection</types1:MimeType>
      <types1:Description>The JDBC connection to the EDW_Audit database</types1:Description>
      <types1:AppliesTo/>
      <types1:Tags>.agent:pcus-infa01</types1:Tags>
      <types1:VersionLabel>1.0</types1:VersionLabel>
      <types1:State>CURRENT</types1:State>
      <types1:ProcessGroup/>
      <types1:CreatedBy>sreenivasa.rao@american-equity.com.SAML2</types1:CreatedBy>
      <types1:CreationDate>2021-12-13T18:53:10Z</types1:CreationDate>
      <types1:ModifiedBy>sreenivasa.rao@american-equity.com.SAML2</types1:ModifiedBy>
      <types1:ModificationDate>2022-05-03T19:44:03Z</types1:ModificationDate>
      <types1:PublicationStatus>published</types1:PublicationStatus>
      <types1:PublishedBy>sreenivasa.rao@american-equity.com.SAML2</types1:PublishedBy>
      <types1:PublicationDate>2022-05-03T19:44:24Z</types1:PublicationDate>
      <types1:PublishedContributionId>project:/rt.connection/appconn-EDW-Audit-dbo-dcx/appconn-EDW-Audit-dbo-dcx.conn.xml</types1:PublishedContributionId>
      <types1:AutosaveExists>false</types1:AutosaveExists>
      <types1:Entry>
         <connection xmlns="http://schemas.informatica.com/socrates/data-services/2014/04/avosConnections.xsd"
                     displayName="appconn-EDW-Audit-dbo-dcx"
                     label="appconn-EDW-Audit-dbo-dcx"
                     name="appconn-EDW-Audit-dbo-dcx">
            <description>The JDBC connection to the EDW_Audit database</description>
            <tags>.agent:pcus-infa01</tags>
            <agent>pcus-infa01</agent>
            <attributes>
               <attribute encrypted="false"
                          name="JDBC Connection URL"
                          value="jdbc:sqlserver://AE-SQL-RPT-PROD:1433;databaseName=EDW_Audit;"/>
               <attribute encrypted="false"
                          name="JDBC Jar Directory"
                          value="E:\Informatica Cloud Secure Agent\apps\process-engine\ext"/>
               <attribute encrypted="false" name="JDBC Driver Class Name" value=""/>
               <attribute encrypted="false" name="Schema" value="dbo"/>
               <attribute encrypted="false" name="Username" value="DevOPS"/>
               <attribute encrypted="true" name="Password" value=""/>
               <attribute encrypted="false"
                          name="Object Filter"
                          value="Salesforce_Event_Log,Salesforce_Error_Log"/>
               <attribute encrypted="false" name="TimeZone" value="US/Central"/>
               <attribute encrypted="false" name="$read-Isolation Level" value="None"/>
               <attribute encrypted="false"
                          name="$read-Override Isolation Level"
                          value="false"/>
               <attribute encrypted="false" name="$write-Number of retries" value="5"/>
               <attribute encrypted="false" name="$write-Retry wait period" value="3"/>
            </attributes>
            <javaConnector xmlns="http://schemas.informatica.com/appmodules/screenflow/2014/04/avosConnectors.xsd"
                           agentOnly="true"
                           plugin="ICS"
                           supportsConnectionTest="true"
                           supportsDataPreview="true"
                           supportsOData="true"
                           type="GenericJDBCAdapter"
                           uuid="33ec8fc7-dc6d-4d2e-9f6f-a950669a62d1">
               <description>JDBC  Generic Cloud Adapter</description>
            </javaConnector>
         </connection>
      </types1:Entry>
      <types1:GUID>8X1HXB8sc7nl5h7bdXnAGD</types1:GUID>
      <types1:DisplayName>appconn-EDW-Audit-dbo-dcx</types1:DisplayName>
   </types1:Item>
   <types1:CurrentServerDateTime>2022-05-17T19:42:46.708Z</types1:CurrentServerDateTime>
</aetgt:getResponse>
