<aetgt:getResponse xmlns:aetgt="http://schemas.active-endpoints.com/appmodules/repository/2010/10/avrepository.xsd"
                   xmlns:types1="http://schemas.active-endpoints.com/appmodules/repository/2010/10/avrepository.xsd">
   <types1:Item>
      <types1:EntryId>5z7M1reAFLK2D86-gt-70799715-2022-04-06T18:31:51.913Z::conn.xml</types1:EntryId>
      <types1:Name>appconn-sc-Azure-ServiceBus-Topic-Account-Api-dcx</types1:Name>
      <types1:MimeType>application/xml+connection</types1:MimeType>
      <types1:Description/>
      <types1:AppliesTo/>
      <types1:Tags>.agent:pcus-infa01</types1:Tags>
      <types1:VersionLabel>1.0</types1:VersionLabel>
      <types1:State>CURRENT</types1:State>
      <types1:ProcessGroup/>
      <types1:CreatedBy>sreenivasa.rao@american-equity.com.SAML2</types1:CreatedBy>
      <types1:CreationDate>2022-04-06T18:31:52Z</types1:CreationDate>
      <types1:ModifiedBy>sreenivasa.rao@american-equity.com.SAML2</types1:ModifiedBy>
      <types1:ModificationDate>2022-05-03T22:15:04Z</types1:ModificationDate>
      <types1:PublicationStatus>published</types1:PublicationStatus>
      <types1:PublishedBy>sreenivasa.rao@american-equity.com.SAML2</types1:PublishedBy>
      <types1:PublicationDate>2022-05-03T22:15:16Z</types1:PublicationDate>
      <types1:PublishedContributionId>project:/rt.connection/appconn-sc-Azure-ServiceBus-Topic-Account-Api-dcx/appconn-sc-Azure-ServiceBus-Topic-Account-Api-dcx.conn.xml</types1:PublishedContributionId>
      <types1:AutosaveExists>false</types1:AutosaveExists>
      <types1:Entry>
         <connection xmlns="http://schemas.informatica.com/socrates/data-services/2014/04/avosConnections.xsd"
                     displayName="appconn-sc-Azure-ServiceBus-Topic-Account-Api-dcx"
                     label="appconn-sc-Azure-ServiceBus-Topic-Account-Api-dcx"
                     name="appconn-sc-Azure-ServiceBus-Topic-Account-Api-dcx">
            <description/>
            <tags>.agent:pcus-infa01</tags>
            <agent>pcus-infa01</agent>
            <attributes>
               <attribute encrypted="false"
                          name="ServiceBus_Topic"
                          value="sbt-lp-account-changed-001"/>
               <attribute encrypted="false"
                          name="AzureMsgService_URL"
                          value="https://app-prod-cus-msgsvc-001.azurewebsites.net/message"/>
               <attribute encrypted="false"
                          name="Auth_Key"
                          value="36f2bad3-5331-42ba-8fa3-38ca89ea4687"/>
            </attributes>
            <businessConnector xmlns="http://schemas.informatica.com/appmodules/screenflow/2014/04/avosConnectors.xsd"
                               agentOnly="false"
                               connectorPath="project:/rt.connector/sc_Azure_ServiceBus_Topic_Api/sc_Azure_ServiceBus_Topic_Api_svcDef.xml"
                               guid="bvdea3s4IoUgD2fu4xlcYi"
                               name="sc-Azure-ServiceBus-Topic-Api"
                               supportsConnectionTest="false"
                               uuid="8d80b883-3bc7-4d52-baea-90de0a3c9095">
               <description>The Service connector for Azure Service bus to write the message to a topic.</description>
            </businessConnector>
         </connection>
      </types1:Entry>
      <types1:GUID>1H5f2oaiM0lfey5WlysAqW</types1:GUID>
      <types1:DisplayName>appconn-sc-Azure-ServiceBus-Topic-Account-Api-dcx</types1:DisplayName>
   </types1:Item>
   <types1:CurrentServerDateTime>2022-05-17T19:42:46.999Z</types1:CurrentServerDateTime>
</aetgt:getResponse>
