<aetgt:getResponse xmlns:aetgt="http://schemas.active-endpoints.com/appmodules/repository/2010/10/avrepository.xsd"
                   xmlns:types1="http://schemas.active-endpoints.com/appmodules/repository/2010/10/avrepository.xsd">
   <types1:Item>
      <types1:EntryId>lILwbdxsnCmp6oI-gt-4077659-2021-12-13T18:53:10.188Z::conn.xml</types1:EntryId>
      <types1:Name>appconn-Salesforce-dcx-platformevents-ContractNote</types1:Name>
      <types1:ParentFlowIds>9X3cjk91pqrzYLn-gt-6502289-2021-12-13T18:53:10.968Z::pd.xml</types1:ParentFlowIds>
      <types1:MimeType>application/xml+connection</types1:MimeType>
      <types1:Description>Connected App for using Platform Events.</types1:Description>
      <types1:AppliesTo/>
      <types1:Tags>.agent:pcus-infa01</types1:Tags>
      <types1:VersionLabel>1.0</types1:VersionLabel>
      <types1:State>CURRENT</types1:State>
      <types1:ProcessGroup/>
      <types1:CreatedBy>sreenivasa.rao@american-equity.com.SAML2</types1:CreatedBy>
      <types1:CreationDate>2021-12-13T18:53:10Z</types1:CreationDate>
      <types1:ModifiedBy>sreenivasa.rao@american-equity.com.SAML2</types1:ModifiedBy>
      <types1:ModificationDate>2022-05-03T19:20:40Z</types1:ModificationDate>
      <types1:PublicationStatus>published</types1:PublicationStatus>
      <types1:PublishedBy>sreenivasa.rao@american-equity.com.SAML2</types1:PublishedBy>
      <types1:PublicationDate>2022-05-03T19:27:16Z</types1:PublicationDate>
      <types1:PublishedContributionId>project:/rt.connection/appconn-Salesforce-dcx-platformevents-ContractNote/appconn-Salesforce-dcx-platformevents-ContractNote.conn.xml</types1:PublishedContributionId>
      <types1:AutosaveExists>false</types1:AutosaveExists>
      <types1:Entry>
         <connection xmlns="http://schemas.informatica.com/socrates/data-services/2014/04/avosConnections.xsd"
                     displayName="appconn-Salesforce-dcx-platformevents-ContractNote"
                     label="appconn-Salesforce-dcx-platformevents-ContractNote"
                     name="appconn-Salesforce-dcx-platformevents-ContractNote">
            <description>Connected App for using Platform Events.</description>
            <tags>.agent:pcus-infa01</tags>
            <agent>pcus-infa01</agent>
            <attributes/>
            <consumers>
               <consumer enabled="true" name="Source-Contract" typeName="Source">
                  <description>Use this event source to consume events from Salesforce streaming channels.</description>
                  <attributes>
                     <attribute encrypted="false"
                                name="Destination"
                                value="/event/Contract_Note_Outbound__e"/>
                     <attribute encrypted="false" name="Filter" value=""/>
                  </attributes>
               </consumer>
            </consumers>
            <soaConnector xmlns="http://schemas.informatica.com/appmodules/screenflow/2014/04/avosConnectors.xsd"
                          connectorPath="project:/com.activevos.cumulus.cloud.extend.playbook.configuration/config/sfConnector.xml"
                          name="Salesforce"
                          supportsConnectionTest="true"
                          supportsOData="true"
                          uuid="05fc48f1-e6e1-441b-b700-bac396ca2ed1">
               <description>Salesforce.com SOA based data connector.</description>
            </soaConnector>
            <odata>
               <enabled>true</enabled>
               <cloudAccessEnabled>true</cloudAccessEnabled>
            </odata>
            <authentication type="$infa_basicform">
               <attributes>
                  <attribute encrypted="false"
                             name="username"
                             value="svc_salesforceint@american-equity.com.prod"/>
                  <attribute encrypted="true" name="password" value=""/>
                  <attribute encrypted="true" name="token" value=""/>
                  <attribute encrypted="false"
                             name="serviceUrl"
                             value="https://american-equity.my.salesforce.com/services/Soap/c/52.0"/>
                  <attribute encrypted="true" name="clientId" value=""/>
                  <attribute encrypted="true" name="clientSecret" value=""/>
               </attributes>
            </authentication>
         </connection>
      </types1:Entry>
      <types1:GUID>jv2SOeyvbaDdySyKit2TsZ</types1:GUID>
      <types1:DisplayName>appconn-Salesforce-dcx-platformevents-ContractNote</types1:DisplayName>
   </types1:Item>
   <types1:CurrentServerDateTime>2022-05-17T19:42:46.689Z</types1:CurrentServerDateTime>
</aetgt:getResponse>
