objectPath,objectName,objectType,id
/Explore/SALESFORCE/Daily,SF Predictive Analytics to Contact,TASKFLOW,0vWVoUySpE8jn6MBCxsdmK
/Explore/SALESFORCE/Intraday,mct_Salesforce_Account_Wholesaler,MTT,3IoCcIN6x6jf86xXTtHfMi
/Explore/SALESFORCE/InitialLoad,mct_Salesforce_Outbound_Account_Wholesaler_StageTruncate,MTT,7CBWsqfLfOCjafnRhOhLIm
/Explore/SALESFORCE/InitialLoad,mct_Salesforce_Outbound_Insurance_Policy_Authorization_Load,MTT,00Yl0J5VudBh2oSaqS0dYh
/Explore/SALESFORCE/Daily,Upsert License,MTT,dfSwUXIf1CceGnNqr10pY7
/Explore/SALESFORCE/InitialLoad,rt_Salesforce_Lookup_Contact,DRS,aWFItrtA9CbhGPnjmierw9
/Explore/SALESFORCE/Daily,Update Broker Dealer Wholesaler Relationship,DTEMPLATE,aniPec6mCGPe3sMUqIfoGX
/Explore/SALESFORCE/Daily,Upsert Policy - SQL - Hourly,MTT,19whDpyOiEZhEXcEKsMLUz
/Explore/SALESFORCE/InitialLoad,mct_Salesforce_Insurance_Policy_Authorization_StageTruncate,MTT,eQ75uWJLpUxk22wOweEvcM
/Explore/SALESFORCE/Intraday,mct_Salesforce_Policy,MTT,7IhMhF44RrfhiniIXp80mT
/Explore/SALESFORCE/Intraday,m_Salesforce_Outbound_To_Salesforce_Address__c,DTEMPLATE,h3sjKWfqGAoe1vsuFdrnih
/Explore/SALESFORCE/Intraday,mct_Salesforce_Outbound_Producer_Address_StageTruncate,MTT,8wXmCujqhWEfLQsnRd40on
/Explore/SALESFORCE/InitialLoad,mct_Salesforce_Outbound_To_Salesforce_Policy_Document,MTT,6VKWt9ysPGqghtKt6yIa6S
/Explore/SALESFORCE/InitialLoad,mct_Salesforce_Policy_Tax,MTT,7SFgpu7BWVMlUxL9JVcMuL
/Explore/SALESFORCE/Intraday,mct_Salesforce_Address,MTT,3KrGqDBZmzDeCAhFm3TE6u
/Explore/SALESFORCE/InitialLoad,mct_Salesforce_Outbound_To_Salesforce_Producer_Address,MTT,fyoF0E9gYu1h5iRWeISmE2
/Explore/SALESFORCE/Intraday,m_Salesforce_Reference_Inbound_Producer,DTEMPLATE,68cynuO4DOQerCTqfCFXYj
/Explore/SALESFORCE/FullLoad,mct_Salesforce_Reference_Inbound_User_FullLoad,MTT,8nR0pUT1VgIlne5xNWnZwg
/Explore/SALESFORCE/Intraday,mct_Salesforce_Account_Person,MTT,2d3yyUIrZSEg7t3JKH9SEj
/Explore/SALESFORCE/Daily,Upsert Account,MTT,01lsdA3KfcwbS2xH1VwMua
/Explore/SALESFORCE/Intraday,mct_Salesforce_Account_Business_StageTruncate,MTT,anRn76ryvtXlliVSgwIKAk
/SYS,Salesforce DCX,Connection,kKV6rHjNt0VcSI09bENVYP
/Explore/SALESFORCE/Intraday,m_Salesforce_Outbound_To_Salesforce_Person_Account_lkp,DTEMPLATE,2EEh28F3rwkjLsytcXSs8l
/Explore/SALESFORCE/Daily,Upsert Address,DTEMPLATE,0GxNYf0LOqYjJqry6sEsOC
/Explore/SALESFORCE/InitialLoad,mct_Salesforce_Allocation_Rates,MTT,iden1gYkPc8egmCDoaDTUb
/Explore/SALESFORCE/InitialLoad,mct_Salesforce_Outbound_Advisor_Contact_StageTruncate,MTT,9gS0rqBG0aygDlhziAThG9
/Explore/SALESFORCE/Events,PO-ProcedureInfo-account,PROCESS_OBJECT,iaQ4MG4Y6GhgDlas2bHugd
/Explore/SALESFORCE/InitialLoad,m_Salesforce_Outbound_To_Salesforce_Allocation,DTEMPLATE,9xMjBphSoeYded6q2TCMSl
/Explore/SALESFORCE/Intraday,mct_Salesforce_To_Mapping_Contact,MTT,dDdtIq205M0iK7ZOivR6GH
/Explore/SALESFORCE/Intraday,mct_Salesforce_Reference_Inbound_RecordType,MTT,4ajDCYXg8kdlSmJ9oPh4Op
/Explore/SALESFORCE/Daily,Upsert Policy - SQL,MTT,iO36hwVboiVjrSJ5aLh9IH
/Explore/SALESFORCE/Intraday,mct_Salesforce_Producer_Policy_Assignment_StageTruncate,MTT,20Vsq8rVTOTkLIa6n6NnKO
/Explore/SALESFORCE/Intraday,m_Salesforce_Outbound_To_Salesforce_SubAccount,DTEMPLATE,eld8ypzj8ARhZXAqqZ63ui
/Explore/SALESFORCE/Intraday,mct_Salesforce_Account_Business,MTT,lzCtPha9skUecKgn58J90K
/Explore/SALESFORCE/Events,prcs_SF_ServiceBus_ContractNote,PROCESS,6OGmQlg9DgeidcHqe8KDio
/Explore/SALESFORCE/Intraday,mct_Salesforce_Account_BrokerDealer,MTT,7qo2D6T6QUqgViEQp7ZEA5
/Explore/SALESFORCE/InitialLoad,mct_Salesforce_Allocation_StageTruncate,MTT,450K8QxYcoMh8cGmGxG3KJ
/Explore/SALESFORCE/InitialLoad,mct_Salesforce_Policy_StageTruncate,MTT,1MEJ4t9qcKAilz9E2I0Iau
/Explore/SALESFORCE/Events,appconn-Email-dcx,AI_CONNECTION,dMMp4bY3n4ckePKmUZ9soo
/Explore/SALESFORCE/Daily,Update Policy Upline Hierarchies,DTEMPLATE,62zuZdCFx8bklB0mKGvScX
/Explore/SALESFORCE/InitialLoad,stf_Salesforce_Outbound_Policy,TASKFLOW,l8WC55tQ52Sj0Htcj0EaKx
/Explore/SALESFORCE/Intraday,stf_Salesforce_DCX_Outbound_Address,TASKFLOW,7SC3Bs2om6JeZd4sIwjywv
/Explore/SALESFORCE/Intraday,mct_Salesforce_Outbound_Policy_Documents,MTT,30gwzi73RTNhuK0hRwVhka
/Explore/SALESFORCE/Daily,Query Account,MTT,0nY4iEtF52bfv5ZoiJKEQN
/Explore/SALESFORCE/TruncateSalesforce,mct_Address_Delete,MTT,9oZrD3oZXyad8JUQ6LeWEb
/Explore/SALESFORCE/Daily,Query Initial Allocations,MTT,6JkKC6An4YZdcGzf1atTyk
/Explore/SALESFORCE/Daily,Upsert Pending Policy Allocations,MTT,cdvAobuxvWhh6VQipyYcqr
/Explore/SALESFORCE/Intraday,mct_Get_Batch_OkToRun_Flag_SalesforceDCX,MTT,gQATMwI8madjiYg2tAjQmG
/Explore/SALESFORCE/Daily,Upsert Policy Holder,MTT,8ZTijMGuoCvj51YN3KhmKh
/Explore/SALESFORCE/Intraday,mct_Salesforce_Outbound_To_Salesforce_Person_Account,MTT,3HHTuJ0hOB9dyr9Y0tRqKE
/Explore/SALESFORCE/FullLoad,mct_Salesforce_Reference_Inbound_SubAccount_FullLoad,MTT,3voLtTCK2UTdzCvUJyuFYm
/Explore/SALESFORCE/InitialLoad,mct_Salesforce_Agent_Tax_Documents_StageTruncate,MTT,52FB1FhSBoykRWpCh2KNIJ
/Explore/SALESFORCE/Intraday,mct_Salesforce_Outbound_Account_Address_Sub_Account_StageTruncate,MTT,fAp40NhPVkwbsEc6XLTsOM
/Explore/EDW-UTILITIES,m_Update_Step_Status_To_Failed,DTEMPLATE,5y5boh4FoIIeW8O761k42x
/Explore/SALESFORCE/Daily,Upsert Policy Holder Contacts,DTEMPLATE,3WJXlNHu2oMdUyePcDLg85
/Explore/SALESFORCE/Intraday,mct_Salesforce_Producer_Upline_StageTruncate,MTT,kQWbF1Tg1AEgNxHST4WRiO
/Explore/SALESFORCE/Intraday,m_Salesforce_Outbound_To_Salesforce_Upline_Detail,DTEMPLATE,axLaB5bosCpeM0eOPFqK6S
/Explore/SALESFORCE/InitialLoad,m_Salesforce_Outbound_To_Salesforce_Account_Address_Sub_Account,DTEMPLATE,1QS8mo8aiF5hFQOhHpQjeB
/SYS,EDW_Outbound_Salesforce,Connection,deoHqLhttwPlhGJZ4kZScS
/Explore/SALESFORCE/Daily,Upsert Wholesaler Account,DTEMPLATE,fB9xBpWrnSQlJu5roo4zaz
/Explore/SALESFORCE/Intraday,mct_Batch_End_Completed_Salesforce_Intraday_15MIN,MTT,8wdlLehqEfxh19MgiC9c4a
/Explore/SALESFORCE/InitialLoad,mct_Salesforce_Account_Address_Sub_Account,MTT,aMGZiEACxGQbSpkASDFEEr
/Explore/SALESFORCE/Intraday,m_Salesforce_Reference_Inbound_User,DTEMPLATE,0xzqE8An1WgbcrTNcQrOyg
/Explore/SALESFORCE/Intraday,mct_Salesforce_Outbound_To_Salesforce_PolicyParticipant,MTT,1rckE2ktX1EcdTTXKo3g6B
/Explore/SALESFORCE/Daily,mt_AzureML_SFContact,MTT,l0kFFFIXpq2drXhVYgUsyT
/Explore/SALESFORCE/Daily,m_EDWMarketMetrics_SalesforceMMLD,DTEMPLATE,5AmTo2fJidoligJi1FWWeK
/Explore/SALESFORCE/InitialLoad,mct_Salesforce_Lookup_Contact,MTT,39krXpit62Pc4kdZ3nMryg
/Explore/SALESFORCE/Intraday,stf_IntradayAuto_Batch_DCX,TASKFLOW,0pPzczEIHzkiPM37rZOWm9
/Explore/SALESFORCE/InitialLoad,mct_Salesforce_Outbound_Account_Address_Sub_Account_StageTruncate,MTT,0i5yBZYABcObRQ0XEj5iqZ
/Explore/SALESFORCE/InitialLoad,mct_Salesforce_Outbound_To_Salesforce_Person_Account,MTT,kEZrh3EuY0lkEbqMWNZZ8R
/Explore/SALESFORCE/TruncateSalesforce,mct_Account_Delete,MTT,4iB0eSKo4xGjcTgXmQ2jOS
/Explore/SALESFORCE/Intraday,mct_Salesforce_Outbound_To_Salesforce_Agent_Tax_Document,MTT,jW0L7TkeDEec6OpvpTzDwP
/Explore/SALESFORCE/InitialLoad,mct_Salesforce_Outbound_Policy_Documents_StageTruncate,MTT,4PNU5cZU0vBcv2t5OFbMwG
/Explore/SALESFORCE/TruncateSalesforce,m_Account_Address_Delete,DTEMPLATE,4BIiuZdguWnj5mH2ytdp0p
/Explore/SALESFORCE/Intraday,mct_Salesforce_Account_BrokerDealer_StageTruncate,MTT,9MWVqnWeo8vhvFcUOFUZkC
/Explore/SALESFORCE/FullLoad,mct_Salesforce_Reference_Inbound_Address_FullLoad,MTT,9tLH4EgSR6fgTSTaTitJue
/Explore/SALESFORCE/Events,appconn-EDW-Audit-dbo-dcx,AI_CONNECTION,8X1HXB8sc7nl5h7bdXnAGD
/Explore/SALESFORCE/Daily,Query Policy Allocations,DTEMPLATE,4sSoJMHMK4XlKomomJDpwA
/Explore/SALESFORCE/Daily,Query Record Type,DTEMPLATE,2QlWJoVwvEigwX1LCsWVC3
/Explore/SALESFORCE/Intraday,m_Salesforce_Outbound_To_Salesforce_Producer_Policy_Assignment,DTEMPLATE,7rz6MAUgsMelur1i2iWvqc
/Explore/SALESFORCE/Daily,Upsert Email Address,MTT,j961k7MCgislrN3kYPqDMe
/Explore/SALESFORCE/Daily,Upsert Wholesaler Account,MTT,9JGLMDu8EW6kKpTvB8wLes
/Explore/SALESFORCE/Daily,SF Market Metrics to Market Metrics Location Data,TASKFLOW,07jqtGORjvdenhJZwj854X
/Explore/SALESFORCE/Intraday,mct_Salesforce_Upline_Detail,MTT,3OKEcSUumiOivsL0gCDla7
/Explore/SALESFORCE/InitialLoad,m_Salesforce_Outbound_To_Salesforce_Advisor_Contact,DTEMPLATE,15wobBctr82dR5TbsaFkak
/Explore/SALESFORCE/Intraday,m_Salesforce_Outbound_To_Salesforce_Account_Address__c,DTEMPLATE,6KaidWOHoiohg0PJIsLa8t
/Explore/SALESFORCE/InitialLoad,m_Salesforce_Outbound_To_Salesforce_Account_Wholesaler,DTEMPLATE,0FM6yrjuLVpiwCr6TI8Yy7
/Explore/SALESFORCE/Intraday,mct_Salesforce_Outbound_To_Salesforce_Account_Address_Sub_Account,MTT,2GiXGGmn0MWhUHPMCiAhSg
/Explore/SALESFORCE/Intraday,mct_Salesforce_Upsert_Contact_NameId,MTT,4CibmMmI35FhmZnQbsrH4M
/Explore/SALESFORCE/Daily,Upsert Initial Allocations,DTEMPLATE,2gASMhQgxAGiHjsaSPmvSc
/Explore/SALESFORCE/Daily,Upsert PendingRequirment,MTT,7F2qh5qKTahg5odFSYr7Ki
/Explore/SALESFORCE/InitialLoad,mct_Get_Batch_OkToRun_Flag_SalesforceDCX,MTT,gYKFGjow5cneNVWpMHIdIn
/Explore/SALESFORCE/InitialLoad,m_Salesforce_Outbound_To_Salesforce_Policy_Tax_Document,DTEMPLATE,8FgKLB6Kfw1e22qQsgekwJ
/Explore/SALESFORCE/Daily,Manage Sync Completion,MTT,ae5B8FVypLQlLohzPU5ROD
/Explore/SALESFORCE/TruncateSalesforce,m_InsurancePolicy_Delete,DTEMPLATE,i8DeBgLDuCglI1nSUZWnSp
/Explore/SALESFORCE/InitialLoad,mct_Salesforce_Allocation,MTT,0B89xjpnc4JlsdXCL50vUi
/Explore/SALESFORCE/Events,appconn-sc-Azure-ServiceBus-Topic-ContractNote-Api-dcx,AI_CONNECTION,2QcFqOldtwZhO1O7YcE785
/Explore/SALESFORCE/Daily,Update Active Email Address,DTEMPLATE,9AMLi5w148slzlOcR6NkAn
/Explore,EDW-LIFEPRO,Project,3CtYYaCly1GbtKk8VK52kq
/Explore/SALESFORCE/InitialLoad,mct_Salesforce_Outbound_To_Salesforce_SubAccount,MTT,6ztKncSGf8siBAlrbJWq0G
/Explore/SALESFORCE/Events,sc-Azure-ServiceBus-Topic-Api,AI_SERVICE_CONNECTOR,bvdea3s4IoUgD2fu4xlcYi
/Explore/SALESFORCE/Intraday,mct_Salesforce_Policy_StageTruncate,MTT,fNH1kqMklkdftKWZYp4oY6
/Explore/SALESFORCE/Intraday,m_Salesforce_Outbound_To_Salesforce_Policy,DTEMPLATE,1VnIA7D8kcTefgQRvxnjSv
/Explore/SALESFORCE/InitialLoad,mct_Salesforce_Outbound_To_Salesforce_Account_BrokerDealer,MTT,dTDdZjTmkIndtwSt0Dxuck
/Explore/SALESFORCE/Daily,m_Generic_For_PreProcessing_Jobs,DTEMPLATE,59dwDfr70eYdRziBrAJJyO
/Explore/EDW-LIFEPRO,INTRADAY,Folder,1taWcz94NyxeMpfphqC6A0
/Explore/SALESFORCE/Intraday,m_Salesforce_To_Mapping_Account,DTEMPLATE,56wEdzb0O6McnjyGoYXBij
/Explore/SALESFORCE/TruncateSalesforce,m_Sub_Account_Delete,DTEMPLATE,aQZuUkAtOi5ja5D5WaluYr
/Explore/SALESFORCE/InitialLoad,rt_Salesforce_Lookups,DRS,1OJZUSim5kFhhEUMs2yo6w
/Explore/SALESFORCE/InitialLoad,mct_Salesforce_Outbound_Account_NMO_StageTruncate,MTT,448Hi0D7isaie6LrDUJ6MF
/Explore/SALESFORCE/Daily,mt_SnowflakeML_SFContact,MTT,itVfIfY8SsKfGsKo8oTyuB
/Explore/SALESFORCE/Daily,Upsert Pending Requirement,MTT,bbw0Aogl7qvhgMjlGwnTIi
/Explore/SALESFORCE/Intraday,mct_Salesforce_Outbound_Sub_Account_StageTruncate,MTT,13I2fF7JSv3esuOjXWBCIj
/Explore/SALESFORCE/Intraday,m_Salesforce_Reference_Inbound_Address,DTEMPLATE,70LrITSUShjivMuPTUxN8A
/Explore/SALESFORCE/InitialLoad,mct_Salesforce_Outbound_To_Salesforce_Agent_Tax_Document,MTT,8hsqxhtPVesfja3AidkhEs
/Explore/SALESFORCE/InitialLoad,rt_Salesforce_Lookup_SubAccount,DRS,4ZWRKo7zlLTl6RwLMSszGv
/Explore/SALESFORCE/FullLoad,m_Salesforce_VersionID_Reset_Account,DTEMPLATE,jMSshCS9lkOd4P6ms5lj8P
/Explore/SALESFORCE/Daily,m_AzureML_SFContact,DTEMPLATE,0SKzjlbkdB6fPIFo1v8Ry8
/Explore/SALESFORCE/TruncateSalesforce,mct_InsurancePolicy_Delete,MTT,1g1SJrf1Y39cuMdgXSn1C4
/Explore/SALESFORCE/Daily,Update Contact AML - Hourly,MTT,4C3QvPRD83TlfSppVlxheC
/Explore/SALESFORCE/Daily,Delete Email Address,DTEMPLATE,1jYFPke5uixfBjEZR3lSCj
/SYS,WH_Salesforce,Connection,dyYCsxCwIOJffuZDOiBv46
/Explore/SALESFORCE/Intraday,mct_Salesforce_Outbound_To_Salesforce_Advisor_Contact,MTT,erOx4S43vifcoVGAhjz68Y
/Explore/SALESFORCE/Daily,Query Record Type,MTT,4MPsxElEOuhgBDz7Si5YYU
/Explore/SALESFORCE/TruncateSalesforce,m_Producer_Address_Delete,DTEMPLATE,gcegA9Kq1S4gMUtJndh0I7
/Explore/SALESFORCE/Daily,Update Contacts as Signing Agent,DTEMPLATE,9mg6Th653EJf8VsLXfYg02
/Explore/SALESFORCE/Intraday,mct_Salesforce_Reference_Inbound_Producer,MTT,1VuUnDFi9s7k9K2yBtoqYa
/Explore/SALESFORCE/FullLoad,mct_Salesforce_VersionID_Reset_Contact,MTT,l3EM3wgmwgHg8CB5IvL8Kv
/Explore/SALESFORCE/Daily,Upsert Policy Allocations,DTEMPLATE,5fC82CHOEFaczpDABrGycY
/Explore/SALESFORCE/InitialLoad,m_Salesforce_Outbound_To_Salesforce_Address__c,DTEMPLATE,5dhXJ6jaxBslRfJgil2Cib
/Explore/SALESFORCE/Daily,Upsert Policy Holder Contacts,MTT,7ZrSmJwvLGDh8uD4dUe12o
/Explore/SALESFORCE/Daily,Update Account - Hourly,DTEMPLATE,3wmKod2gwapjHYY2Y9nuAh
/Explore/SALESFORCE/TruncateSalesforce,mct_Contact_PersonAccount_Delete,MTT,9WGvT7xK8yEj14wTj9r8E7
/Explore/SALESFORCE/InitialLoad,mct_Salesforce_Outbound_To_Salesforce_Advisor_Contact,MTT,9D142cYU9LQaZn2d8q6Ae4
/Explore/SALESFORCE/Intraday,mct_Salesforce_Allocation_Rates,MTT,9LBh4nHXWWDdQQ5yNx1T2K
/Explore/SALESFORCE/Intraday,m_Salesforce_Outbound_To_Salesforce_Producer,DTEMPLATE,7oLWqeiO6nikxaO8TMp6s5
/Explore/SALESFORCE/InitialLoad,rt_Salesforce_Lookup_Account,DRS,0oAYQVhvdoDinrYm9Cw7Sp
/Explore/SALESFORCE/FullLoad,mct_Salesforce_VersionID_Reset_Account,MTT,fkEbJ8sddKuixe3T6w1I6h
/Explore/SALESFORCE/InitialLoad,m_Salesforce_Outbound_To_Salesforce_Account_Address__c,DTEMPLATE,9cAmLXjJ2jxgAPXUkSjyI1
/Explore/SALESFORCE/Intraday,mct_Salesforce_Insurance_Policy_Participant,MTT,k5Hgq87cAaTi9Rmztye0ag
/Explore/SALESFORCE/FullLoad,m_Salesforce_Reference_Inbound_RecordType_FullLoad,DTEMPLATE,747GRScwI2RdgvEEihWrsg
/Explore/SALESFORCE/FullLoad,mct_Salesforce_Reference_Inbound_InsurancePolicy_FullLoad,MTT,7Ue2HVb4Zbzk2acsxqikm6
/Explore/SALESFORCE/Events,appconn-Salesforce-dcx-platformevents,AI_CONNECTION,8QYXp9IyCZHkg051Fqq4OD
/Explore/EDW-UTILITIES,m_Get_Batch_OkToRun_Flag,DTEMPLATE,buZHbp9c5AVd0BgupJuNiF
/Explore/SALESFORCE/InitialLoad,mct_Salesforce_Account_Person,MTT,77c8BS8B6areglXEZ8YrAs
/Explore/SALESFORCE/TruncateSalesforce,m_Contact_AdvisorContact_Delete,DTEMPLATE,7ZB8gH3foV1dzk0TGxZPMP
/Explore/SALESFORCE/InitialLoad,rt_Salesforce_Lookup_Producer,DRS,j13p6w8YJOpg91JP4qAPK0
/SYS,EDW_Landing_Salesforce,Connection,58FDErEy1LVdELG7Piyx8m
/Explore/SALESFORCE/Intraday,m_Salesforce_Outbound_To_Salesforce_PolicyParticipant,DTEMPLATE,4y1vMbSLpk5bdsgIwlr6Sz
/Explore/SALESFORCE/Intraday,mct_Salesforce_Outbound_Advisor_Contact_StageTruncate,MTT,8O7jgYEWHG4hRqYitHYPAO
/Explore/SALESFORCE/Intraday,mct_Salesforce_Outbound_Policy_Documents_StageTruncate,MTT,duxtbx2P4WElbLXyZgy0YA
/Explore/SALESFORCE/Daily,Update Hierarchy - Upline and Signing,DTEMPLATE,aRA2qixidEPk5Vpe40kVet
/Explore/SALESFORCE/Daily,Update Hierarchy - Upline and Signing,MTT,fycBEm860OofKy7tVllRkR
/Explore/SALESFORCE/Daily,Upsert Policy - SQL,DTEMPLATE,8pBlVcq6pjUiniHW3qLTKu
/Explore/SALESFORCE/InitialLoad,m_Salesforce_Outbound_To_Salesforce_Policy_Document,DTEMPLATE,44z83GEfKKdkUQv0xmQqqf
/Explore/SALESFORCE/FullLoad,m_Salesforce_VersionID_Reset_Contact,DTEMPLATE,5yQsGzSaBwpbJUTaXHJTUP
/Explore/SALESFORCE/Intraday,m_Salesforce_Outbound_To_Salesforce_Account_Wholesaler,DTEMPLATE,9tpveBP6Jc4cZmA3XHRrgF
/Explore/SALESFORCE/Intraday,mct_Salesforce_Producer,MTT,1pyP8XU2FK4lwL4Pzs3e03
/Explore/SALESFORCE/InitialLoad,mct_Batch_Status_Check_Salesforce_15MIN,MTT,8KV7qV9XpSvkwbxzF3oqSx
/Explore/SALESFORCE/InitialLoad,m_Salesforce_Outbound_To_Salesforce_Person_Account,DTEMPLATE,aK3u4ryqjKpi1GgyEGWtCg
/Explore/SALESFORCE/Intraday,mct_Salesforce_To_Mapping_Account,MTT,gnPz5YT9OK3eIlyBngF6OJ
/Explore/SALESFORCE/Intraday,m_Salesforce_Reference_Inbound_Product2,DTEMPLATE,8EjFYNQTqstlRNReVK3WK7
/Explore/SALESFORCE/Intraday,mct_Salesforce_Outbound_To_Salesforce_Account_Business,MTT,a54nqtS97L1bDIewGCRWuF
/Explore/SALESFORCE/InitialLoad,m_Salesforce_Outbound_To_Salesforce_Producer_Address,DTEMPLATE,688JxdF8YwsdAna9yWkogo
/Explore/SALESFORCE/Daily,mct_Create_Manage_Sync_Job_Status_File,MTT,6cZSntdZMsGg6toyPRG322
/Explore/SALESFORCE/Intraday,mct_Salesforce_Outbound_To_Salesforce_Producer,MTT,5mgjiT8ySYQcj5WoIj05qy
/Explore/SALESFORCE/Daily,Upsert Initial Allocations - Full Year,MTT,dGDtCOArFWJbYVRV6NIjcC
/Explore/SALESFORCE/Daily,Upsert PendingRequirement,DTEMPLATE,0erjY6LqIKjhGSFD5QDggR
/Explore/SALESFORCE/InitialLoad,mct_Salesforce_Account_NMO,MTT,9JkfrBIr1ORfslkBjGAaar
/Explore/SALESFORCE/Daily,Upsert Policy,MTT,0PnLLlMsSvtfADW2orIWSH
/Explore/SALESFORCE/Intraday,mct_Update_Step_Status_to_Failed_Salesforce_Intraday_15MIN,MTT,1Bt0MPMPEstjjjkpxLtT2H
/Explore/SALESFORCE,Events,Folder,1tmVvrIve6ofL1LfVk4fUt
/Explore/SALESFORCE/FullLoad,m_Salesforce_Reference_Inbound_User_FullLoad,DTEMPLATE,eXzEvSFQs0UeHAd2gCi0GT
/Explore/SALESFORCE/InitialLoad,m_Salesforce_Outbound_To_Salesforce_SubAccount,DTEMPLATE,1hRQcsHU8Njbg6oQlfdfuI
/Explore/SALESFORCE/Intraday,mct_Salesforce_Outbound_To_Salesforce_Producer_Policy_Assignment,MTT,cRLqqx6ksO8kyDjFNBFImT
/Explore/SALESFORCE/Intraday,mct_Salesforce_Address_StageTruncate,MTT,19pqyEXjlEOia1LSAkWUw8
/Explore/SALESFORCE/Intraday,mct_Salesforce_Allocation_StageTruncate,MTT,4V1LvYzKEKHcXilo2FFbeo
/Explore/SALESFORCE/InitialLoad,mct_Salesforce_Lookup_SubAccount,MTT,eb2nKOfbS0OkQ0Nu7bjCu5
/Explore/SALESFORCE/Daily,Upsert Initial Allocations - Full Year,DTEMPLATE,l4OSVGdhNY7loR4arNViCj
/Explore/SALESFORCE/Intraday,m_Salesforce_Outbound_To_Salesforce_Product,DTEMPLATE,9BEcFGcOtuZlxtsUCuBSCN
/Explore/SALESFORCE/InitialLoad,mct_Salesforce_Outbound_Policy_Documents,MTT,7pvL2MgBiXNioAKqFaGa8M
/Explore/SALESFORCE/Intraday,m_Salesforce_Outbound_To_Salesforce_Agent_Tax_Document,DTEMPLATE,cZfo76NiUOMjzzZtXJJs42
/Explore/SALESFORCE/InitialLoad,mct_Salesforce_Outbound_Account_BrokerDealer_StageTruncate,MTT,8Aixqf7UcMVeO09m801LoO
/SYS,EDW_Audit_dbo,Connection,3Lg5ihjIKR4jLo1O9OOYCs
/Explore/SALESFORCE/Daily,Manage_Sync,TASKFLOW,8x7meZTuqyWjvZf58BmUuw
/Explore/SALESFORCE/InitialLoad,m_Account_Address_Delete,DTEMPLATE,2Nx6f952iTLgYZM4o7zl8v
/Explore/SALESFORCE/Daily,Upsert Policy Allocations,MTT,2D7SEPst2OwbM6uxaaef6r
/Explore/SALESFORCE/Intraday,mct_Salesforce_Producer_Policy_Assignment,MTT,5N5O8D4rfQRh5HezjNfd2y
/Explore/SALESFORCE/FullLoad,m_Salesforce_Reference_Inbound_SubAccount_FullLoad,DTEMPLATE,cIHwFGjztwzd02wm1wnmws
/Explore/SALESFORCE/TruncateSalesforce,mct_Contact_AdvisorContact_Delete,MTT,5PAycP9hmqHc4f8P1JreGB
/Explore/SALESFORCE/InitialLoad,mct_Salesforce_Outbound_To_Salesforce_Policy_Authorization,MTT,d3767PpceKjidg125uSA2H
/Explore/SALESFORCE/Intraday,mct_Salesforce_Outbound_Account_Address_StageTruncate,MTT,lYswG1F2LyOlmeqlYqSJgU
/Explore/SALESFORCE/TruncateSalesforce,m_Contact_PersonAccount_Delete,DTEMPLATE,0pr1clI57PnbMiCfbBklSF
/Explore/SALESFORCE/Intraday,mct_Salesforce_Account_Wholesaler_StageTruncate,MTT,2SWLHEHUqE6iUibOKxW3uv
/Explore/SALESFORCE/InitialLoad,mct_Salesforce_Product,MTT,92HJUwxnMumiOCDUT2FuYd
/Explore/SALESFORCE/InitialLoad,stf_Salesforce_Outbound_PolicyDocs,TASKFLOW,gq5iZmnYJKmkWUhoNdNus9
/Explore/SALESFORCE/InitialLoad,stf_Salesforce_Outbound_Address,TASKFLOW,a0ZhocI53WpfFvKIsoKr0N
/Explore/SALESFORCE/Daily,m_SnowflakeML_SFContact,DTEMPLATE,jmatfdPv5k9cA2PlcoaYA7
/Explore/SALESFORCE/FullLoad,mct_Salesforce_Reference_Inbound_RecordType_FullLoad,MTT,0H9tHYQluHCgFKJB5oP5od
/Explore/SALESFORCE/Daily,Delete Policy,DTEMPLATE,5vNHLZGqqcokzpfzYmKQQg
/Explore/SALESFORCE/TruncateSalesforce,m_InsurancePolicyParticipant_Delete,DTEMPLATE,60m8wjA9ZG8ipGMma72kmS
/Explore/SALESFORCE/Intraday,mct_Salesforce_Outbound_To_Salesforce_Account_BrokerDealer,MTT,8cyZgV66IASenOxWW0fO8j
/Explore/SALESFORCE/InitialLoad,mct_Salesforce_Producer_Address,MTT,lvsA9151XaDdcF0aNASFoR
/Explore/SALESFORCE/Intraday,mct_Salesforce_Reference_Inbound_User,MTT,316H2vuLkIuk2HWRb8QjAn
/Explore/SALESFORCE/Intraday,mct_Salesforce_Outbound_To_Salesforce_Producer_Upline,MTT,0kY1fzA2vYtewaHRxNfiIB
/Explore/SALESFORCE/Intraday,stf_Salesforce_DCX_Outbound_Contact,TASKFLOW,4QGMeAotsECh1UyQWTffA7
/Explore/SALESFORCE/Daily,m_EDWMarketMetrics_SalesforceMarketMetricsJuntionLeads,DTEMPLATE,2UQBYFI0c77c0U8ovOg7my
/Explore/SALESFORCE/TruncateSalesforce,m_Account_Delete,DTEMPLATE,8YGIRVVYvcXbYOq6sZQSo2
/Explore/SALESFORCE/Daily,Query Contact,MTT,bgh3PlfJ4mHiJzS1o589kb
/Explore/SALESFORCE/Daily,Upsert Pending Policy Allocations,DTEMPLATE,8EcAmNqsPcmdQKRxICgZkb
/Explore/SALESFORCE/InitialLoad,mct_Update_Batch_Status_To_Running_Salesforce,MTT,1FZYi2iDfvnkJSBVG3A64O
/Explore/SALESFORCE/Intraday,m_Salesforce_Outbound_To_Salesforce_Allocation,DTEMPLATE,6cuDDHeeIVOgBdInqqI1mg
/Explore/SALESFORCE/Daily,Upsert Monthly Premium,MTT,19KIlwPvHbxlYBu96heqOt
/Explore/SALESFORCE/Daily,Query Email Address,DTEMPLATE,7MUhlldJoJllAShtZxbtmb
/Explore/SALESFORCE/InitialLoad,mct_Salesforce_Insurance_Policy_Participant,MTT,3jzDcnL3hwWg4EGXeot0my
/Explore/SALESFORCE/Intraday,mct_Salesforce_Reference_Inbound_InsurancePolicy,MTT,4jJQ3BFxTmng6N59nPN0gw
/Explore/SALESFORCE/Daily,Update Broker Dealer Wholesaler Relationship,MTT,4WYd44ukwTjhiikGHaDOe4
/Explore/SALESFORCE/Daily,Upsert Policy Holder,DTEMPLATE,lMjMmJSIKE9fOKIr0Hecsj
/Explore/SALESFORCE/InitialLoad,mct_Salesforce_Outbound_To_Salesforce_Account_Business,MTT,fEkJAUDU4qIgosHHrP48ka
/Explore/SALESFORCE/Intraday,mct_Salesforce_Account_Institution,MTT,41MBaBuPUykbtcxbOe2V8g
/Explore/SALESFORCE/Intraday,mct_Salesforce_Insurance_Policy_Participant_StageTruncate,MTT,4Lp4zzwqWAGdGAzTqbJKiF
/Explore/SALESFORCE/TruncateSalesforce,m_Allocation_Delete,DTEMPLATE,j28RZ2U2kKdiralmCCrrsx
/Explore/SALESFORCE/Daily,Upsert Hierarchy,DTEMPLATE,1fdwSS2zpIuhl6NSojJHA7
/Explore/SALESFORCE/TruncateSalesforce,m_Product_Delete,DTEMPLATE,fDLahcUSuA2keuPnHOkIyE
/Explore/SALESFORCE/InitialLoad,rt_Salesforce_Lookup_InsurancePolicyParticipant,DRS,jF9pfHFbXcCenqjsXuLCac
/Explore/SALESFORCE/Intraday,mct_Salesforce_Upline_Detail_StageTruncate,MTT,9pqfOGUN0PxbZArZS2dE8A
/Explore/SALESFORCE/Intraday,m_Salesforce_Outbound_To_Salesforce_Policy_Tax_Document,DTEMPLATE,7B6mnAMjpS7jXFI0MT5ekL
/Explore/SALESFORCE/Daily,Update Account - Hourly,MTT,91WxfuRgKqtjjQzBLxwPqL
/Explore/SALESFORCE/Daily,Manage_Sync_Original,TASKFLOW,br6lulw0H2nb8eVQRe4a4v
/Explore/SALESFORCE/Daily,Upsert Initial Allocations,MTT,0tQehyGqWmAgBPtpeyTvSX
/Explore/SALESFORCE/Intraday,stf_Salesforce_DCX_Outbound_Policy,TASKFLOW,0dQ1m0pJSzYcQjJc0mI1Co
/Explore/SALESFORCE/Intraday,stf_Salesforce_DCX_Outbound_Prerequisites,TASKFLOW,atPLLjpNM22gb0GqRRlh62
/Explore/SALESFORCE/InitialLoad,rt_Inbound_To_EDW_Landing_Family_Authorizations,DRS,2KC1j8iTyscdYm0uAid2m0
/Explore/SALESFORCE/Daily,Delete Policy Holder Contacts,DTEMPLATE,cAgyorjG7a4jbiiyuX8P6F
/Explore/SALESFORCE/Daily,Upsert State Training,DTEMPLATE,6DUFrT5HtqTi3VpdIghKkn
/Explore/SALESFORCE/Intraday,m_Salesforce_To_Mapping_Contact,DTEMPLATE,kfPDxizYoSFkYKu0wCDDMx
/Explore/SALESFORCE/Intraday,mct_Salesforce_Outbound_To_Salesforce_Product,MTT,1kyygheXxVBcu0JAv0pwwD
/Explore/SALESFORCE/Daily,Update Hierarchy - Broker Dealer Relationship,DTEMPLATE,3KaHTUHWUOLiIoucoAlgK6
/Explore/SALESFORCE/Daily,Update Wholesaler Premium,MTT,l9KqBHfE88NfsQotbWomQq
/Explore/SALESFORCE/Intraday,mct_Salesforce_Outbound_To_Salesforce_Account_Wholesaler,MTT,0ZKFbGdRWsYel4ueiivUaS
/Explore/SALESFORCE/Daily,Snowflake Predictive Analytics to Salesforce,TASKFLOW,48g4BSL2NagbNIBYyXOYCt
/Explore/SALESFORCE,InitialLoad,Folder,1QcYD0n6CGRfPLTdQzVN8Y
/Explore/SALESFORCE/InitialLoad,mct_Batch_End_Completed_Salesforce_Intraday_15MIN,MTT,8plGJoM4BCmbX5X1IlNuUc
/Explore/EDW-UTILITIES,m_Update_Batch_Status_To_Failed,DTEMPLATE,fFC5SdKZaKfbqj3UdCcj0S
/Explore/SALESFORCE/Intraday,m_Salesforce_Reference_Inbound_RecordType,DTEMPLATE,9HU5hAsY6lgesoLPKghh4N
/Explore/SALESFORCE/InitialLoad,mct_Salesforce_Outbound_To_Salesforce_Account_NMO,MTT,8yQQ41nLkYaczemrRtSKsN
/Explore/SALESFORCE/Daily,Update Wholesaler Premium,DTEMPLATE,6HLLPnGqafNjusCf3JbEIt
/Explore/SALESFORCE/InitialLoad,mct_Update_Step_Status_To_Completed_Salesforce_Intraday_15MIN,MTT,1yhCQd6ZqUUlUTyn5Dw50e
/Explore/SALESFORCE/Intraday,mct_Salesforce_Account_Institution_StageTruncate,MTT,0TEyRvlLsQHksOZTRXYUgp
/Explore/SALESFORCE/Daily,Upsert Pending Requirment,DTEMPLATE,8IoV0r5YRAocpNfOV7YkKV
/Explore/SALESFORCE/Intraday,stf_Salesforce_DCX_Outbound_PolicyDocs,TASKFLOW,0fW0lmoEzYEcnlx2cbRLcU
/Explore/SALESFORCE/TruncateSalesforce,mct_InsurancePolicyParticipant_Delete,MTT,33iPWUt7b5WfMNn5aimau0
/Explore/SALESFORCE/InitialLoad,mct_Salesforce_Outbound_To_Salesforce_Account_Address_Sub_Account,MTT,2fcEiOBOqGuhQ2Lb9xB6Au
/Explore/SALESFORCE/Intraday,mct_Salesforce_Outbound_To_Salesforce_Account_NMO,MTT,c4AS9FjuA0hhyCUhM9EHm3
/Explore/SALESFORCE/InitialLoad,mct_Salesforce_Producer_Policy_Assignment,MTT,athM4HXQtXFduDXA14qAmJ
/Explore/SALESFORCE/Daily,Update Contact - Hourly,DTEMPLATE,5Y190o9aDGIbu5LNEPkYOq
/Explore/SALESFORCE/Daily,Delete Initial Allocations,MTT,5CDKdzKp0DucwwbYgp5GkK
/Explore/SALESFORCE/Intraday,mct_Batch_End_Failed_Salesforce_Intraday_15MIN,MTT,8ORvTcffQoNkWE2uZnp98V
/Explore/SALESFORCE/Intraday,mct_Salesforce_Outbound_Policy_Tax_StageTruncate,MTT,7dKyBrZZnZ7g96DrhpJSAj
/Explore/SALESFORCE/Intraday,mct_Salesforce_Allocation,MTT,epUWDm6BeeedSKBPDRHMI7
/Explore/SALESFORCE/Intraday,mct_Salesforce_Account_NMO,MTT,5jVIXzCdWc7gKmNLSSASAT
/SYS,EDW_Infa_Shared_UserParamDir,Connection,8nTCI3GweOvgM4BBKeDjgg
/Explore/SALESFORCE/InitialLoad,mct_Salesforce_BrokerDealer,MTT,6U5L151SDidfS8k5lRaoKI
/Explore/SALESFORCE/Daily,Upsert Hierarchy - SQL,MTT,9XYevoCfzjjgOnFO73lDYH
/Explore/SALESFORCE/TruncateSalesforce,mct_Producer_Address_Delete,MTT,2X6v06UilvwhOAAqUqO1Qf
/Explore/SALESFORCE/Daily,Upsert Hierarchy - SQL,DTEMPLATE,3tzG0Sf3b7ofQPktQ9RB6M
/Explore/SALESFORCE/Daily,Query Email Address,MTT,6SZsZWXbNgEkgh3jM7D2uJ
/Explore/SALESFORCE/Intraday,mct_Update_Batch_Status_To_Running_Salesforce,MTT,4Fpm2DvV1YTh3qBhyxSxyW
/Explore/SALESFORCE/InitialLoad,mct_Salesforce_Outbound_Policy_Tax_StageTruncate,MTT,hy579F0PfazeWF9vIur9sS
/Explore/SALESFORCE/Intraday,m_Salesforce_Outbound_To_Salesforce_Producer_Address,DTEMPLATE,6zsNjCxVkMUbmuHGIw6Iup
/Explore/SALESFORCE/InitialLoad,mct_Salesforce_Outbound_To_Salesforce_PolicyParticipant,MTT,6C9krjg2km9frFyL1cyfeX
/Explore/SALESFORCE/Intraday,mct_Salesforce_Sub_Account,MTT,601kKtiC5mIlNPJYG25VGt
/Explore/SALESFORCE/Daily,Manage Sync Completion,DTEMPLATE,guwLk4kmW8hb9AdYgxNC0y
/Explore/SALESFORCE/Daily,Upsert Wholesaler,DTEMPLATE,4SrTziscJeLeQum7ZtdV2N
/Explore/SALESFORCE/FullLoad,m_Salesforce_Reference_Inbound_Address_FullLoad,DTEMPLATE,2aLvApITU8WeV3DEPG7lY6
/Explore/SALESFORCE,Intraday,Folder,7W75T2thaFLkelfp36F6wC
/Explore/SALESFORCE/Intraday,m_Salesforce_Outbound_To_Salesforce_Policy_Document,DTEMPLATE,9SWRHbqNqitjYc2pZOITg6
/Explore/SALESFORCE/Intraday,mct_Salesforce_Account_Person_StageTruncate,MTT,gQ0025AurC6d2SZRd8Qq0d
/Explore/SALESFORCE/Daily,mt_EDWDataLake_SFMarketMetrics,MTT,3oBy8NIprbGjED05NuVIu7
/Explore/SALESFORCE/Daily,Update Contact AML - Hourly,DTEMPLATE,aqqFTYBJ7IklRj20bfcNgu
/Explore/SALESFORCE/Daily,Upsert Monthly Premium,DTEMPLATE,2tXXCaMspqqgya63hmxFMi
/Explore/SALESFORCE/Daily,Upsert Approved Products,DTEMPLATE,5pQX5dYh5mzd4ZOeS625EX
/Explore/SALESFORCE/InitialLoad,mct_Salesforce_Policy,MTT,6Y81JQ2albachNuI1OfpAQ
/Explore/SALESFORCE/InitialLoad,mct_Salesforce_PhoneNumber,MTT,0PdNfLrjwxSlf85JyC6WS2
/Explore/SALESFORCE/Daily,Upsert Email Address,DTEMPLATE,aA4xjLK6Ho6gVTJLgBJvQT
/Explore/SALESFORCE/InitialLoad,mct_Salesforce_Outbound_To_Salesforce_Account_Institution,MTT,hEoZAPTGzK2eGTtXsbxx6m
/Explore/SALESFORCE/Daily,Upsert Hierarchy - SQL 1,MTT,iE4js6MglWvbtWfzywYRuP
/Explore/SALESFORCE/Daily,Update Policy Upline Hierarchies,MTT,7bpjCQXvKXcj1ewivtVoUB
/Explore/SALESFORCE,Daily,Folder,g6QaQQbbaIChF0of1AoGSJ
/Explore/SALESFORCE/InitialLoad,stf_Salesforce_Outbound_Account,TASKFLOW,267KTRQeqZmds7xzKtQSKM
/Explore/SALESFORCE/Daily,Delete PendingRequirement,MTT,4Ks4EDnKHL7ddjAw82yjcL
/Explore/SALESFORCE/TruncateSalesforce,m_ProducerPolicyAssignment_Delete,MTT,2ezX6nLeFn3gpTNbRM1ueH
/SYS,Vendor_Source_AE_WEB_Server_Glance,Connection,d0KfrFEKmUMgDptXDLr5cQ
/Explore/SALESFORCE/InitialLoad,mct_Salesforce_Lookups,MTT,3h9AN9WlFo6dosxHVcOt60
/Explore/SALESFORCE/Intraday,mct_Salesforce_Reference_Inbound_Address,MTT,8koanTnbCA4igyZ8kbjAsf
/Explore/SALESFORCE/Intraday,m_Salesforce_Reference_Inbound_InsurancePolicy,DTEMPLATE,1FGlLg921qGgktt4Du5aEx
/Explore/SALESFORCE/FullLoad,m_Salesforce_Reference_Inbound_InsurancePolicy_FullLoad,DTEMPLATE,1qfRaHtVoMDiMB3mkfS7II
/Explore/SALESFORCE/InitialLoad,m_Salesforce_Outbound_To_Salesforce_Policy_Authorization,DTEMPLATE,5DeYPSKK0vri29gPtW1fK5
/Explore/SALESFORCE/Daily,Update Contact - Hourly,MTT,f6j2uHqfnq1l8a2DBJPWsv
/Explore/SALESFORCE/Intraday,mct_Salesforce_Agent_Tax_Documents_StageTruncate,MTT,2SLh54grtc3jl2GSFZagKw
/Explore/SALESFORCE/Intraday,mct_Salesforce_Outbound_To_Salesforce_Producer_Address,MTT,lm1wi4TMZ2ViEyveESNLmr
/Explore/SALESFORCE/InitialLoad,mct_Update_Step_Status_to_Failed_Salesforce_Intraday_15MIN,MTT,4OlPXadnmsWc8uPVuWm0O8
/Explore/SALESFORCE/Intraday,mct_Salesforce_Outbound_To_Salesforce_Policy,MTT,0bvGVXuYiugdnOmu28oCML
/Explore/SALESFORCE/Intraday,mct_Salesforce_Outbound_To_Salesforce_Policy_Document,MTT,9lfoQbjdT6BbFXxvQbDjy9
/Explore/SALESFORCE/InitialLoad,m_Salesforce_Outbound_To_Salesforce_PolicyParticipant,DTEMPLATE,0iFiCE2Fza2eRWytSNw1Wp
/Explore/SALESFORCE/Intraday,mct_Salesforce_Policy_Tax,MTT,7YP2TtGP7qacs9CMIBNhIo
/SYS,Snowflake_Insurance,Connection,geST6zNCe2xbjj8ZfCfMA3
/Explore/SALESFORCE/InitialLoad,stf_Salesforce_Outbound_Contact,TASKFLOW,2AgPCnr9EisiIvdDcAN84w
/Explore/SALESFORCE/TruncateSalesforce,m_Address_Delete,DTEMPLATE,aU7l4KQbAX1gxVw6we08Qq
/Explore/SALESFORCE/Daily,mt_EDWMarketMetrics_SalesforceLeadsMMOJunction,MTT,02M8nxEO8aeeFXabi5TPA3
/Explore/SALESFORCE/Daily,Query Account,DTEMPLATE,a6U44iPxzWcjsJgadppuMk
/Explore/SALESFORCE/Daily,Query Policy,MTT,jWnGwN9bakdkDrqrGpPq0m
/Explore/EDW-UTILITIES,m_Update_Batch_Status_To_Running,DTEMPLATE,4n18XEneqwKiJ6zppJT6uC
/Explore/SALESFORCE/Events,appconn-sc-Azure-ServiceBus-Topic-Account-Api-dcx,AI_CONNECTION,1H5f2oaiM0lfey5WlysAqW
/Explore/SALESFORCE/Daily,Query Initial Allocations,DTEMPLATE,1CFFsFyjifIgRk6M9rGOMC
/Explore,SALESFORCE,Project,6yPbPNjPm1TcTrVdbMsWIp
/Explore/SALESFORCE/InitialLoad,m_Salesforce_Outbound_To_Salesforce_Account_NMO,DTEMPLATE,4d86xMuf3RtkMM5KVfqQ2a
/Explore/SALESFORCE/TruncateSalesforce,mct_Allocation_Delete,MTT,5ZMbEX2GbrHcsl4Z6nrQS7
/Explore/SALESFORCE/Intraday,m_Salesforce_Outbound_To_Salesforce_Account_NMO,DTEMPLATE,1ryD3zAjoOnkXtnJ60xhgb
/Explore/SALESFORCE/Daily,Upsert Wholesaler,MTT,6nWp7msx2y2fk5CudF6SWL
/Explore/SALESFORCE/Intraday,mct_Salesforce_usp_Insert_Hierarchy,MTT,6a0buxseAw9k9C3mfNGM6D
/Explore/SALESFORCE/InitialLoad,mct_Salesforce_Outbound_To_Salesforce_Policy,MTT,31JJ3i4kcXXfICtcSEtcqV
/Explore/SALESFORCE/Intraday,m_Salesforce_Outbound_To_Salesforce_Account_Institution,DTEMPLATE,7tstFny7Q6ScqWBXQmD1Od
/Explore/SALESFORCE/TruncateSalesforce,mct_Account_Address_Delete,MTT,2cuDFU7OZi9lBBDbG1ZRW8
/Explore/SALESFORCE/InitialLoad,mct_Salesforce_Agent_Tax_Documents,MTT,53p5ytheXSCh9ljh4EKeUg
/SYS,AE-INFA-PROD-1,AgentGroup,5HpZ7oZtswzgWO71s9s30z
/Explore/SALESFORCE/InitialLoad,rt_Inbound_To_EDW_Landing_Agent_Authorizations,DRS,lU1iGlRxiaskDzBVzQ5SSM
/Explore/SALESFORCE/Daily,Update Hierarchy - Broker Dealer Relationship,MTT,1SLKjcj1yQ0eInWOae2dIK
/Explore/SALESFORCE/Intraday,stf_Salesforce_DCX_Outbound_SubAccount,TASKFLOW,6WSDnwPUBBlhJQTGgceQGV
/SYS,EDW_DataLake,Connection,fP1gfMX4LgtkkcDX9in0Ig
/Explore/SALESFORCE/Daily,Upsert Address,MTT,09idWJgI6EGcjydTG5nawW
/Explore/SALESFORCE/InitialLoad,mct_Salesforce_Outbound_Account_Institution_StageTruncate,MTT,1bAf06swRCubgS6g5s8KaN
/Explore/SALESFORCE/Daily,Delete Policy Holder Contacts,MTT,kldigL4WKEekyoOsxJryUi
/Explore/SALESFORCE/InitialLoad,mct_Salesforce_Account_Business,MTT,7F4RchODxAEcKoawbBNcEY
/Explore/SALESFORCE,FullLoad,Folder,9uDDUtC9E1MjxPpJ6xR5wI
/Explore/SALESFORCE/Daily,Upsert Product Training,DTEMPLATE,cr5eVKhw4kMgAalw7OaYGK
/Explore/SALESFORCE/Intraday,mct_Salesforce_Agent_Tax_Documents,MTT,1UfRPpU5ssWfIvf5rnCO64
/Explore/SALESFORCE/InitialLoad,mct_Batch_End_Failed_Salesforce_Intraday_15MIN,MTT,d0IROs1nOInjk8LXcQAXq0
/Explore/SALESFORCE/InitialLoad,m_Salesforce_Account_Delete,DTEMPLATE,6iqaVQZxDO1c8ed4JD7sUJ
/Explore/SALESFORCE/InitialLoad,mct_Salesforce_Outbound_To_Salesforce_Allocation,MTT,8FzsFGOa8oOgf0FwASZR2q
/Explore/EDW-LIFEPRO/INTRADAY,m_Intraday_Batch_Status,DTEMPLATE,0qn3ulP7RHqhnjdVSIg7iP
/Explore/SALESFORCE/InitialLoad,m_Salesforce_Outbound_To_Salesforce_Account_Institution,DTEMPLATE,6ywxVHyw7yhg4DLlEmcSom
/Explore/SALESFORCE/InitialLoad,mct_Salesforce_Outbound_To_Salesforce_Product,MTT,6qwDNE6bgTxb3ISpazXlqv
/Explore/SALESFORCE/Daily,Query Policy,DTEMPLATE,dz750ptvDGZfACPvaGvCWB
/Explore/SALESFORCE/Intraday,mct_Salesforce_Outbound_To_Salesforce_Account_Institution,MTT,4TZOuEJahmLkQJHmIrHHA6
/Explore/SALESFORCE/Intraday,mct_Salesforce_Outbound_To_Salesforce_Address__c,MTT,d15pWtiQ2qMlTwCrWGAaEw
/Explore/SALESFORCE/InitialLoad,mct_Salesforce_Outbound_Producer_Address_StageTruncate,MTT,3gmBzwN50Xyegtw4VF1hSV
/Explore/SALESFORCE/Daily,Upsert Policy - SQL - Hourly,DTEMPLATE,4j47PoVByG3diDjw01JrYK
/Explore/SALESFORCE/TruncateSalesforce,mct_Contact_Delete,MTT,gJrdHRTtiWchNLVNpGxX2B
/Explore/SALESFORCE/InitialLoad,stf_IntradayAuto_Batch_DCX_15MIN_NotInUse,TASKFLOW,iGAAwU6fVG0hBGK9k9jHgF
/Explore/EDW-UTILITIES,m_Generic_For_PreProcessing_Jobs,DTEMPLATE,4l392RAzFSuk62UGIrgjmM
/Explore/SALESFORCE/InitialLoad,mct_Salesforce_Outbound_Account_Business_StageTruncate,MTT,31KuwW1opbOgVlLcIZ8cGL
/Explore/SALESFORCE/Intraday,mct_Salesforce_Outbound_Product_StageTruncate,MTT,7CcuyvPsz8adiBPRzARz67
/Explore/SALESFORCE/Events,appconn-Salesforce-dcx-platformevents-ContractNote,AI_CONNECTION,jv2SOeyvbaDdySyKit2TsZ
/Explore/SALESFORCE/Daily,Upsert Broker Dealer,MTT,40UmH4u2tXghIawLTDKmG8
/Explore/SALESFORCE/InitialLoad,m_Salesforce_Outbound_To_Salesforce_Account_BrokerDealer,DTEMPLATE,7smR4ilE3XKkpkWHSyZC4B
/Explore/SALESFORCE/InitialLoad,m_ProducerPolicyAssignment_Delete,DTEMPLATE,aevrPmdyxaufzxVHAvzDEc
/Explore/SALESFORCE/Intraday,m_Salesforce_Outbound_To_Salesforce_Producer_Upline,DTEMPLATE,11tY0qNHHsmcAjRvdcryiU
/Explore/SALESFORCE/Daily,Update Hierarchy - Hourly,MTT,2LU89JVi2WWl4fEK79uOaf
/Explore/SALESFORCE/Daily,Update Contacts as Signing Agent,MTT,ak1Q7pLje99dDELsMZ4rUF
/Explore/SALESFORCE/Intraday,stf_Salesforce_DCX_Outbound_Producer,TASKFLOW,1F9XMyzN7yljncIcEFlnaA
/Explore/SALESFORCE/Daily,Upsert Hierarchy,MTT,9MFsfwPy101cNQDxqrhLgk
/Explore/SALESFORCE/Daily,Upsert Compliance Attestations,MTT,bso3aTVtWMRlE4TqDMZo20
/SYS,Warehouse_Salesforce,Connection,aSXIjKeoOAndsigibxCQoX
/Explore/SALESFORCE/Intraday,mct_Salesforce_Reference_Inbound_Product2,MTT,6mLM7QwOkymlvGaGDMt4Am
/Explore/SALESFORCE/Intraday,mct_Salesforce_Outbound_To_Salesforce_Policy_Tax_Document,MTT,10HGlCwVpomczkOAOhNXYT
/Explore/SALESFORCE/Daily,Delete Email Address,MTT,5bX7taBN94pjPfXoyGp6KW
/Explore/SALESFORCE/Intraday,mct_Salesforce_Outbound_To_Salesforce_Account_Address__c,MTT,el8fG4CbU2Ufuqq9RfXWMQ
/Explore/SALESFORCE/TruncateSalesforce,mct_Sub_Account_Delete,MTT,7TMp6xmXpdYdA5qIIb74oj
/Explore/SALESFORCE/Daily,Upsert State Training,MTT,0L74frLN9EMjXcRLGZrOGY
/Explore/SALESFORCE/InitialLoad,m_ProducerPolicyAssignment_Delete,MTT,10s5Juu93FAhfYyGu0hp4l
/Explore/SALESFORCE/InitialLoad,mct_Salesforce_Lookup_InsurancePolicy,MTT,1CFrBXTIJCVdxs8yUvJOoI
/Explore/SALESFORCE/Intraday,m_Salesforce_Outbound_To_Salesforce_Account_Business,DTEMPLATE,62fGkCZTpXmjEjgNalFTg2
/Explore/SALESFORCE/Daily,Manage Hourly Sync,TASKFLOW,aJyIiRpw3cJjenayqUixCe
/Explore/SALESFORCE/Daily,mct_Delete_Manage_Sync_Job_Status_File,MTT,6NuPFxeCmeEc7z9uNA1Y89
/Explore/SALESFORCE/TruncateSalesforce,mct_Upline_Producer_Delete,MTT,8WCNwWxUwUDkuDi6Eb80IH
/Explore/SALESFORCE/InitialLoad,mct_Salesforce_Insurance_Policy_Participant_StageTruncate,MTT,1sQ5dl2CLhEbyucNjuGl2U
/Explore/SALESFORCE/InitialLoad,mct_Salesforce_Producer,MTT,9k5hbdr4cvofS5ByoqyoWl
/Explore/SALESFORCE/Daily,Delete Policy,MTT,dN7ZToG7hI5hwBBpcdM2UF
/Explore/SALESFORCE/Daily,Upsert Account,DTEMPLATE,06gLK8mOkEfiXvze2LQJeJ
/Explore/SALESFORCE/Daily,Query User,MTT,5ECYQKM5bpglCOdz3cF80a
/Explore/EDW-UTILITIES,m_Update_Batch_Status_To_Completed,DTEMPLATE,aD57VYYB0shf1Ti59u20EU
/Explore/SALESFORCE/Intraday,mct_Salesforce_Outbound_To_Salesforce_Upline_Detail,MTT,3oAhXEQUx02jD5f9LXnu01
/Explore/SALESFORCE/Daily,Delete PendingRequirement,DTEMPLATE,476zaoHh4gDlbK2BGFez0a
/Explore/SALESFORCE/InitialLoad,m_Account_Address_AccountType_Delete,DTEMPLATE,hEM1O0pJMGNkVEmVPkmUoT
/Explore/SALESFORCE/Daily,Upsert Broker Dealer,DTEMPLATE,77gJBSht3s0gQ8u2zzCvgo
/Explore/SALESFORCE/Daily,Upsert Product Training,MTT,9k5V9UviduGeYs6ajkAKq6
/Explore/SALESFORCE/TruncateSalesforce,m_Document_Delete,DTEMPLATE,5cHVz0GjhNTczQdza10DGV
/Explore,EDW-UTILITIES,Project,lpomaudPmWVcnqwDt6Rx4G
/Explore/SALESFORCE/Intraday,mct_Salesforce_Advisor_Contact,MTT,iqd5l7DF9C1fLqBCWzvBKQ
/Explore/SALESFORCE/InitialLoad,mct_Salesforce_Lookup_Account,MTT,8GncfKnwNoWdCZB1f5OCQ3
/Explore/SALESFORCE,TruncateSalesforce,Folder,5PYkdpLKi97b0fK00WmxC9
/Explore/SALESFORCE/Intraday,mct_Batch_Status_Check_Salesforce_15MIN,MTT,3KZqk0pWIHdh80XjbVyMY6
/Explore/SALESFORCE/FullLoad,mct_Salesforce_Reference_Inbound_Product2_FullLoad,MTT,7Nu0ga3jQcDeIs8kD1LcOk
/Explore/SALESFORCE/Intraday,m_Salesforce_Outbound_To_Salesforce_Person_Account,DTEMPLATE,3mGG95R7oDkiFHPj8kLgu6
/Explore/SALESFORCE/InitialLoad,mct_Salesforce_Outbound_To_Salesforce_Policy_Tax_Document,MTT,697y1mnabgRiQMohaled00
/Explore/SALESFORCE/TruncateSalesforce,stf_SF_Delete,TASKFLOW,eKpIitxaRiLlIMUk3TLBKp
/Explore/SALESFORCE/Events,prcs_SF_ServiceBus_Account,PROCESS,d0JQWkG4o6CdTvsDOQwPmB
/Explore/SALESFORCE/Intraday,m_Salesforce_Outbound_To_Salesforce_Account_BrokerDealer,DTEMPLATE,hXS4xIWjWqzjvB3cSeO0Yj
/Explore/SALESFORCE/InitialLoad,m_Salesforce_Outbound_To_Salesforce_Product,DTEMPLATE,7fQaw3TXn1mhEA4ExzIakf
/Explore/SALESFORCE/Intraday,m_Salesforce_Outbound_To_Salesforce_Account_Address_Sub_Account,DTEMPLATE,9MbMjM8vvQyji4v4XhMg2s
/Explore/SALESFORCE/InitialLoad,mct_Salesforce_Address_StageTruncate,MTT,iRQYLe1IjizgZrRvSZO7ai
/Explore/SALESFORCE/Daily,Query User,DTEMPLATE,7h17qmlGq5zkvkdGfAj3ey
/Explore/SALESFORCE/Daily,mt_EDWMarketMetrics_SalesforceMarketMetricsJunction,MTT,aXsuaF8RMhQeRZIyYhpW6Z
/Explore/SALESFORCE/InitialLoad,mct_Salesforce_Outbound_To_Salesforce_Producer_Policy_Assignment,MTT,46IAbYUI101bLKLbC4tJMH
/Explore/SALESFORCE/Daily,Delete Policy Allocations,MTT,041zB2dZvEsfWaFFbEQIOB
/Explore/SALESFORCE/TruncateSalesforce,mct_Product_Delete,MTT,fgXXXJtEesbkZxpYD2RgYq
/Explore/SALESFORCE/TruncateSalesforce,m_Contact_Delete,DTEMPLATE,0nPUHi7bqUGfwKkAetCI2D
/Explore/SALESFORCE/InitialLoad,rt_Salesforce_Lookup_Address__c,DRS,2ibNkDC1KKViVKUWBzAU23
/Explore/SALESFORCE/TruncateSalesforce,mct_Document_Delete,MTT,cxkqVrxrtczbV2M8lLm36G
/Explore/SALESFORCE/InitialLoad,mct_Salesforce_Lookup_Producer,MTT,2r0Aplf0Au7iKjl3FGp7ST
/Explore/SALESFORCE/TruncateSalesforce,m_Producer_Delete,DTEMPLATE,f8Ccg2N6vSleFCpbDo9tmR
/Explore/SALESFORCE/TruncateSalesforce,m_Upline_Producer_Delete,DTEMPLATE,7FKFLjWafRJblFkSTffroM
/Explore/SALESFORCE/Daily,Query Policy Allocation,MTT,eR4Z8DCxoMagz4i2g4P94T
/Explore/SALESFORCE/InitialLoad,mct_Salesforce_Outbound_Account_Person_StageTruncate,MTT,jdPdQsWAqKVfgOQ4razlad
/Explore/SALESFORCE/Daily,Upsert License,DTEMPLATE,aym5VMufzijjqCkLRzibYF
/Explore/SALESFORCE/Daily,Query PendingRequirment,MTT,13KHvTvbI1AdsySXjjFH0V
/Explore/SALESFORCE/InitialLoad,mct_Salesforce_Address,MTT,3ZZ4NuMjK0ibYN45FeRfin
/Explore/SALESFORCE/Daily,Update Hierarchy - Hourly,DTEMPLATE,0rVUuOxH20Be6S5s3zKi6Q
/Explore/EDW-UTILITIES,m_Update_Step_Status_To_Completed,DTEMPLATE,6bs8U75OrLOcgiQmeoU3aU
/Explore/SALESFORCE/InitialLoad,mct_Batch_Start_Salesforce_15Min,MTT,5tySXqrvRhsbPsvPz2sFE2
/Explore/SALESFORCE/Daily,Query Hierarchy,DTEMPLATE,4bv4367kd7IijOgP8qw10Q
/Explore/SALESFORCE/Intraday,mct_Salesforce_Reference_Inbound_SubAccount,MTT,1R3gVlvAgOElRe8wTbvXKV
/Explore/SALESFORCE/InitialLoad,mct_Salesforce_Outbound_To_Salesforce_Account_Address__c,MTT,hhhWvidZAwVibM79ex0nKs
/Explore/SALESFORCE/InitialLoad,mct_Salesforce_Outbound_To_Salesforce_Account_Wholesaler,MTT,lmBPFcpSzE8gu5gkt0P5OG
/Explore/SALESFORCE/InitialLoad,mct_Salesforce_Sub_Account,MTT,1eV2IwiQk2IeasxRQnymGn
/Explore/SALESFORCE/Daily,m_EDWMarketMetrics_SalesforceMarketMetricsJunction,DTEMPLATE,8yM5RpSwOCXl3DEH0oLj0s
/Explore/SALESFORCE/FullLoad,m_Salesforce_Reference_Inbound_Producer_FullLoad,DTEMPLATE,aFJwiZlhi7FdvbGgYaNR4J
/Explore/SALESFORCE/Daily,Delete Policy Allocations,DTEMPLATE,9UbKeWx7JhCbtAW0sOxEwv
/Explore/SALESFORCE/InitialLoad,mct_Salesforce_Outbound_Account_Address_StageTruncate,MTT,4YJSc5YgKCniCGhPKJOvWL
/Explore/SALESFORCE/FullLoad,mct_Salesforce_Reference_Inbound_Producer_FullLoad,MTT,9ECcymGmAUVkY72i2CQh8o
/Explore/SALESFORCE/TruncateSalesforce,m_ProducerPolicyAssignment_Delete,DTEMPLATE,10aW7Ke0A53gFqTeW8AN2i
/Explore/SALESFORCE/Intraday,mct_Salesforce_Outbound_To_Salesforce_Allocation,MTT,1AsO7sUi0JtcIMktn4jCc6
/Explore/SALESFORCE/Intraday,mct_Salesforce_Producer_StageTruncate,MTT,ap7Oe9iCY5dkzEt1pL6i0v
/Explore/SALESFORCE/Intraday,mct_Update_Step_Status_To_Completed_Salesforce_Intraday_15MIN,MTT,5m1qUT5Xyi8cqt26p9XoO0
/Explore/SALESFORCE/Daily,Query Contact,DTEMPLATE,hIn5MIBExW6kvpQFGCU4cF
/Explore/SALESFORCE/Daily,Upsert Contact,DTEMPLATE,aPxcUiLDZ4cd7EhT58dsqL
/Explore/SALESFORCE/Intraday,m_Salesforce_Outbound_To_Salesforce_Advisor_Contact,DTEMPLATE,1It86OmLyn8iRSv4vRwfOh
/Explore/SALESFORCE/InitialLoad,rt_Salesforce_Lookup_InsurancePolicy,DRS,9UdTmOIOYqobY71D4HijKX
/Explore/SALESFORCE/InitialLoad,mct_Salesforce_Outbound_Product_StageTruncate,MTT,aSLk1nRHUwZggJxnS43cKd
/Explore/SALESFORCE/InitialLoad,mct_Salesforce_Wholesaler,MTT,0cL4ApZpbSpilqYoKYVC4W
/Explore/SALESFORCE/InitialLoad,mct_Salesforce_Account_Institution,MTT,8w1SwvBgfj2iHqfB81rRoc
/Explore/SALESFORCE/InitialLoad,mct_Salesforce_Producer_Policy_Assignment_StageTruncate,MTT,27SoXxVMzhRkQ9yJ1Erje1
/Explore/SALESFORCE/Intraday,mct_Salesforce_Account_NMO_StageTruncate,MTT,04PpXFc9bIlfd7Lsl1CF08
/Explore/SALESFORCE/InitialLoad,stf_Salesforce_Outbound_Producer,TASKFLOW,11SLwX7n0eakbLD1uaPXao
/Explore/SALESFORCE/Daily,Delete Policy Allocatiions,MTT,5wXcodYZ8cjcdhsPFEGx0X
/Explore/SALESFORCE/Intraday,mct_Salesforce_PhoneNumber,MTT,63fK67GK1uugAgi1xqH4MS
/Explore/SALESFORCE/Daily,Delete Policy Holder,DTEMPLATE,4WzKIeoWx8FhBo4omTRoqD
/Explore/SALESFORCE/Daily,Upsert Compliance Attestations,DTEMPLATE,iU3NvyaUQ45lnjFR85J2U7
/Explore/SALESFORCE/InitialLoad,mct_Salesforce_Outbound_To_Salesforce_Producer,MTT,fvTREKIPAaQbi4U7DuYt4t
/Explore/SALESFORCE/InitialLoad,mct_Salesforce_Outbound_Sub_Account_StageTruncate,MTT,jjgxWRtAUANgfD9TRCC8Gf
/Explore/SALESFORCE/Daily,Upsert Contact,MTT,0QC6u1PTpwTeL3w8NqLyWF
/Explore/SALESFORCE/InitialLoad,m_Salesforce_Outbound_To_Salesforce_Agent_Tax_Document,DTEMPLATE,69P3LQBpxoYizPxdcap48r
/Explore/SALESFORCE/Intraday,mct_Salesforce_Account_Address_Sub_Account,MTT,4e3w39wo7LFk6Gq7H1tvCi
/SYS,Azure_MLRepository_ML,Connection,c7JRPMSKWcWlqafztfBUGR
/Explore/SALESFORCE/InitialLoad,mct_Salesforce_Lookup_Address__c,MTT,2wkWCNXjsaPjcpvDEmLagK
/Explore/SALESFORCE/FullLoad,m_Salesforce_Reference_Inbound_Product2_FullLoad,DTEMPLATE,kxL13ZAtgGiflFIACARAIS
/Explore/SALESFORCE/InitialLoad,mct_Salesforce_Outbound_To_Salesforce_Address__c,MTT,3Fm8ZuSDJ5Lg5IclbCcNAl
/Explore/SALESFORCE/Intraday,mct_Salesforce_Outbound_To_Salesforce_SubAccount,MTT,8JiBquxxQwWb6QsJsCKugW
/Explore/SALESFORCE/Intraday,m_Generic_For_PreProcessing_Jobs,DTEMPLATE,2E24hK2m7TqdPkXsC2GM00
/Explore/SALESFORCE/Daily,Query Hierarchy,MTT,0YzIYotdN6zkoVWvlPY5Q6
/SYS,Salesforce,Connection,6Ihb3qtHTG6lAZQ6fGa1OD
/Explore/SALESFORCE/InitialLoad,mct_rt_Inbound_To_EDW_Landing_Agent_Authorizations,MTT,aGIBGi9c741iKtgjqhWlaw
/Explore/SALESFORCE/InitialLoad,m_Salesforce_Outbound_To_Salesforce_Producer,DTEMPLATE,6YSbAhzNX6igqt7i31OwuY
/Explore/SALESFORCE/TruncateSalesforce,mct_Producer_Delete,MTT,jbvLCF8q7UMbkq2TadbTsp
/Explore/SALESFORCE/InitialLoad,m_Salesforce_Outbound_To_Salesforce_Account_Business,DTEMPLATE,94td9ir6EOveJLCdUftE8d
/Explore/SALESFORCE/InitialLoad,stf_Salesforce_Outbound_SubAccount,TASKFLOW,3JHoWhvi3fijaxEgbrYoI0
/Explore/SALESFORCE/Intraday,mct_Batch_Start_Salesforce_15Min,MTT,6NuBfnunnDHfmip3Lvqt4v
/Explore/SALESFORCE/Intraday,m_Salesforce_Reference_Inbound_SubAccount,DTEMPLATE,aVZiLUUIVYqdqiwkt1ibqB
/Explore/SALESFORCE/Daily,Query PendingRequirment,DTEMPLATE,7RmyfD3OOfbeXNEJRJdPUJ
/Explore/SALESFORCE/InitialLoad,mct_Salesforce_Producer_StageTruncate,MTT,6W6Ndf7ElGqfLGiCxB4nUI
/Explore/SALESFORCE/InitialLoad,m_Salesforce_Outbound_To_Salesforce_Policy,DTEMPLATE,9RwGAKcBen0inEHlFJskSc
/Explore/SALESFORCE/Intraday,stf_Salesforce_DCX_Outbound_Account,TASKFLOW,0M2iqZelyifc97NWCw67aX
/Explore/SALESFORCE/InitialLoad,mct_Salesforce_Advisor_Contact,MTT,66pEm2GZIp8igRRVvMT80a
/Explore/SALESFORCE/InitialLoad,mct_rt_Inbound_To_EDW_Landing_Family_Authorizations,MTT,1GSp8KSGQ4jcQtg3PBDLKp
/Explore/SALESFORCE/Daily,Upsert Policy,DTEMPLATE,2hlNhTHyOeOfTzBy6uEk6U
/Explore/SALESFORCE/InitialLoad,mct_Salesforce_Account_Address,MTT,11eUmgKgc3WdVCNi37Uxe3
/Explore/SALESFORCE/Intraday,mct_Salesforce_Product,MTT,fFvQweH19efhQbhSyLcfKF
/Explore/SALESFORCE/Intraday,mct_Salesforce_Account_Address,MTT,4ePXZjHNG8AfbGFbQ4ujyr
/Explore/SALESFORCE/Intraday,mct_Salesforce_Producer_Upline,MTT,i6a0FZ3bBgRcjWCFaWbAYf
/Explore/SALESFORCE/Intraday,mct_Salesforce_Producer_Address,MTT,am6vZ40lgZqgECfRd906qF
/Explore/SALESFORCE/Daily,Delete Initial Allocations,DTEMPLATE,2inRCVi9k4PlXQxNrz7egr
/Explore/SALESFORCE/InitialLoad,stf_Salesforce_Prerequisites,TASKFLOW,9hC3O4CE7wMg5oSkCjxoEk
/Explore/SALESFORCE/InitialLoad,m_Salesforce_Outbound_To_Salesforce_Producer_Policy_Assignment,DTEMPLATE,hA5AuukbJQpdTsZT3oa5qA
/Explore/SALESFORCE/Daily,Update Active Email Address,MTT,6AoQwlJ31mOktp2E8PT4SI