<aetgt:getResponse xmlns:aetgt="http://schemas.active-endpoints.com/appmodules/repository/2010/10/avrepository.xsd"
                   xmlns:types1="http://schemas.active-endpoints.com/appmodules/repository/2010/10/avrepository.xsd">
   <types1:Item>
      <types1:EntryId>kPtokMJoGsF4Xkg-gt-23014328-2022-02-17T14:58:25.163Z::tf.xml</types1:EntryId>
      <types1:Name>stf_Salesforce_DCX_Outbound_Address</types1:Name>
      <types1:MimeType>application/xml+taskflow</types1:MimeType>
      <types1:Description/>
      <types1:AppliesTo/>
      <types1:Tags/>
      <types1:VersionLabel>1.0</types1:VersionLabel>
      <types1:State>CURRENT</types1:State>
      <types1:ProcessGroup/>
      <types1:CreatedBy>sreenivasa.rao@american-equity.com.SAML2</types1:CreatedBy>
      <types1:CreationDate>2022-02-17T14:58:25Z</types1:CreationDate>
      <types1:ModifiedBy>sreenivasa.rao@american-equity.com.SAML2</types1:ModifiedBy>
      <types1:ModificationDate>2022-05-16T15:07:27Z</types1:ModificationDate>
      <types1:PublicationStatus>published</types1:PublicationStatus>
      <types1:PublishedBy>sreenivasa.rao@american-equity.com.SAML2</types1:PublishedBy>
      <types1:PublicationDate>2022-05-17T14:33:20Z</types1:PublicationDate>
      <types1:PublishedContributionId>project:/tf.stf_Salesforce_DCX_Outbound_Address/stf_Salesforce_DCX_Outbound_Address.tf.xml</types1:PublishedContributionId>
      <types1:AutosaveExists>false</types1:AutosaveExists>
      <types1:Entry>
         <taskflow xmlns="http://schemas.active-endpoints.com/appmodules/screenflow/2010/10/avosScreenflow.xsd"
                   xmlns:tfm="http://schemas.active-endpoints.com/appmodules/screenflow/2021/04/taskflowModel.xsd"
                   xmlns:list="urn:activevos:spi:list:functions"
                   displayName="stf_Salesforce_DCX_Outbound_Address"
                   name="stf_Salesforce_DCX_Outbound_Address"
                   overrideAPIName="false">
            <parameterSet xmlns="http://schemas.active-endpoints.com/appmodules/screenflow/2021/04/taskflowModel.xsd"/>
            <appliesTo/>
            <description/>
            <tags/>
            <generator>Informatica Process Designer 11</generator>
            <tempFields>
               <field description="" name="AcctAddressStage" type="reference">
                  <options>
                     <option name="failOnNotRun">false</option>
                     <option name="failOnFault">false</option>
                     <option name="referenceTo">$po:mct-Salesforce-Account-Address</option>
                  </options>
               </field>
               <field description="" name="LoadAcctAddr" type="reference">
                  <options>
                     <option name="failOnNotRun">false</option>
                     <option name="failOnFault">false</option>
                     <option name="referenceTo">$po:mct-Salesforce-Outbound-To-Salesforce-Account-Address--c</option>
                  </options>
               </field>
               <field description="" name="StageTaxAgent" type="reference">
                  <options>
                     <option name="failOnNotRun">false</option>
                     <option name="failOnFault">false</option>
                     <option name="referenceTo">$po:mct-Salesforce-Outbound-To-Salesforce-Agent-Tax-Document</option>
                  </options>
               </field>
               <field description="" name="LoadAgentTax" type="reference">
                  <options>
                     <option name="failOnNotRun">false</option>
                     <option name="failOnFault">false</option>
                     <option name="referenceTo">$po:mct-Salesforce-Outbound-To-Salesforce-Agent-Tax-Document</option>
                  </options>
               </field>
               <field description="" name="StageProduAdd" type="reference">
                  <options>
                     <option name="failOnNotRun">false</option>
                     <option name="failOnFault">false</option>
                     <option name="referenceTo">$po:mct-Salesforce-Producer-Address</option>
                  </options>
               </field>
               <field description="" name="LoadProduAdd" type="reference">
                  <options>
                     <option name="failOnNotRun">false</option>
                     <option name="failOnFault">false</option>
                     <option name="referenceTo">$po:mct-Salesforce-Outbound-To-Salesforce-Producer-Address</option>
                  </options>
               </field>
               <field description="" name="TruncAcctAddr" type="reference">
                  <options>
                     <option name="referenceTo">$po:mct-Salesforce-Outbound-Account-Address-StageTruncate</option>
                     <option name="failOnNotRun">false</option>
                     <option name="failOnFault">false</option>
                  </options>
               </field>
               <field description="" name="TruncAgentTax" type="reference">
                  <options>
                     <option name="referenceTo">$po:mct-Salesforce-Agent-Tax-Documents-StageTruncate</option>
                     <option name="failOnNotRun">false</option>
                     <option name="failOnFault">false</option>
                  </options>
               </field>
               <field description="" name="TruncProduAdd" type="reference">
                  <options>
                     <option name="referenceTo">$po:mct-Salesforce-Outbound-Producer-Address-StageTruncate</option>
                     <option name="failOnNotRun">false</option>
                     <option name="failOnFault">false</option>
                  </options>
               </field>
               <field description="" name="Stage Upline Detail" type="reference">
                  <options>
                     <option name="failOnNotRun">false</option>
                     <option name="failOnFault">false</option>
                     <option name="referenceTo">$po:mct-Salesforce-Upline-Detail</option>
                  </options>
               </field>
               <field description="" name="Load Upline_Detail" type="reference">
                  <options>
                     <option name="referenceTo">$po:mct-Salesforce-Outbound-To-Salesforce-Upline-Detail</option>
                  </options>
               </field>
               <field description="" name="Truncate Stage Upline_Detail" type="reference">
                  <options>
                     <option name="referenceTo">$po:mct-Salesforce-Upline-Detail-StageTruncate</option>
                  </options>
               </field>
            </tempFields>
            <notes/>
            <deployment suspendOnFault="false" tracingLevel="verbose">
               <rest/>
            </deployment>
            <flow id="a">
               <start id="b">
                  <link id="kuygwnnr" targetId="kuygwnnq"/>
               </start>
               <container id="kuygwnnq" type="parallel">
                  <title>Parallel Paths 1</title>
                  <flow id="kuygwno0">
                     <eventContainer id="kuygwnok">
                        <service id="kuygwnod">
                           <title>AcctAddressStage</title>
                           <serviceName>ICSExecuteDataTask</serviceName>
                           <serviceGUID/>
                           <serviceInput>
                              <parameter name="Wait for Task to Complete" source="constant" updatable="true">true</parameter>
                              <parameter name="Max Wait" source="constant" updatable="true">604800</parameter>
                              <parameter name="Task Name" source="constant" updatable="true">mct_Salesforce_Account_Address</parameter>
                              <parameter name="GUID" source="constant" updatable="true">4ePXZjHNG8AfbGFbQ4ujyr</parameter>
                              <parameter name="Task Type" source="constant" updatable="true">MCT</parameter>
                              <parameter name="Has Inout Parameters" source="constant" updatable="true">false</parameter>
                              <parameter name="taskField" source="nested">
                                 <operation source="field" to="mct-Salesforce-Account-Address">temp.AcctAddressStage</operation>
                              </parameter>
                           </serviceInput>
                           <serviceOutput>
                              <operation source="field" to="temp.AcctAddressStage/output/Object_Name">Object Name</operation>
                              <operation source="field" to="temp.AcctAddressStage/output/Run_Id">Run Id</operation>
                              <operation source="field" to="temp.AcctAddressStage/output/Log_Id">Log Id</operation>
                              <operation source="field" to="temp.AcctAddressStage/output/Task_Id">Task Id</operation>
                              <operation source="field" to="temp.AcctAddressStage/output/Task_Status">Task Status</operation>
                              <operation source="field" to="temp.AcctAddressStage/output/Success_Source_Rows">Success Source Rows</operation>
                              <operation source="field" to="temp.AcctAddressStage/output/Failed_Source_Rows">Failed Source Rows</operation>
                              <operation source="field" to="temp.AcctAddressStage/output/Success_Target_Rows">Success Target Rows</operation>
                              <operation source="field" to="temp.AcctAddressStage/output/Failed_Target_Rows">Failed Target Rows</operation>
                              <operation source="field" to="temp.AcctAddressStage/output/Start_Time">Start Time</operation>
                              <operation source="field" to="temp.AcctAddressStage/output/End_Time">End Time</operation>
                              <operation source="field" to="temp.AcctAddressStage/output/Error_Message">Error Message</operation>
                              <operation source="field" to="temp.AcctAddressStage/output/TotalTransErrors">Total Transformation Errors</operation>
                              <operation source="field" to="temp.AcctAddressStage/output/FirstErrorCode">First Error Code</operation>
                           </serviceOutput>
                        </service>
                        <flow id="kuygwnpt">
                           <container id="kuygwnq3" type="exclusive">
                              <title>Decision 1</title>
                              <flow id="kuygwnqj">
                                 <eventContainer id="kuygwnrs">
                                    <service id="kuygwnrd">
                                       <title>LoadAcctAddr</title>
                                       <serviceName>ICSExecuteDataTask</serviceName>
                                       <serviceGUID/>
                                       <serviceInput>
                                          <parameter name="Wait for Task to Complete" source="constant" updatable="true">true</parameter>
                                          <parameter name="Max Wait" source="constant" updatable="true">604800</parameter>
                                          <parameter name="Task Name" source="constant" updatable="true">mct_Salesforce_Outbound_To_Salesforce_Account_Address__c</parameter>
                                          <parameter name="GUID" source="constant" updatable="true">el8fG4CbU2Ufuqq9RfXWMQ</parameter>
                                          <parameter name="Task Type" source="constant" updatable="true">MCT</parameter>
                                          <parameter name="Has Inout Parameters" source="constant" updatable="true">false</parameter>
                                          <parameter name="taskField" source="nested">
                                             <operation source="field"
                                                        to="mct-Salesforce-Outbound-To-Salesforce-Account-Address--c">temp.LoadAcctAddr</operation>
                                          </parameter>
                                       </serviceInput>
                                       <serviceOutput>
                                          <operation source="field" to="temp.LoadAcctAddr/output/Object_Name">Object Name</operation>
                                          <operation source="field" to="temp.LoadAcctAddr/output/Run_Id">Run Id</operation>
                                          <operation source="field" to="temp.LoadAcctAddr/output/Log_Id">Log Id</operation>
                                          <operation source="field" to="temp.LoadAcctAddr/output/Task_Id">Task Id</operation>
                                          <operation source="field" to="temp.LoadAcctAddr/output/Task_Status">Task Status</operation>
                                          <operation source="field" to="temp.LoadAcctAddr/output/Success_Source_Rows">Success Source Rows</operation>
                                          <operation source="field" to="temp.LoadAcctAddr/output/Failed_Source_Rows">Failed Source Rows</operation>
                                          <operation source="field" to="temp.LoadAcctAddr/output/Success_Target_Rows">Success Target Rows</operation>
                                          <operation source="field" to="temp.LoadAcctAddr/output/Failed_Target_Rows">Failed Target Rows</operation>
                                          <operation source="field" to="temp.LoadAcctAddr/output/Start_Time">Start Time</operation>
                                          <operation source="field" to="temp.LoadAcctAddr/output/End_Time">End Time</operation>
                                          <operation source="field" to="temp.LoadAcctAddr/output/Error_Message">Error Message</operation>
                                          <operation source="field" to="temp.LoadAcctAddr/output/TotalTransErrors">Total Transformation Errors</operation>
                                          <operation source="field" to="temp.LoadAcctAddr/output/FirstErrorCode">First Error Code</operation>
                                       </serviceOutput>
                                    </service>
                                    <link id="kxqb7v3b" targetId="kxqb7v2w"/>
                                    <events>
                                       <catch faultField="temp.LoadAcctAddr/fault"
                                              id="kuygwnrq"
                                              interrupting="true"
                                              name="error">
                                          <suspend/>
                                       </catch>
                                       <catch faultField="temp.LoadAcctAddr/fault"
                                              id="kuygwnrr"
                                              interrupting="true"
                                              name="warning"/>
                                    </events>
                                 </eventContainer>
                                 <container id="kxqb7v2w" type="exclusive">
                                    <title>Decision 2</title>
                                    <flow id="kxqb7v2x">
                                       <eventContainer id="kxqb7v2y">
                                          <service id="kxqb7v31">
                                             <title>TruncAcctAddr</title>
                                             <serviceName>ICSExecuteDataTask</serviceName>
                                             <serviceGUID/>
                                             <serviceInput>
                                                <parameter name="Wait for Task to Complete" source="constant" updatable="true">true</parameter>
                                                <parameter name="Max Wait" source="constant" updatable="true">604800</parameter>
                                                <parameter name="Task Name" source="constant" updatable="true">mct_Salesforce_Outbound_Account_Address_StageTruncate</parameter>
                                                <parameter name="GUID" source="constant" updatable="true">lYswG1F2LyOlmeqlYqSJgU</parameter>
                                                <parameter name="Task Type" source="constant" updatable="true">MCT</parameter>
                                                <parameter name="Has Inout Parameters" source="constant" updatable="true">false</parameter>
                                                <parameter name="taskField" source="nested">
                                                   <operation source="field"
                                                              to="mct-Salesforce-Outbound-Account-Address-StageTruncate">temp.TruncAcctAddr</operation>
                                                </parameter>
                                             </serviceInput>
                                             <serviceOutput>
                                                <operation source="field" to="temp.TruncAcctAddr/output/Object_Name">Object Name</operation>
                                                <operation source="field" to="temp.TruncAcctAddr/output/Run_Id">Run Id</operation>
                                                <operation source="field" to="temp.TruncAcctAddr/output/Log_Id">Log Id</operation>
                                                <operation source="field" to="temp.TruncAcctAddr/output/Task_Id">Task Id</operation>
                                                <operation source="field" to="temp.TruncAcctAddr/output/Task_Status">Task Status</operation>
                                                <operation source="field" to="temp.TruncAcctAddr/output/Success_Source_Rows">Success Source Rows</operation>
                                                <operation source="field" to="temp.TruncAcctAddr/output/Failed_Source_Rows">Failed Source Rows</operation>
                                                <operation source="field" to="temp.TruncAcctAddr/output/Success_Target_Rows">Success Target Rows</operation>
                                                <operation source="field" to="temp.TruncAcctAddr/output/Failed_Target_Rows">Failed Target Rows</operation>
                                                <operation source="field" to="temp.TruncAcctAddr/output/Start_Time">Start Time</operation>
                                                <operation source="field" to="temp.TruncAcctAddr/output/End_Time">End Time</operation>
                                                <operation source="field" to="temp.TruncAcctAddr/output/Error_Message">Error Message</operation>
                                                <operation source="field" to="temp.TruncAcctAddr/output/TotalTransErrors">Total Transformation Errors</operation>
                                                <operation source="field" to="temp.TruncAcctAddr/output/FirstErrorCode">First Error Code</operation>
                                             </serviceOutput>
                                          </service>
                                          <events>
                                             <catch faultField="temp.TruncAcctAddr/fault"
                                                    id="kuygwnwz"
                                                    interrupting="true"
                                                    name="error">
                                                <suspend/>
                                             </catch>
                                             <catch faultField="temp.TruncAcctAddr/fault"
                                                    id="kuygwnx0"
                                                    interrupting="true"
                                                    name="warning"/>
                                          </events>
                                       </eventContainer>
                                       <link id="kxqb7v35" targetId="kxqb7v2w" type="containerLink"/>
                                    </flow>
                                    <flow id="kxqb7v32">
                                       <link id="kxqb7v3a" targetId="kxqb7v2w" type="containerLink"/>
                                    </flow>
                                    <link id="kxqb7v33" targetId="kxqb7v2x" type="containerLink">
                                       <condition source="formula">
                                          <function name="contains">
                                             <arg name="left">{$temp.LoadAcctAddr[1]/output[1]/Task_Status}</arg>
                                             <arg name="right">1</arg>
                                          </function>
                                       </condition>
                                    </link>
                                    <link id="kxqb7v34" targetId="kxqb7v32" type="containerLink"/>
                                 </container>
                                 <link id="kuygwnqk" targetId="kuygwnq3" type="containerLink"/>
                              </flow>
                              <flow id="kuygwnql">
                                 <link id="kuygwnqm" targetId="kuygwnq3" type="containerLink"/>
                              </flow>
                              <link id="kuygwnqc" targetId="kuygwnqj" type="containerLink">
                                 <condition source="formula">
                                    <function name="contains">
                                       <arg name="left">{$temp.AcctAddressStage[1]/output[1]/Task_Status}</arg>
                                       <arg name="right">1</arg>
                                    </function>
                                 </condition>
                              </link>
                              <link id="kuygwnqf" targetId="kuygwnql" type="containerLink"/>
                           </container>
                           <link id="kuygwnpu" targetId="kuygwnok" type="containerLink"/>
                        </flow>
                        <flow id="kuygwnpw">
                           <link id="kuygwnpx" targetId="kuygwnok" type="containerLink"/>
                        </flow>
                        <link id="kuygwnps" targetId="kuygwnpt" type="containerLink"/>
                        <events>
                           <catch faultField="temp.AcctAddressStage/fault"
                                  id="kuygwnoi"
                                  interrupting="true"
                                  name="error">
                              <link id="kuygwnpv" targetId="kuygwnpw" type="containerLink"/>
                           </catch>
                           <catch faultField="temp.AcctAddressStage/fault"
                                  id="kuygwnoj"
                                  interrupting="true"
                                  name="warning"/>
                        </events>
                     </eventContainer>
                     <link id="kuygwno1" targetId="kuygwnnq" type="containerLink"/>
                  </flow>
                  <flow id="kuygwno2">
                     <eventContainer id="kuygwo3l">
                        <service id="kuygwo2t">
                           <title>StageTaxAgent</title>
                           <serviceName>ICSExecuteDataTask</serviceName>
                           <serviceGUID/>
                           <serviceInput>
                              <parameter name="Wait for Task to Complete" source="constant" updatable="true">true</parameter>
                              <parameter name="Max Wait" source="constant" updatable="true">604800</parameter>
                              <parameter name="Task Name" source="constant" updatable="true">mct_Salesforce_Outbound_To_Salesforce_Agent_Tax_Document</parameter>
                              <parameter name="GUID" source="constant" updatable="true">jW0L7TkeDEec6OpvpTzDwP</parameter>
                              <parameter name="Task Type" source="constant" updatable="true">MCT</parameter>
                              <parameter name="Has Inout Parameters" source="constant" updatable="true">false</parameter>
                              <parameter name="taskField" source="nested">
                                 <operation source="field"
                                            to="mct-Salesforce-Outbound-To-Salesforce-Agent-Tax-Document">temp.StageTaxAgent</operation>
                              </parameter>
                           </serviceInput>
                           <serviceOutput>
                              <operation source="field" to="temp.StageTaxAgent/output/Object_Name">Object Name</operation>
                              <operation source="field" to="temp.StageTaxAgent/output/Run_Id">Run Id</operation>
                              <operation source="field" to="temp.StageTaxAgent/output/Log_Id">Log Id</operation>
                              <operation source="field" to="temp.StageTaxAgent/output/Task_Id">Task Id</operation>
                              <operation source="field" to="temp.StageTaxAgent/output/Task_Status">Task Status</operation>
                              <operation source="field" to="temp.StageTaxAgent/output/Success_Source_Rows">Success Source Rows</operation>
                              <operation source="field" to="temp.StageTaxAgent/output/Failed_Source_Rows">Failed Source Rows</operation>
                              <operation source="field" to="temp.StageTaxAgent/output/Success_Target_Rows">Success Target Rows</operation>
                              <operation source="field" to="temp.StageTaxAgent/output/Failed_Target_Rows">Failed Target Rows</operation>
                              <operation source="field" to="temp.StageTaxAgent/output/Start_Time">Start Time</operation>
                              <operation source="field" to="temp.StageTaxAgent/output/End_Time">End Time</operation>
                              <operation source="field" to="temp.StageTaxAgent/output/Error_Message">Error Message</operation>
                              <operation source="field" to="temp.StageTaxAgent/output/TotalTransErrors">Total Transformation Errors</operation>
                              <operation source="field" to="temp.StageTaxAgent/output/FirstErrorCode">First Error Code</operation>
                           </serviceOutput>
                        </service>
                        <flow id="kuygwo6m">
                           <container id="kuygwo76" type="exclusive">
                              <title>Decision 3</title>
                              <flow id="kuygwo86">
                                 <eventContainer id="kuygwob3">
                                    <service id="kuygwoa4">
                                       <title>LoadAgentTax</title>
                                       <serviceName>ICSExecuteDataTask</serviceName>
                                       <serviceGUID/>
                                       <serviceInput>
                                          <parameter name="Wait for Task to Complete" source="constant" updatable="true">true</parameter>
                                          <parameter name="Max Wait" source="constant" updatable="true">604800</parameter>
                                          <parameter name="Task Name" source="constant" updatable="true">mct_Salesforce_Outbound_To_Salesforce_Agent_Tax_Document</parameter>
                                          <parameter name="GUID" source="constant" updatable="true">jW0L7TkeDEec6OpvpTzDwP</parameter>
                                          <parameter name="Task Type" source="constant" updatable="true">MCT</parameter>
                                          <parameter name="Has Inout Parameters" source="constant" updatable="true">false</parameter>
                                          <parameter name="taskField" source="nested">
                                             <operation source="field"
                                                        to="mct-Salesforce-Outbound-To-Salesforce-Agent-Tax-Document">temp.LoadAgentTax</operation>
                                          </parameter>
                                       </serviceInput>
                                       <serviceOutput>
                                          <operation source="field" to="temp.LoadAgentTax/output/Object_Name">Object Name</operation>
                                          <operation source="field" to="temp.LoadAgentTax/output/Run_Id">Run Id</operation>
                                          <operation source="field" to="temp.LoadAgentTax/output/Log_Id">Log Id</operation>
                                          <operation source="field" to="temp.LoadAgentTax/output/Task_Id">Task Id</operation>
                                          <operation source="field" to="temp.LoadAgentTax/output/Task_Status">Task Status</operation>
                                          <operation source="field" to="temp.LoadAgentTax/output/Success_Source_Rows">Success Source Rows</operation>
                                          <operation source="field" to="temp.LoadAgentTax/output/Failed_Source_Rows">Failed Source Rows</operation>
                                          <operation source="field" to="temp.LoadAgentTax/output/Success_Target_Rows">Success Target Rows</operation>
                                          <operation source="field" to="temp.LoadAgentTax/output/Failed_Target_Rows">Failed Target Rows</operation>
                                          <operation source="field" to="temp.LoadAgentTax/output/Start_Time">Start Time</operation>
                                          <operation source="field" to="temp.LoadAgentTax/output/End_Time">End Time</operation>
                                          <operation source="field" to="temp.LoadAgentTax/output/Error_Message">Error Message</operation>
                                          <operation source="field" to="temp.LoadAgentTax/output/TotalTransErrors">Total Transformation Errors</operation>
                                          <operation source="field" to="temp.LoadAgentTax/output/FirstErrorCode">First Error Code</operation>
                                       </serviceOutput>
                                    </service>
                                    <link id="kxqb7va4" targetId="kxqb7v9p"/>
                                    <events>
                                       <catch faultField="temp.LoadAgentTax/fault"
                                              id="kuygwob1"
                                              interrupting="true"
                                              name="error">
                                          <suspend/>
                                       </catch>
                                       <catch faultField="temp.LoadAgentTax/fault"
                                              id="kuygwob2"
                                              interrupting="true"
                                              name="warning"/>
                                    </events>
                                 </eventContainer>
                                 <container id="kxqb7v9p" type="exclusive">
                                    <title>Decision 4</title>
                                    <flow id="kxqb7v9q">
                                       <eventContainer id="kxqb7v9r">
                                          <service id="kxqb7v9u">
                                             <title>TruncAgentTax</title>
                                             <serviceName>ICSExecuteDataTask</serviceName>
                                             <serviceGUID/>
                                             <serviceInput>
                                                <parameter name="Wait for Task to Complete" source="constant" updatable="true">true</parameter>
                                                <parameter name="Max Wait" source="constant" updatable="true">604800</parameter>
                                                <parameter name="Task Name" source="constant" updatable="true">mct_Salesforce_Agent_Tax_Documents_StageTruncate</parameter>
                                                <parameter name="GUID" source="constant" updatable="true">2SLh54grtc3jl2GSFZagKw</parameter>
                                                <parameter name="Task Type" source="constant" updatable="true">MCT</parameter>
                                                <parameter name="Has Inout Parameters" source="constant" updatable="true">false</parameter>
                                                <parameter name="taskField" source="nested">
                                                   <operation source="field" to="mct-Salesforce-Agent-Tax-Documents-StageTruncate">temp.TruncAgentTax</operation>
                                                </parameter>
                                             </serviceInput>
                                             <serviceOutput>
                                                <operation source="field" to="temp.TruncAgentTax/output/Object_Name">Object Name</operation>
                                                <operation source="field" to="temp.TruncAgentTax/output/Run_Id">Run Id</operation>
                                                <operation source="field" to="temp.TruncAgentTax/output/Log_Id">Log Id</operation>
                                                <operation source="field" to="temp.TruncAgentTax/output/Task_Id">Task Id</operation>
                                                <operation source="field" to="temp.TruncAgentTax/output/Task_Status">Task Status</operation>
                                                <operation source="field" to="temp.TruncAgentTax/output/Success_Source_Rows">Success Source Rows</operation>
                                                <operation source="field" to="temp.TruncAgentTax/output/Failed_Source_Rows">Failed Source Rows</operation>
                                                <operation source="field" to="temp.TruncAgentTax/output/Success_Target_Rows">Success Target Rows</operation>
                                                <operation source="field" to="temp.TruncAgentTax/output/Failed_Target_Rows">Failed Target Rows</operation>
                                                <operation source="field" to="temp.TruncAgentTax/output/Start_Time">Start Time</operation>
                                                <operation source="field" to="temp.TruncAgentTax/output/End_Time">End Time</operation>
                                                <operation source="field" to="temp.TruncAgentTax/output/Error_Message">Error Message</operation>
                                                <operation source="field" to="temp.TruncAgentTax/output/TotalTransErrors">Total Transformation Errors</operation>
                                                <operation source="field" to="temp.TruncAgentTax/output/FirstErrorCode">First Error Code</operation>
                                             </serviceOutput>
                                          </service>
                                          <events>
                                             <catch faultField="temp.TruncAgentTax/fault"
                                                    id="kuygwoli"
                                                    interrupting="true"
                                                    name="error">
                                                <suspend/>
                                             </catch>
                                             <catch faultField="temp.TruncAgentTax/fault"
                                                    id="kuygwolj"
                                                    interrupting="true"
                                                    name="warning"/>
                                          </events>
                                       </eventContainer>
                                       <link id="kxqb7v9y" targetId="kxqb7v9p" type="containerLink"/>
                                    </flow>
                                    <flow id="kxqb7v9v">
                                       <link id="kxqb7va3" targetId="kxqb7v9p" type="containerLink"/>
                                    </flow>
                                    <link id="kxqb7v9w" targetId="kxqb7v9q" type="containerLink">
                                       <condition source="formula">
                                          <function name="contains">
                                             <arg name="left">{$temp.LoadAgentTax[1]/output[1]/Task_Status}</arg>
                                             <arg name="right">1</arg>
                                          </function>
                                       </condition>
                                    </link>
                                    <link id="kxqb7v9x" targetId="kxqb7v9v" type="containerLink"/>
                                 </container>
                                 <link id="kuygwo87" targetId="kuygwo76" type="containerLink"/>
                              </flow>
                              <flow id="kuygwo88">
                                 <link id="kuygwo89" targetId="kuygwo76" type="containerLink"/>
                              </flow>
                              <link id="kuygwo7z" targetId="kuygwo86" type="containerLink">
                                 <condition source="formula">
                                    <function name="contains">
                                       <arg name="left">{$temp.StageTaxAgent[1]/output[1]/Task_Status}</arg>
                                       <arg name="right">1</arg>
                                    </function>
                                 </condition>
                              </link>
                              <link id="kuygwo82" targetId="kuygwo88" type="containerLink"/>
                           </container>
                           <link id="kuygwo6n" targetId="kuygwo3l" type="containerLink"/>
                        </flow>
                        <flow id="kuygwo6p">
                           <link id="kuygwo6q" targetId="kuygwo3l" type="containerLink"/>
                        </flow>
                        <link id="kuygwo6l" targetId="kuygwo6m" type="containerLink"/>
                        <events>
                           <catch faultField="temp.StageTaxAgent/fault"
                                  id="kuygwo3j"
                                  interrupting="true"
                                  name="error">
                              <link id="kuygwo6o" targetId="kuygwo6p" type="containerLink"/>
                           </catch>
                           <catch faultField="temp.StageTaxAgent/fault"
                                  id="kuygwo3k"
                                  interrupting="true"
                                  name="warning"/>
                        </events>
                     </eventContainer>
                     <link id="kuygwno3" targetId="kuygwnnq" type="containerLink"/>
                  </flow>
                  <flow id="kuym1d43">
                     <eventContainer id="kuym1d66">
                        <service id="kuym1d4t">
                           <title>StageProduAdd</title>
                           <serviceName>ICSExecuteDataTask</serviceName>
                           <serviceGUID/>
                           <serviceInput>
                              <parameter name="Wait for Task to Complete" source="constant" updatable="true">true</parameter>
                              <parameter name="Max Wait" source="constant" updatable="true">604800</parameter>
                              <parameter name="Task Name" source="constant" updatable="true">mct_Salesforce_Producer_Address</parameter>
                              <parameter name="GUID" source="constant" updatable="true">am6vZ40lgZqgECfRd906qF</parameter>
                              <parameter name="Task Type" source="constant" updatable="true">MCT</parameter>
                              <parameter name="Has Inout Parameters" source="constant" updatable="true">false</parameter>
                              <parameter name="taskField" source="nested">
                                 <operation source="field" to="mct-Salesforce-Producer-Address">temp.StageProduAdd</operation>
                              </parameter>
                           </serviceInput>
                           <serviceOutput>
                              <operation source="field" to="temp.StageProduAdd/output/Object_Name">Object Name</operation>
                              <operation source="field" to="temp.StageProduAdd/output/Run_Id">Run Id</operation>
                              <operation source="field" to="temp.StageProduAdd/output/Log_Id">Log Id</operation>
                              <operation source="field" to="temp.StageProduAdd/output/Task_Id">Task Id</operation>
                              <operation source="field" to="temp.StageProduAdd/output/Task_Status">Task Status</operation>
                              <operation source="field" to="temp.StageProduAdd/output/Success_Source_Rows">Success Source Rows</operation>
                              <operation source="field" to="temp.StageProduAdd/output/Failed_Source_Rows">Failed Source Rows</operation>
                              <operation source="field" to="temp.StageProduAdd/output/Success_Target_Rows">Success Target Rows</operation>
                              <operation source="field" to="temp.StageProduAdd/output/Failed_Target_Rows">Failed Target Rows</operation>
                              <operation source="field" to="temp.StageProduAdd/output/Start_Time">Start Time</operation>
                              <operation source="field" to="temp.StageProduAdd/output/End_Time">End Time</operation>
                              <operation source="field" to="temp.StageProduAdd/output/Error_Message">Error Message</operation>
                              <operation source="field" to="temp.StageProduAdd/output/TotalTransErrors">Total Transformation Errors</operation>
                              <operation source="field" to="temp.StageProduAdd/output/FirstErrorCode">First Error Code</operation>
                           </serviceOutput>
                        </service>
                        <flow id="kuym1d9r">
                           <container id="kuym1dam" type="exclusive">
                              <title>Decision 5</title>
                              <flow id="kuym1dc8">
                                 <eventContainer id="kuym1dhq">
                                    <service id="kuym1dg5">
                                       <title>LoadProduAdd</title>
                                       <serviceName>ICSExecuteDataTask</serviceName>
                                       <serviceGUID/>
                                       <serviceInput>
                                          <parameter name="Wait for Task to Complete" source="constant" updatable="true">true</parameter>
                                          <parameter name="Max Wait" source="constant" updatable="true">604800</parameter>
                                          <parameter name="Task Name" source="constant" updatable="true">mct_Salesforce_Outbound_To_Salesforce_Producer_Address</parameter>
                                          <parameter name="GUID" source="constant" updatable="true">lm1wi4TMZ2ViEyveESNLmr</parameter>
                                          <parameter name="Task Type" source="constant" updatable="true">MCT</parameter>
                                          <parameter name="Has Inout Parameters" source="constant" updatable="true">false</parameter>
                                          <parameter name="taskField" source="nested">
                                             <operation source="field"
                                                        to="mct-Salesforce-Outbound-To-Salesforce-Producer-Address">temp.LoadProduAdd</operation>
                                          </parameter>
                                       </serviceInput>
                                       <serviceOutput>
                                          <operation source="field" to="temp.LoadProduAdd/output/Object_Name">Object Name</operation>
                                          <operation source="field" to="temp.LoadProduAdd/output/Run_Id">Run Id</operation>
                                          <operation source="field" to="temp.LoadProduAdd/output/Log_Id">Log Id</operation>
                                          <operation source="field" to="temp.LoadProduAdd/output/Task_Id">Task Id</operation>
                                          <operation source="field" to="temp.LoadProduAdd/output/Task_Status">Task Status</operation>
                                          <operation source="field" to="temp.LoadProduAdd/output/Success_Source_Rows">Success Source Rows</operation>
                                          <operation source="field" to="temp.LoadProduAdd/output/Failed_Source_Rows">Failed Source Rows</operation>
                                          <operation source="field" to="temp.LoadProduAdd/output/Success_Target_Rows">Success Target Rows</operation>
                                          <operation source="field" to="temp.LoadProduAdd/output/Failed_Target_Rows">Failed Target Rows</operation>
                                          <operation source="field" to="temp.LoadProduAdd/output/Start_Time">Start Time</operation>
                                          <operation source="field" to="temp.LoadProduAdd/output/End_Time">End Time</operation>
                                          <operation source="field" to="temp.LoadProduAdd/output/Error_Message">Error Message</operation>
                                          <operation source="field" to="temp.LoadProduAdd/output/TotalTransErrors">Total Transformation Errors</operation>
                                          <operation source="field" to="temp.LoadProduAdd/output/FirstErrorCode">First Error Code</operation>
                                       </serviceOutput>
                                    </service>
                                    <link id="kxqb7vg9" targetId="kxqb7vfu"/>
                                    <events>
                                       <catch faultField="temp.LoadProduAdd/fault"
                                              id="kuym1dho"
                                              interrupting="true"
                                              name="error">
                                          <suspend/>
                                       </catch>
                                       <catch faultField="temp.LoadProduAdd/fault"
                                              id="kuym1dhp"
                                              interrupting="true"
                                              name="warning"/>
                                    </events>
                                 </eventContainer>
                                 <container id="kxqb7vfu" type="exclusive">
                                    <title>Decision 6</title>
                                    <flow id="kxqb7vfv">
                                       <eventContainer id="kxqb7vfw">
                                          <service id="kxqb7vfz">
                                             <title>TruncProduAdd</title>
                                             <serviceName>ICSExecuteDataTask</serviceName>
                                             <serviceGUID/>
                                             <serviceInput>
                                                <parameter name="Wait for Task to Complete" source="constant" updatable="true">true</parameter>
                                                <parameter name="Max Wait" source="constant" updatable="true">604800</parameter>
                                                <parameter name="Task Name" source="constant" updatable="true">mct_Salesforce_Outbound_Producer_Address_StageTruncate</parameter>
                                                <parameter name="GUID" source="constant" updatable="true">8wXmCujqhWEfLQsnRd40on</parameter>
                                                <parameter name="Task Type" source="constant" updatable="true">MCT</parameter>
                                                <parameter name="Has Inout Parameters" source="constant" updatable="true">false</parameter>
                                                <parameter name="taskField" source="nested">
                                                   <operation source="field"
                                                              to="mct-Salesforce-Outbound-Producer-Address-StageTruncate">temp.TruncProduAdd</operation>
                                                </parameter>
                                             </serviceInput>
                                             <serviceOutput>
                                                <operation source="field" to="temp.TruncProduAdd/output/Object_Name">Object Name</operation>
                                                <operation source="field" to="temp.TruncProduAdd/output/Run_Id">Run Id</operation>
                                                <operation source="field" to="temp.TruncProduAdd/output/Log_Id">Log Id</operation>
                                                <operation source="field" to="temp.TruncProduAdd/output/Task_Id">Task Id</operation>
                                                <operation source="field" to="temp.TruncProduAdd/output/Task_Status">Task Status</operation>
                                                <operation source="field" to="temp.TruncProduAdd/output/Success_Source_Rows">Success Source Rows</operation>
                                                <operation source="field" to="temp.TruncProduAdd/output/Failed_Source_Rows">Failed Source Rows</operation>
                                                <operation source="field" to="temp.TruncProduAdd/output/Success_Target_Rows">Success Target Rows</operation>
                                                <operation source="field" to="temp.TruncProduAdd/output/Failed_Target_Rows">Failed Target Rows</operation>
                                                <operation source="field" to="temp.TruncProduAdd/output/Start_Time">Start Time</operation>
                                                <operation source="field" to="temp.TruncProduAdd/output/End_Time">End Time</operation>
                                                <operation source="field" to="temp.TruncProduAdd/output/Error_Message">Error Message</operation>
                                                <operation source="field" to="temp.TruncProduAdd/output/TotalTransErrors">Total Transformation Errors</operation>
                                                <operation source="field" to="temp.TruncProduAdd/output/FirstErrorCode">First Error Code</operation>
                                             </serviceOutput>
                                          </service>
                                          <events>
                                             <catch faultField="temp.TruncProduAdd/fault"
                                                    id="kuym1du1"
                                                    interrupting="true"
                                                    name="error">
                                                <suspend/>
                                             </catch>
                                             <catch faultField="temp.TruncProduAdd/fault"
                                                    id="kuym1du2"
                                                    interrupting="true"
                                                    name="warning"/>
                                          </events>
                                       </eventContainer>
                                       <link id="kxqb7vg3" targetId="kxqb7vfu" type="containerLink"/>
                                    </flow>
                                    <flow id="kxqb7vg0">
                                       <link id="kxqb7vg8" targetId="kxqb7vfu" type="containerLink"/>
                                    </flow>
                                    <link id="kxqb7vg1" targetId="kxqb7vfv" type="containerLink">
                                       <condition source="formula">
                                          <function name="contains">
                                             <arg name="left">{$temp.LoadProduAdd[1]/output[1]/Task_Status}</arg>
                                             <arg name="right">1</arg>
                                          </function>
                                       </condition>
                                    </link>
                                    <link id="kxqb7vg2" targetId="kxqb7vg0" type="containerLink"/>
                                 </container>
                                 <link id="kuym1dc9" targetId="kuym1dam" type="containerLink"/>
                              </flow>
                              <flow id="kuym1dca">
                                 <link id="kuym1dcb" targetId="kuym1dam" type="containerLink"/>
                              </flow>
                              <link id="kuym1dc1" targetId="kuym1dc8" type="containerLink">
                                 <condition source="formula">
                                    <function name="contains">
                                       <arg name="left">{$temp.StageProduAdd[1]/output[1]/Task_Status}</arg>
                                       <arg name="right">1</arg>
                                    </function>
                                 </condition>
                              </link>
                              <link id="kuym1dc4" targetId="kuym1dca" type="containerLink"/>
                           </container>
                           <link id="kuym1d9s" targetId="kuym1d66" type="containerLink"/>
                        </flow>
                        <flow id="kuym1d9u">
                           <link id="kuym1d9v" targetId="kuym1d66" type="containerLink"/>
                        </flow>
                        <link id="kuym1d9q" targetId="kuym1d9r" type="containerLink"/>
                        <events>
                           <catch faultField="temp.StageProduAdd/fault"
                                  id="kuym1d64"
                                  interrupting="true"
                                  name="error">
                              <link id="kuym1d9t" targetId="kuym1d9u" type="containerLink"/>
                           </catch>
                           <catch faultField="temp.StageProduAdd/fault"
                                  id="kuym1d65"
                                  interrupting="true"
                                  name="warning"/>
                        </events>
                     </eventContainer>
                     <link id="kuym1d44" targetId="kuygwnnq" type="containerLink"/>
                  </flow>
                  <flow id="l2ytk4o6">
                     <eventContainer id="l2ytk4ud">
                        <service id="l2ytk4t1">
                           <title>Stage Upline Detail</title>
                           <serviceName>ICSExecuteDataTask</serviceName>
                           <serviceGUID/>
                           <serviceInput>
                              <parameter name="Wait for Task to Complete" source="constant" updatable="true">true</parameter>
                              <parameter name="Max Wait" source="constant" updatable="true">604800</parameter>
                              <parameter name="Task Name" source="constant" updatable="true">mct_Salesforce_Upline_Detail</parameter>
                              <parameter name="GUID" source="constant" updatable="true">3OKEcSUumiOivsL0gCDla7</parameter>
                              <parameter name="Task Type" source="constant" updatable="true">MCT</parameter>
                              <parameter name="Has Inout Parameters" source="constant" updatable="true">false</parameter>
                              <parameter name="taskField" source="nested">
                                 <operation source="field" to="mct-Salesforce-Upline-Detail">temp.Stage Upline Detail</operation>
                              </parameter>
                           </serviceInput>
                           <serviceOutput>
                              <operation source="field" to="temp.Stage Upline Detail/output/Object_Name">Object Name</operation>
                              <operation source="field" to="temp.Stage Upline Detail/output/Run_Id">Run Id</operation>
                              <operation source="field" to="temp.Stage Upline Detail/output/Log_Id">Log Id</operation>
                              <operation source="field" to="temp.Stage Upline Detail/output/Task_Id">Task Id</operation>
                              <operation source="field" to="temp.Stage Upline Detail/output/Task_Status">Task Status</operation>
                              <operation source="field" to="temp.Stage Upline Detail/output/Success_Source_Rows">Success Source Rows</operation>
                              <operation source="field" to="temp.Stage Upline Detail/output/Failed_Source_Rows">Failed Source Rows</operation>
                              <operation source="field" to="temp.Stage Upline Detail/output/Success_Target_Rows">Success Target Rows</operation>
                              <operation source="field" to="temp.Stage Upline Detail/output/Failed_Target_Rows">Failed Target Rows</operation>
                              <operation source="field" to="temp.Stage Upline Detail/output/Start_Time">Start Time</operation>
                              <operation source="field" to="temp.Stage Upline Detail/output/End_Time">End Time</operation>
                              <operation source="field" to="temp.Stage Upline Detail/output/Error_Message">Error Message</operation>
                              <operation source="field" to="temp.Stage Upline Detail/output/TotalTransErrors">Total Transformation Errors</operation>
                              <operation source="field" to="temp.Stage Upline Detail/output/FirstErrorCode">First Error Code</operation>
                           </serviceOutput>
                        </service>
                        <flow id="l2ytk54s">
                           <container id="l2ytk5d2" type="exclusive">
                              <title>Decision 7</title>
                              <flow id="l2ytk5em">
                                 <eventContainer id="l2ytk5hf">
                                    <service id="l2ytk5g7">
                                       <title>Load Upline_Detail</title>
                                       <serviceName>ICSExecuteDataTask</serviceName>
                                       <serviceGUID/>
                                       <serviceInput>
                                          <parameter name="Wait for Task to Complete" source="constant" updatable="true">true</parameter>
                                          <parameter name="Max Wait" source="constant" updatable="true">604800</parameter>
                                          <parameter name="Task Name" source="constant" updatable="true">mct_Salesforce_Outbound_To_Salesforce_Upline_Detail</parameter>
                                          <parameter name="GUID" source="constant" updatable="true">3oAhXEQUx02jD5f9LXnu01</parameter>
                                          <parameter name="Task Type" source="constant" updatable="true">MCT</parameter>
                                          <parameter name="Has Inout Parameters" source="constant" updatable="true">false</parameter>
                                          <parameter name="taskField" source="nested">
                                             <operation source="field" to="mct-Salesforce-Outbound-To-Salesforce-Upline-Detail">temp.Load Upline_Detail</operation>
                                          </parameter>
                                       </serviceInput>
                                       <serviceOutput>
                                          <operation source="field" to="temp.Load Upline_Detail/output/Object_Name">Object Name</operation>
                                          <operation source="field" to="temp.Load Upline_Detail/output/Run_Id">Run Id</operation>
                                          <operation source="field" to="temp.Load Upline_Detail/output/Log_Id">Log Id</operation>
                                          <operation source="field" to="temp.Load Upline_Detail/output/Task_Id">Task Id</operation>
                                          <operation source="field" to="temp.Load Upline_Detail/output/Task_Status">Task Status</operation>
                                          <operation source="field" to="temp.Load Upline_Detail/output/Success_Source_Rows">Success Source Rows</operation>
                                          <operation source="field" to="temp.Load Upline_Detail/output/Failed_Source_Rows">Failed Source Rows</operation>
                                          <operation source="field" to="temp.Load Upline_Detail/output/Success_Target_Rows">Success Target Rows</operation>
                                          <operation source="field" to="temp.Load Upline_Detail/output/Failed_Target_Rows">Failed Target Rows</operation>
                                          <operation source="field" to="temp.Load Upline_Detail/output/Start_Time">Start Time</operation>
                                          <operation source="field" to="temp.Load Upline_Detail/output/End_Time">End Time</operation>
                                          <operation source="field" to="temp.Load Upline_Detail/output/Error_Message">Error Message</operation>
                                          <operation source="field" to="temp.Load Upline_Detail/output/TotalTransErrors">Total Transformation Errors</operation>
                                          <operation source="field" to="temp.Load Upline_Detail/output/FirstErrorCode">First Error Code</operation>
                                       </serviceOutput>
                                    </service>
                                    <link id="l2ytk5m5" targetId="l2ytk5m4"/>
                                    <events>
                                       <catch faultField="temp.Load Upline_Detail/fault"
                                              id="l2ytk4q4"
                                              interrupting="true"
                                              name="error">
                                          <suspend/>
                                       </catch>
                                       <catch faultField="temp.Load Upline_Detail/fault"
                                              id="l2ytk4q5"
                                              interrupting="true"
                                              name="warning"/>
                                    </events>
                                 </eventContainer>
                                 <container id="l2ytk5m4" type="exclusive">
                                    <title>Decision 8</title>
                                    <flow id="l2ytk5nt">
                                       <eventContainer id="l2ytk5sc">
                                          <service id="l2ytk5r2">
                                             <title>Truncate Stage Upline_Detail</title>
                                             <serviceName>ICSExecuteDataTask</serviceName>
                                             <serviceGUID/>
                                             <serviceInput>
                                                <parameter name="Wait for Task to Complete" source="constant" updatable="true">true</parameter>
                                                <parameter name="Max Wait" source="constant" updatable="true">604800</parameter>
                                                <parameter name="Task Name" source="constant" updatable="true">mct_Salesforce_Upline_Detail_StageTruncate</parameter>
                                                <parameter name="GUID" source="constant" updatable="true">9pqfOGUN0PxbZArZS2dE8A</parameter>
                                                <parameter name="Task Type" source="constant" updatable="true">MCT</parameter>
                                                <parameter name="Has Inout Parameters" source="constant" updatable="true">false</parameter>
                                                <parameter name="taskField" source="nested">
                                                   <operation source="field" to="mct-Salesforce-Upline-Detail-StageTruncate">temp.Truncate Stage Upline_Detail</operation>
                                                </parameter>
                                             </serviceInput>
                                             <serviceOutput>
                                                <operation source="field"
                                                           to="temp.Truncate Stage Upline_Detail/output/Object_Name">Object Name</operation>
                                                <operation source="field" to="temp.Truncate Stage Upline_Detail/output/Run_Id">Run Id</operation>
                                                <operation source="field" to="temp.Truncate Stage Upline_Detail/output/Log_Id">Log Id</operation>
                                                <operation source="field" to="temp.Truncate Stage Upline_Detail/output/Task_Id">Task Id</operation>
                                                <operation source="field"
                                                           to="temp.Truncate Stage Upline_Detail/output/Task_Status">Task Status</operation>
                                                <operation source="field"
                                                           to="temp.Truncate Stage Upline_Detail/output/Success_Source_Rows">Success Source Rows</operation>
                                                <operation source="field"
                                                           to="temp.Truncate Stage Upline_Detail/output/Failed_Source_Rows">Failed Source Rows</operation>
                                                <operation source="field"
                                                           to="temp.Truncate Stage Upline_Detail/output/Success_Target_Rows">Success Target Rows</operation>
                                                <operation source="field"
                                                           to="temp.Truncate Stage Upline_Detail/output/Failed_Target_Rows">Failed Target Rows</operation>
                                                <operation source="field" to="temp.Truncate Stage Upline_Detail/output/Start_Time">Start Time</operation>
                                                <operation source="field" to="temp.Truncate Stage Upline_Detail/output/End_Time">End Time</operation>
                                                <operation source="field"
                                                           to="temp.Truncate Stage Upline_Detail/output/Error_Message">Error Message</operation>
                                                <operation source="field"
                                                           to="temp.Truncate Stage Upline_Detail/output/TotalTransErrors">Total Transformation Errors</operation>
                                                <operation source="field"
                                                           to="temp.Truncate Stage Upline_Detail/output/FirstErrorCode">First Error Code</operation>
                                             </serviceOutput>
                                          </service>
                                          <events>
                                             <catch faultField="temp.Truncate Stage Upline_Detail/fault"
                                                    id="l2ytk50b"
                                                    interrupting="true"
                                                    name="error">
                                                <suspend/>
                                             </catch>
                                             <catch faultField="temp.Truncate Stage Upline_Detail/fault"
                                                    id="l2ytk50c"
                                                    interrupting="true"
                                                    name="warning"/>
                                          </events>
                                       </eventContainer>
                                       <link id="l2ytk5nu" targetId="l2ytk5m4" type="containerLink"/>
                                    </flow>
                                    <flow id="l2ytk5nv">
                                       <link id="l2ytk5nw" targetId="l2ytk5m4" type="containerLink"/>
                                    </flow>
                                    <link id="l2ytk5nm" targetId="l2ytk5nt" type="containerLink">
                                       <condition source="formula">
                                          <function name="contains">
                                             <arg name="left">{$temp.LoadUpline_Detail[1]/output[1]/Task_Status}</arg>
                                             <arg name="right">1</arg>
                                          </function>
                                       </condition>
                                    </link>
                                    <link id="l2ytk5np" targetId="l2ytk5nv" type="containerLink"/>
                                 </container>
                                 <link id="l2ytk5en" targetId="l2ytk5d2" type="containerLink"/>
                              </flow>
                              <flow id="l2ytk5eo">
                                 <link id="l2ytk5ep" targetId="l2ytk5d2" type="containerLink"/>
                              </flow>
                              <link id="l2ytk5ef" targetId="l2ytk5em" type="containerLink">
                                 <condition source="formula">
                                    <function name="contains">
                                       <arg name="left">{$temp.StageUplineDetail[1]/output[1]/Task_Status}</arg>
                                       <arg name="right">1</arg>
                                    </function>
                                 </condition>
                              </link>
                              <link id="l2ytk5ei" targetId="l2ytk5eo" type="containerLink"/>
                           </container>
                           <link id="l2ytk54t" targetId="l2ytk4ud" type="containerLink"/>
                        </flow>
                        <flow id="l2ytk54v">
                           <link id="l2ytk54w" targetId="l2ytk4ud" type="containerLink"/>
                        </flow>
                        <link id="l2ytk54r" targetId="l2ytk54s" type="containerLink"/>
                        <events>
                           <catch faultField="temp.Stage Upline Detail/fault"
                                  id="l2ytk4ub"
                                  interrupting="true"
                                  name="error">
                              <link id="l2ytk54u" targetId="l2ytk54v" type="containerLink"/>
                           </catch>
                           <catch faultField="temp.Stage Upline Detail/fault"
                                  id="l2ytk4uc"
                                  interrupting="true"
                                  name="warning"/>
                        </events>
                     </eventContainer>
                     <link id="l2ytk4o7" targetId="kuygwnnq" type="containerLink"/>
                  </flow>
                  <link id="kuygwnnt" targetId="kuygwno0" type="containerLink"/>
                  <link id="kuygwnnw" targetId="kuygwno2" type="containerLink"/>
                  <link id="kuym1d42" targetId="kuym1d43" type="containerLink"/>
                  <link id="l2ytk4o5" targetId="l2ytk4o6" type="containerLink"/>
                  <link id="kuygwnns" targetId="c"/>
               </container>
               <end id="c"/>
            </flow>
            <dependencies>
               <processObject xmlns="http://schemas.active-endpoints.com/appmodules/screenflow/2011/06/avosHostEnvironment.xsd"
                              displayName="mct-Salesforce-Account-Address"
                              isByCopy="true"
                              name="mct-Salesforce-Account-Address">
                  <description/>
                  <tags/>
                  <detail>
                     <field label="TaskProperties Parameters"
                            name="taskProperties"
                            nullable="true"
                            required="false"
                            type="reference"/>
                     <field label="Output Parameters"
                            name="output"
                            nullable="true"
                            required="false"
                            type="reference"/>
                     <field label="Fault"
                            name="fault"
                            nullable="true"
                            required="false"
                            type="reference"/>
                  </detail>
               </processObject>
               <processObject xmlns="http://schemas.active-endpoints.com/appmodules/screenflow/2011/06/avosHostEnvironment.xsd"
                              displayName="mct-Salesforce-Outbound-To-Salesforce-Account-Address--c"
                              isByCopy="true"
                              name="mct-Salesforce-Outbound-To-Salesforce-Account-Address--c">
                  <description/>
                  <tags/>
                  <detail>
                     <field label="TaskProperties Parameters"
                            name="taskProperties"
                            nullable="true"
                            required="false"
                            type="reference"/>
                     <field label="Output Parameters"
                            name="output"
                            nullable="true"
                            required="false"
                            type="reference"/>
                     <field label="Fault"
                            name="fault"
                            nullable="true"
                            required="false"
                            type="reference"/>
                  </detail>
               </processObject>
               <processObject xmlns="http://schemas.active-endpoints.com/appmodules/screenflow/2011/06/avosHostEnvironment.xsd"
                              displayName="mct-Salesforce-Outbound-To-Salesforce-Agent-Tax-Document"
                              isByCopy="true"
                              name="mct-Salesforce-Outbound-To-Salesforce-Agent-Tax-Document">
                  <description/>
                  <tags/>
                  <detail>
                     <field label="TaskProperties Parameters"
                            name="taskProperties"
                            nullable="true"
                            required="false"
                            type="reference"/>
                     <field label="Output Parameters"
                            name="output"
                            nullable="true"
                            required="false"
                            type="reference"/>
                     <field label="Fault"
                            name="fault"
                            nullable="true"
                            required="false"
                            type="reference"/>
                  </detail>
               </processObject>
               <processObject xmlns="http://schemas.active-endpoints.com/appmodules/screenflow/2011/06/avosHostEnvironment.xsd"
                              displayName="mct-Salesforce-Producer-Address"
                              isByCopy="true"
                              name="mct-Salesforce-Producer-Address">
                  <description/>
                  <tags/>
                  <detail>
                     <field label="TaskProperties Parameters"
                            name="taskProperties"
                            nullable="true"
                            required="false"
                            type="reference"/>
                     <field label="Output Parameters"
                            name="output"
                            nullable="true"
                            required="false"
                            type="reference"/>
                     <field label="Fault"
                            name="fault"
                            nullable="true"
                            required="false"
                            type="reference"/>
                  </detail>
               </processObject>
               <processObject xmlns="http://schemas.active-endpoints.com/appmodules/screenflow/2011/06/avosHostEnvironment.xsd"
                              displayName="mct-Salesforce-Outbound-To-Salesforce-Producer-Address"
                              isByCopy="true"
                              name="mct-Salesforce-Outbound-To-Salesforce-Producer-Address">
                  <description/>
                  <tags/>
                  <detail>
                     <field label="TaskProperties Parameters"
                            name="taskProperties"
                            nullable="true"
                            required="false"
                            type="reference"/>
                     <field label="Output Parameters"
                            name="output"
                            nullable="true"
                            required="false"
                            type="reference"/>
                     <field label="Fault"
                            name="fault"
                            nullable="true"
                            required="false"
                            type="reference"/>
                  </detail>
               </processObject>
               <processObject xmlns="http://schemas.active-endpoints.com/appmodules/screenflow/2011/06/avosHostEnvironment.xsd"
                              displayName="mct-Salesforce-Outbound-Account-Address-StageTruncate"
                              isByCopy="true"
                              name="mct-Salesforce-Outbound-Account-Address-StageTruncate">
                  <description/>
                  <tags/>
                  <detail>
                     <field label="TaskProperties Parameters"
                            name="taskProperties"
                            nullable="true"
                            required="false"
                            type="reference"/>
                     <field label="Output Parameters"
                            name="output"
                            nullable="true"
                            required="false"
                            type="reference"/>
                     <field label="Fault"
                            name="fault"
                            nullable="true"
                            required="false"
                            type="reference"/>
                  </detail>
               </processObject>
               <processObject xmlns="http://schemas.active-endpoints.com/appmodules/screenflow/2011/06/avosHostEnvironment.xsd"
                              displayName="mct-Salesforce-Agent-Tax-Documents-StageTruncate"
                              isByCopy="true"
                              name="mct-Salesforce-Agent-Tax-Documents-StageTruncate">
                  <description/>
                  <tags/>
                  <detail>
                     <field label="TaskProperties Parameters"
                            name="taskProperties"
                            nullable="true"
                            required="false"
                            type="reference"/>
                     <field label="Output Parameters"
                            name="output"
                            nullable="true"
                            required="false"
                            type="reference"/>
                     <field label="Fault"
                            name="fault"
                            nullable="true"
                            required="false"
                            type="reference"/>
                  </detail>
               </processObject>
               <processObject xmlns="http://schemas.active-endpoints.com/appmodules/screenflow/2011/06/avosHostEnvironment.xsd"
                              displayName="mct-Salesforce-Outbound-Producer-Address-StageTruncate"
                              isByCopy="true"
                              name="mct-Salesforce-Outbound-Producer-Address-StageTruncate">
                  <description/>
                  <tags/>
                  <detail>
                     <field label="TaskProperties Parameters"
                            name="taskProperties"
                            nullable="true"
                            required="false"
                            type="reference"/>
                     <field label="Output Parameters"
                            name="output"
                            nullable="true"
                            required="false"
                            type="reference"/>
                     <field label="Fault"
                            name="fault"
                            nullable="true"
                            required="false"
                            type="reference"/>
                  </detail>
               </processObject>
               <processObject xmlns="http://schemas.active-endpoints.com/appmodules/screenflow/2011/06/avosHostEnvironment.xsd"
                              displayName="mct-Salesforce-Upline-Detail"
                              isByCopy="true"
                              name="mct-Salesforce-Upline-Detail">
                  <description/>
                  <tags/>
                  <detail>
                     <field label="TaskProperties Parameters"
                            name="taskProperties"
                            nullable="true"
                            required="false"
                            type="reference"/>
                     <field label="Output Parameters"
                            name="output"
                            nullable="true"
                            required="false"
                            type="reference"/>
                     <field label="Fault"
                            name="fault"
                            nullable="true"
                            required="false"
                            type="reference"/>
                  </detail>
               </processObject>
               <processObject xmlns="http://schemas.active-endpoints.com/appmodules/screenflow/2011/06/avosHostEnvironment.xsd"
                              displayName="mct-Salesforce-Outbound-To-Salesforce-Upline-Detail"
                              isByCopy="true"
                              name="mct-Salesforce-Outbound-To-Salesforce-Upline-Detail">
                  <description/>
                  <tags/>
                  <detail>
                     <field label="TaskProperties Parameters"
                            name="taskProperties"
                            nullable="true"
                            required="false"
                            type="reference"/>
                     <field label="Output Parameters"
                            name="output"
                            nullable="true"
                            required="false"
                            type="reference"/>
                     <field label="Fault"
                            name="fault"
                            nullable="true"
                            required="false"
                            type="reference"/>
                  </detail>
               </processObject>
               <processObject xmlns="http://schemas.active-endpoints.com/appmodules/screenflow/2011/06/avosHostEnvironment.xsd"
                              displayName="mct-Salesforce-Upline-Detail-StageTruncate"
                              isByCopy="true"
                              name="mct-Salesforce-Upline-Detail-StageTruncate">
                  <description/>
                  <tags/>
                  <detail>
                     <field label="TaskProperties Parameters"
                            name="taskProperties"
                            nullable="true"
                            required="false"
                            type="reference"/>
                     <field label="Output Parameters"
                            name="output"
                            nullable="true"
                            required="false"
                            type="reference"/>
                     <field label="Fault"
                            name="fault"
                            nullable="true"
                            required="false"
                            type="reference"/>
                  </detail>
               </processObject>
            </dependencies>
         </taskflow>
      </types1:Entry>
      <types1:GUID>7SC3Bs2om6JeZd4sIwjywv</types1:GUID>
      <types1:DisplayName>stf_Salesforce_DCX_Outbound_Address</types1:DisplayName>
   </types1:Item>
   <types1:CurrentServerDateTime>2022-05-17T19:43:56.566Z</types1:CurrentServerDateTime>
</aetgt:getResponse>
