<aetgt:getResponse xmlns:aetgt="http://schemas.active-endpoints.com/appmodules/repository/2010/10/avrepository.xsd"
                   xmlns:types1="http://schemas.active-endpoints.com/appmodules/repository/2010/10/avrepository.xsd">
   <types1:Item>
      <types1:EntryId>P4tciSrZMSPfXBi-gt-23000440-2022-02-17T14:57:20.662Z::tf.xml</types1:EntryId>
      <types1:Name>stf_Salesforce_DCX_Outbound_Policy</types1:Name>
      <types1:MimeType>application/xml+taskflow</types1:MimeType>
      <types1:Description/>
      <types1:AppliesTo/>
      <types1:Tags/>
      <types1:VersionLabel>1.0</types1:VersionLabel>
      <types1:State>CURRENT</types1:State>
      <types1:ProcessGroup/>
      <types1:CreatedBy>sreenivasa.rao@american-equity.com.SAML2</types1:CreatedBy>
      <types1:CreationDate>2022-02-17T14:57:21Z</types1:CreationDate>
      <types1:ModifiedBy/>
      <types1:PublicationStatus>published</types1:PublicationStatus>
      <types1:PublishedBy>sreenivasa.rao@american-equity.com.SAML2</types1:PublishedBy>
      <types1:PublicationDate>2022-05-17T14:33:20Z</types1:PublicationDate>
      <types1:PublishedContributionId>project:/tf.stf_Salesforce_DCX_Outbound_Policy/stf_Salesforce_DCX_Outbound_Policy.tf.xml</types1:PublishedContributionId>
      <types1:AutosaveExists>false</types1:AutosaveExists>
      <types1:Entry>
         <taskflow xmlns="http://schemas.active-endpoints.com/appmodules/screenflow/2010/10/avosScreenflow.xsd"
                   xmlns:tfm="http://schemas.active-endpoints.com/appmodules/screenflow/2021/04/taskflowModel.xsd"
                   xmlns:list="urn:activevos:spi:list:functions"
                   displayName="stf_Salesforce_DCX_Outbound_Policy"
                   name="stf_Salesforce_DCX_Outbound_Policy"
                   overrideAPIName="false">
            <parameterSet xmlns="http://schemas.active-endpoints.com/appmodules/screenflow/2021/04/taskflowModel.xsd"/>
            <appliesTo/>
            <description/>
            <tags/>
            <generator>Informatica Process Designer 11</generator>
            <tempFields>
               <field description="" name="Stage Policy" type="reference">
                  <options>
                     <option name="failOnNotRun">false</option>
                     <option name="failOnFault">false</option>
                     <option name="referenceTo">$po:mct-Salesforce-Policy</option>
                  </options>
               </field>
               <field description="" name="PolicyLKP" type="reference">
                  <options>
                     <option name="failOnNotRun">true</option>
                     <option name="failOnFault">true</option>
                     <option name="referenceTo">$po:mct-Salesforce-Reference-Inbound-InsurancePolicy</option>
                  </options>
               </field>
               <field description="" name="Policy" type="reference">
                  <options>
                     <option name="referenceTo">$po:mct-Salesforce-Outbound-To-Salesforce-Policy</option>
                     <option name="failOnNotRun">false</option>
                     <option name="failOnFault">false</option>
                  </options>
               </field>
               <field description="" name="Stage Policy Truncate" type="reference">
                  <options>
                     <option name="referenceTo">$po:mct-Salesforce-Policy-StageTruncate</option>
                     <option name="failOnNotRun">false</option>
                     <option name="failOnFault">false</option>
                  </options>
               </field>
            </tempFields>
            <notes/>
            <deployment suspendOnFault="false" tracingLevel="verbose">
               <rest/>
            </deployment>
            <flow id="a">
               <start id="b">
                  <link id="kqifr9vf" targetId="kqifr9vj"/>
               </start>
               <eventContainer id="kqifr9vj">
                  <service id="kqifr9ve">
                     <title>Stage Policy</title>
                     <serviceName>ICSExecuteDataTask</serviceName>
                     <serviceGUID/>
                     <serviceInput>
                        <parameter name="Wait for Task to Complete" source="constant" updatable="true">true</parameter>
                        <parameter name="Max Wait" source="constant" updatable="true">604800</parameter>
                        <parameter name="Task Name" source="constant" updatable="true">mct_Salesforce_Policy</parameter>
                        <parameter name="GUID" source="constant" updatable="true">7IhMhF44RrfhiniIXp80mT</parameter>
                        <parameter name="Task Type" source="constant" updatable="true">MCT</parameter>
                        <parameter name="Has Inout Parameters" source="constant" updatable="true">false</parameter>
                        <parameter name="taskField" source="nested">
                           <operation source="field" to="mct-Salesforce-Policy">temp.Stage Policy</operation>
                        </parameter>
                     </serviceInput>
                     <serviceOutput>
                        <operation source="field" to="temp.Stage Policy/output/Object_Name">Object Name</operation>
                        <operation source="field" to="temp.Stage Policy/output/Run_Id">Run Id</operation>
                        <operation source="field" to="temp.Stage Policy/output/Log_Id">Log Id</operation>
                        <operation source="field" to="temp.Stage Policy/output/Task_Id">Task Id</operation>
                        <operation source="field" to="temp.Stage Policy/output/Task_Status">Task Status</operation>
                        <operation source="field" to="temp.Stage Policy/output/Success_Source_Rows">Success Source Rows</operation>
                        <operation source="field" to="temp.Stage Policy/output/Failed_Source_Rows">Failed Source Rows</operation>
                        <operation source="field" to="temp.Stage Policy/output/Success_Target_Rows">Success Target Rows</operation>
                        <operation source="field" to="temp.Stage Policy/output/Failed_Target_Rows">Failed Target Rows</operation>
                        <operation source="field" to="temp.Stage Policy/output/Start_Time">Start Time</operation>
                        <operation source="field" to="temp.Stage Policy/output/End_Time">End Time</operation>
                        <operation source="field" to="temp.Stage Policy/output/Error_Message">Error Message</operation>
                        <operation source="field" to="temp.Stage Policy/output/TotalTransErrors">Total Transformation Errors</operation>
                        <operation source="field" to="temp.Stage Policy/output/FirstErrorCode">First Error Code</operation>
                     </serviceOutput>
                  </service>
                  <flow id="krffr1gg">
                     <container id="krffr1gq" type="exclusive">
                        <title>Decision 2</title>
                        <flow id="krffr1h6">
                           <eventContainer id="krffr1jf">
                              <service id="krffr1i6">
                                 <title>Policy</title>
                                 <serviceName>ICSExecuteDataTask</serviceName>
                                 <serviceGUID/>
                                 <serviceInput>
                                    <parameter name="Wait for Task to Complete" source="constant" updatable="true">true</parameter>
                                    <parameter name="Max Wait" source="constant" updatable="true">604800</parameter>
                                    <parameter name="Task Name" source="constant" updatable="true">mct_Salesforce_Outbound_To_Salesforce_Policy</parameter>
                                    <parameter name="GUID" source="constant" updatable="true">0bvGVXuYiugdnOmu28oCML</parameter>
                                    <parameter name="Task Type" source="constant" updatable="true">MCT</parameter>
                                    <parameter name="Has Inout Parameters" source="constant" updatable="true">false</parameter>
                                    <parameter name="taskField" source="nested">
                                       <operation source="field" to="mct-Salesforce-Outbound-To-Salesforce-Policy">temp.Policy</operation>
                                    </parameter>
                                 </serviceInput>
                                 <serviceOutput>
                                    <operation source="field" to="temp.Policy/output/Object_Name">Object Name</operation>
                                    <operation source="field" to="temp.Policy/output/Run_Id">Run Id</operation>
                                    <operation source="field" to="temp.Policy/output/Log_Id">Log Id</operation>
                                    <operation source="field" to="temp.Policy/output/Task_Id">Task Id</operation>
                                    <operation source="field" to="temp.Policy/output/Task_Status">Task Status</operation>
                                    <operation source="field" to="temp.Policy/output/Success_Source_Rows">Success Source Rows</operation>
                                    <operation source="field" to="temp.Policy/output/Failed_Source_Rows">Failed Source Rows</operation>
                                    <operation source="field" to="temp.Policy/output/Success_Target_Rows">Success Target Rows</operation>
                                    <operation source="field" to="temp.Policy/output/Failed_Target_Rows">Failed Target Rows</operation>
                                    <operation source="field" to="temp.Policy/output/Start_Time">Start Time</operation>
                                    <operation source="field" to="temp.Policy/output/End_Time">End Time</operation>
                                    <operation source="field" to="temp.Policy/output/Error_Message">Error Message</operation>
                                    <operation source="field" to="temp.Policy/output/TotalTransErrors">Total Transformation Errors</operation>
                                    <operation source="field" to="temp.Policy/output/FirstErrorCode">First Error Code</operation>
                                 </serviceOutput>
                              </service>
                              <link id="kxqbedjj" targetId="kxqbedj4"/>
                              <events>
                                 <catch faultField="temp.Policy/fault"
                                        id="kqifr9vp"
                                        interrupting="true"
                                        name="error">
                                    <suspend/>
                                 </catch>
                                 <catch faultField="temp.Policy/fault"
                                        id="kqifr9vq"
                                        interrupting="true"
                                        name="warning"/>
                              </events>
                           </eventContainer>
                           <container id="kxqbedj4" type="exclusive">
                              <title>Decision 1</title>
                              <flow id="kxqbedj5">
                                 <eventContainer id="kxqbedj6">
                                    <service id="kxqbedj9">
                                       <title>Stage Policy Truncate</title>
                                       <serviceName>ICSExecuteDataTask</serviceName>
                                       <serviceGUID/>
                                       <serviceInput>
                                          <parameter name="Wait for Task to Complete" source="constant" updatable="true">true</parameter>
                                          <parameter name="Max Wait" source="constant" updatable="true">604800</parameter>
                                          <parameter name="Task Name" source="constant" updatable="true">mct_Salesforce_Policy_StageTruncate</parameter>
                                          <parameter name="GUID" source="constant" updatable="true">fNH1kqMklkdftKWZYp4oY6</parameter>
                                          <parameter name="Task Type" source="constant" updatable="true">MCT</parameter>
                                          <parameter name="Has Inout Parameters" source="constant" updatable="true">false</parameter>
                                          <parameter name="taskField" source="nested">
                                             <operation source="field" to="mct-Salesforce-Policy-StageTruncate">temp.Stage Policy Truncate</operation>
                                          </parameter>
                                       </serviceInput>
                                       <serviceOutput>
                                          <operation source="field" to="temp.Stage Policy Truncate/output/Object_Name">Object Name</operation>
                                          <operation source="field" to="temp.Stage Policy Truncate/output/Run_Id">Run Id</operation>
                                          <operation source="field" to="temp.Stage Policy Truncate/output/Log_Id">Log Id</operation>
                                          <operation source="field" to="temp.Stage Policy Truncate/output/Task_Id">Task Id</operation>
                                          <operation source="field" to="temp.Stage Policy Truncate/output/Task_Status">Task Status</operation>
                                          <operation source="field"
                                                     to="temp.Stage Policy Truncate/output/Success_Source_Rows">Success Source Rows</operation>
                                          <operation source="field"
                                                     to="temp.Stage Policy Truncate/output/Failed_Source_Rows">Failed Source Rows</operation>
                                          <operation source="field"
                                                     to="temp.Stage Policy Truncate/output/Success_Target_Rows">Success Target Rows</operation>
                                          <operation source="field"
                                                     to="temp.Stage Policy Truncate/output/Failed_Target_Rows">Failed Target Rows</operation>
                                          <operation source="field" to="temp.Stage Policy Truncate/output/Start_Time">Start Time</operation>
                                          <operation source="field" to="temp.Stage Policy Truncate/output/End_Time">End Time</operation>
                                          <operation source="field" to="temp.Stage Policy Truncate/output/Error_Message">Error Message</operation>
                                          <operation source="field" to="temp.Stage Policy Truncate/output/TotalTransErrors">Total Transformation Errors</operation>
                                          <operation source="field" to="temp.Stage Policy Truncate/output/FirstErrorCode">First Error Code</operation>
                                       </serviceOutput>
                                    </service>
                                    <events>
                                       <catch faultField="temp.Stage Policy Truncate/fault"
                                              id="kqifr9wi"
                                              interrupting="true"
                                              name="error">
                                          <suspend/>
                                       </catch>
                                       <catch faultField="temp.Stage Policy Truncate/fault"
                                              id="kqifr9wj"
                                              interrupting="true"
                                              name="warning"/>
                                    </events>
                                 </eventContainer>
                                 <link id="kxqbedjd" targetId="kxqbedj4" type="containerLink"/>
                              </flow>
                              <flow id="kxqbedja">
                                 <link id="kxqbedji" targetId="kxqbedj4" type="containerLink"/>
                              </flow>
                              <link id="kxqbedjb" targetId="kxqbedj5" type="containerLink">
                                 <condition source="formula">
                                    <function name="contains">
                                       <arg name="left">{$temp.Policy[1]/output[1]/Task_Status}</arg>
                                       <arg name="right">1</arg>
                                    </function>
                                 </condition>
                              </link>
                              <link id="kxqbedjc" targetId="kxqbedja" type="containerLink"/>
                           </container>
                           <link id="krffr1h7" targetId="krffr1gq" type="containerLink"/>
                        </flow>
                        <flow id="krffr1h8">
                           <link id="krffr1h9" targetId="krffr1gq" type="containerLink"/>
                        </flow>
                        <link id="krffr1gz" targetId="krffr1h6" type="containerLink">
                           <condition source="formula">
                              <function name="contains">
                                 <arg name="left">{$temp.StagePolicy[1]/output[1]/Task_Status}</arg>
                                 <arg name="right">1</arg>
                              </function>
                           </condition>
                        </link>
                        <link id="krffr1h2" targetId="krffr1h8" type="containerLink"/>
                     </container>
                     <link id="krffr1gh" targetId="kqifr9vj" type="containerLink"/>
                  </flow>
                  <flow id="krffr1gj">
                     <link id="krffr1gk" targetId="kqifr9vj" type="containerLink"/>
                  </flow>
                  <link id="krffr1gf" targetId="krffr1gg" type="containerLink"/>
                  <link id="ku70gzer" targetId="ku70gzg8"/>
                  <events>
                     <catch faultField="temp.Stage Policy/fault"
                            id="kqifr9vh"
                            interrupting="true"
                            name="error">
                        <link id="krffr1gi" targetId="krffr1gj" type="containerLink"/>
                     </catch>
                     <catch faultField="temp.Stage Policy/fault"
                            id="kqifr9vi"
                            interrupting="true"
                            name="warning"/>
                  </events>
               </eventContainer>
               <eventContainer id="ku70gzg8">
                  <service id="ku70gzeq">
                     <title>PolicyLKP</title>
                     <serviceName>ICSExecuteDataTask</serviceName>
                     <serviceGUID/>
                     <serviceInput>
                        <parameter name="Wait for Task to Complete" source="constant" updatable="true">true</parameter>
                        <parameter name="Max Wait" source="constant" updatable="true">604800</parameter>
                        <parameter name="Task Name" source="constant" updatable="true">mct_Salesforce_Reference_Inbound_InsurancePolicy</parameter>
                        <parameter name="GUID" source="constant" updatable="true">4jJQ3BFxTmng6N59nPN0gw</parameter>
                        <parameter name="Task Type" source="constant" updatable="true">MCT</parameter>
                        <parameter name="Has Inout Parameters" source="constant" updatable="true">true</parameter>
                        <parameter name="taskField" source="nested">
                           <operation source="field" to="mct-Salesforce-Reference-Inbound-InsurancePolicy">temp.PolicyLKP</operation>
                        </parameter>
                     </serviceInput>
                     <serviceOutput>
                        <operation source="field" to="temp.PolicyLKP/output/Object_Name">Object Name</operation>
                        <operation source="field" to="temp.PolicyLKP/output/Run_Id">Run Id</operation>
                        <operation source="field" to="temp.PolicyLKP/output/Log_Id">Log Id</operation>
                        <operation source="field" to="temp.PolicyLKP/output/Task_Id">Task Id</operation>
                        <operation source="field" to="temp.PolicyLKP/output/Task_Status">Task Status</operation>
                        <operation source="field" to="temp.PolicyLKP/output/Success_Source_Rows">Success Source Rows</operation>
                        <operation source="field" to="temp.PolicyLKP/output/Failed_Source_Rows">Failed Source Rows</operation>
                        <operation source="field" to="temp.PolicyLKP/output/Success_Target_Rows">Success Target Rows</operation>
                        <operation source="field" to="temp.PolicyLKP/output/Failed_Target_Rows">Failed Target Rows</operation>
                        <operation source="field" to="temp.PolicyLKP/output/Start_Time">Start Time</operation>
                        <operation source="field" to="temp.PolicyLKP/output/End_Time">End Time</operation>
                        <operation source="field" to="temp.PolicyLKP/output/Error_Message">Error Message</operation>
                        <operation source="field" to="temp.PolicyLKP/output/TotalTransErrors">Total Transformation Errors</operation>
                        <operation source="field" to="temp.PolicyLKP/output/FirstErrorCode">First Error Code</operation>
                        <operation source="field" to="temp.PolicyLKP/inout/p_LastRun">p_LastRun</operation>
                     </serviceOutput>
                  </service>
                  <flow id="ku70gzhu">
                     <link id="ku70gzhv" targetId="ku70gzg8" type="containerLink"/>
                  </flow>
                  <flow id="ku70gzhx">
                     <link id="ku70gzhy" targetId="ku70gzg8" type="containerLink"/>
                  </flow>
                  <link id="ku70gzht" targetId="ku70gzhu" type="containerLink"/>
                  <link id="kxqbedj3" targetId="c"/>
                  <events>
                     <catch faultField="temp.PolicyLKP/fault"
                            id="ku70gzg6"
                            interrupting="true"
                            name="error">
                        <link id="ku70gzhw" targetId="ku70gzhx" type="containerLink"/>
                     </catch>
                     <catch faultField="temp.PolicyLKP/fault"
                            id="ku70gzg7"
                            interrupting="true"
                            name="warning"/>
                  </events>
               </eventContainer>
               <end id="c"/>
            </flow>
            <dependencies>
               <processObject xmlns="http://schemas.active-endpoints.com/appmodules/screenflow/2011/06/avosHostEnvironment.xsd"
                              displayName="mct-Salesforce-Policy"
                              isByCopy="true"
                              name="mct-Salesforce-Policy">
                  <description/>
                  <tags/>
                  <detail>
                     <field label="TaskProperties Parameters"
                            name="taskProperties"
                            nullable="true"
                            required="false"
                            type="reference"/>
                     <field label="Output Parameters"
                            name="output"
                            nullable="true"
                            required="false"
                            type="reference"/>
                     <field label="Fault"
                            name="fault"
                            nullable="true"
                            required="false"
                            type="reference"/>
                  </detail>
               </processObject>
               <processObject xmlns="http://schemas.active-endpoints.com/appmodules/screenflow/2011/06/avosHostEnvironment.xsd"
                              displayName="mct-Salesforce-Reference-Inbound-InsurancePolicy"
                              isByCopy="true"
                              name="mct-Salesforce-Reference-Inbound-InsurancePolicy">
                  <description/>
                  <tags/>
                  <detail>
                     <field label="InOut Parameters"
                            name="inout"
                            nullable="true"
                            required="false"
                            type="reference"/>
                     <field label="TaskProperties Parameters"
                            name="taskProperties"
                            nullable="true"
                            required="false"
                            type="reference"/>
                     <field label="Output Parameters"
                            name="output"
                            nullable="true"
                            required="false"
                            type="reference"/>
                     <field label="Fault"
                            name="fault"
                            nullable="true"
                            required="false"
                            type="reference"/>
                  </detail>
               </processObject>
               <processObject xmlns="http://schemas.active-endpoints.com/appmodules/screenflow/2011/06/avosHostEnvironment.xsd"
                              displayName="mct-Salesforce-Outbound-To-Salesforce-Policy"
                              isByCopy="true"
                              name="mct-Salesforce-Outbound-To-Salesforce-Policy">
                  <description/>
                  <tags/>
                  <detail>
                     <field label="TaskProperties Parameters"
                            name="taskProperties"
                            nullable="true"
                            required="false"
                            type="reference"/>
                     <field label="Output Parameters"
                            name="output"
                            nullable="true"
                            required="false"
                            type="reference"/>
                     <field label="Fault"
                            name="fault"
                            nullable="true"
                            required="false"
                            type="reference"/>
                  </detail>
               </processObject>
               <processObject xmlns="http://schemas.active-endpoints.com/appmodules/screenflow/2011/06/avosHostEnvironment.xsd"
                              displayName="mct-Salesforce-Policy-StageTruncate"
                              isByCopy="true"
                              name="mct-Salesforce-Policy-StageTruncate">
                  <description/>
                  <tags/>
                  <detail>
                     <field label="TaskProperties Parameters"
                            name="taskProperties"
                            nullable="true"
                            required="false"
                            type="reference"/>
                     <field label="Output Parameters"
                            name="output"
                            nullable="true"
                            required="false"
                            type="reference"/>
                     <field label="Fault"
                            name="fault"
                            nullable="true"
                            required="false"
                            type="reference"/>
                  </detail>
               </processObject>
            </dependencies>
         </taskflow>
      </types1:Entry>
      <types1:GUID>0dQ1m0pJSzYcQjJc0mI1Co</types1:GUID>
      <types1:DisplayName>stf_Salesforce_DCX_Outbound_Policy</types1:DisplayName>
   </types1:Item>
   <types1:CurrentServerDateTime>2022-05-17T19:43:56.116Z</types1:CurrentServerDateTime>
</aetgt:getResponse>
