<aetgt:getResponse xmlns:aetgt="http://schemas.active-endpoints.com/appmodules/repository/2010/10/avrepository.xsd"
                   xmlns:types1="http://schemas.active-endpoints.com/appmodules/repository/2010/10/avrepository.xsd">
   <types1:Item>
      <types1:EntryId>50BAWa-gt-23012474-2022-02-17T14:56:54.916Z::tf.xml</types1:EntryId>
      <types1:Name>stf_Salesforce_DCX_Outbound_SubAccount</types1:Name>
      <types1:MimeType>application/xml+taskflow</types1:MimeType>
      <types1:Description/>
      <types1:AppliesTo/>
      <types1:Tags/>
      <types1:VersionLabel>1.0</types1:VersionLabel>
      <types1:State>CURRENT</types1:State>
      <types1:ProcessGroup/>
      <types1:CreatedBy>sreenivasa.rao@american-equity.com.SAML2</types1:CreatedBy>
      <types1:CreationDate>2022-02-17T14:56:55Z</types1:CreationDate>
      <types1:ModifiedBy/>
      <types1:PublicationStatus>published</types1:PublicationStatus>
      <types1:PublishedBy>sreenivasa.rao@american-equity.com.SAML2</types1:PublishedBy>
      <types1:PublicationDate>2022-05-17T14:33:20Z</types1:PublicationDate>
      <types1:PublishedContributionId>project:/tf.stf_Salesforce_DCX_Outbound_SubAccount/stf_Salesforce_DCX_Outbound_SubAccount.tf.xml</types1:PublishedContributionId>
      <types1:AutosaveExists>false</types1:AutosaveExists>
      <types1:Entry>
         <taskflow xmlns="http://schemas.active-endpoints.com/appmodules/screenflow/2010/10/avosScreenflow.xsd"
                   xmlns:tfm="http://schemas.active-endpoints.com/appmodules/screenflow/2021/04/taskflowModel.xsd"
                   xmlns:list="urn:activevos:spi:list:functions"
                   displayName="stf_Salesforce_DCX_Outbound_SubAccount"
                   name="stf_Salesforce_DCX_Outbound_SubAccount"
                   overrideAPIName="false">
            <parameterSet xmlns="http://schemas.active-endpoints.com/appmodules/screenflow/2021/04/taskflowModel.xsd"/>
            <appliesTo/>
            <description/>
            <tags/>
            <generator>Informatica Process Designer 11</generator>
            <tempFields>
               <field description="" name="Stage SubAccount" type="reference">
                  <options>
                     <option name="failOnNotRun">true</option>
                     <option name="failOnFault">true</option>
                     <option name="referenceTo">$po:mct-Salesforce-Sub-Account</option>
                  </options>
               </field>
               <field description="" name="SubAccount" type="reference">
                  <options>
                     <option name="referenceTo">$po:mct-Salesforce-Outbound-To-Salesforce-SubAccount</option>
                     <option name="failOnNotRun">false</option>
                     <option name="failOnFault">false</option>
                  </options>
               </field>
               <field description="" name="Stage Truncate" type="reference">
                  <options>
                     <option name="referenceTo">$po:mct-Salesforce-Outbound-Sub-Account-StageTruncate</option>
                     <option name="failOnNotRun">false</option>
                     <option name="failOnFault">false</option>
                  </options>
               </field>
            </tempFields>
            <notes/>
            <deployment suspendOnFault="false" tracingLevel="verbose">
               <rest/>
            </deployment>
            <flow id="a">
               <start id="b">
                  <link id="kqifl6bd" targetId="kqifl6bh"/>
               </start>
               <eventContainer id="kqifl6bh">
                  <service id="kqifl6bc">
                     <title>Stage SubAccount</title>
                     <serviceName>ICSExecuteDataTask</serviceName>
                     <serviceGUID/>
                     <serviceInput>
                        <parameter name="Wait for Task to Complete" source="constant" updatable="true">true</parameter>
                        <parameter name="Max Wait" source="constant" updatable="true">604800</parameter>
                        <parameter name="Task Name" source="constant" updatable="true">mct_Salesforce_Sub_Account</parameter>
                        <parameter name="GUID" source="constant" updatable="true">601kKtiC5mIlNPJYG25VGt</parameter>
                        <parameter name="Task Type" source="constant" updatable="true">MCT</parameter>
                        <parameter name="Has Inout Parameters" source="constant" updatable="true">false</parameter>
                        <parameter name="taskField" source="nested">
                           <operation source="field" to="mct-Salesforce-Sub-Account">temp.Stage SubAccount</operation>
                        </parameter>
                     </serviceInput>
                     <serviceOutput>
                        <operation source="field" to="temp.Stage SubAccount/output/Object_Name">Object Name</operation>
                        <operation source="field" to="temp.Stage SubAccount/output/Run_Id">Run Id</operation>
                        <operation source="field" to="temp.Stage SubAccount/output/Log_Id">Log Id</operation>
                        <operation source="field" to="temp.Stage SubAccount/output/Task_Id">Task Id</operation>
                        <operation source="field" to="temp.Stage SubAccount/output/Task_Status">Task Status</operation>
                        <operation source="field" to="temp.Stage SubAccount/output/Success_Source_Rows">Success Source Rows</operation>
                        <operation source="field" to="temp.Stage SubAccount/output/Failed_Source_Rows">Failed Source Rows</operation>
                        <operation source="field" to="temp.Stage SubAccount/output/Success_Target_Rows">Success Target Rows</operation>
                        <operation source="field" to="temp.Stage SubAccount/output/Failed_Target_Rows">Failed Target Rows</operation>
                        <operation source="field" to="temp.Stage SubAccount/output/Start_Time">Start Time</operation>
                        <operation source="field" to="temp.Stage SubAccount/output/End_Time">End Time</operation>
                        <operation source="field" to="temp.Stage SubAccount/output/Error_Message">Error Message</operation>
                        <operation source="field" to="temp.Stage SubAccount/output/TotalTransErrors">Total Transformation Errors</operation>
                        <operation source="field" to="temp.Stage SubAccount/output/FirstErrorCode">First Error Code</operation>
                     </serviceOutput>
                  </service>
                  <flow id="krffpy0g">
                     <container id="krffpy0q" type="exclusive">
                        <title>Decision 2</title>
                        <flow id="krffpy16">
                           <eventContainer id="krffttrr">
                              <service id="krffpy26">
                                 <title>SubAccount</title>
                                 <serviceName>ICSExecuteDataTask</serviceName>
                                 <serviceGUID/>
                                 <serviceInput>
                                    <parameter name="Wait for Task to Complete" source="constant" updatable="true">true</parameter>
                                    <parameter name="Max Wait" source="constant" updatable="true">604800</parameter>
                                    <parameter name="Task Name" source="constant" updatable="true">mct_Salesforce_Outbound_To_Salesforce_SubAccount</parameter>
                                    <parameter name="GUID" source="constant" updatable="true">8JiBquxxQwWb6QsJsCKugW</parameter>
                                    <parameter name="Task Type" source="constant" updatable="true">MCT</parameter>
                                    <parameter name="Has Inout Parameters" source="constant" updatable="true">false</parameter>
                                    <parameter name="taskField" source="nested">
                                       <operation source="field" to="mct-Salesforce-Outbound-To-Salesforce-SubAccount">temp.SubAccount</operation>
                                    </parameter>
                                 </serviceInput>
                                 <serviceOutput>
                                    <operation source="field" to="temp.SubAccount/output/Object_Name">Object Name</operation>
                                    <operation source="field" to="temp.SubAccount/output/Run_Id">Run Id</operation>
                                    <operation source="field" to="temp.SubAccount/output/Log_Id">Log Id</operation>
                                    <operation source="field" to="temp.SubAccount/output/Task_Id">Task Id</operation>
                                    <operation source="field" to="temp.SubAccount/output/Task_Status">Task Status</operation>
                                    <operation source="field" to="temp.SubAccount/output/Success_Source_Rows">Success Source Rows</operation>
                                    <operation source="field" to="temp.SubAccount/output/Failed_Source_Rows">Failed Source Rows</operation>
                                    <operation source="field" to="temp.SubAccount/output/Success_Target_Rows">Success Target Rows</operation>
                                    <operation source="field" to="temp.SubAccount/output/Failed_Target_Rows">Failed Target Rows</operation>
                                    <operation source="field" to="temp.SubAccount/output/Start_Time">Start Time</operation>
                                    <operation source="field" to="temp.SubAccount/output/End_Time">End Time</operation>
                                    <operation source="field" to="temp.SubAccount/output/Error_Message">Error Message</operation>
                                    <operation source="field" to="temp.SubAccount/output/TotalTransErrors">Total Transformation Errors</operation>
                                    <operation source="field" to="temp.SubAccount/output/FirstErrorCode">First Error Code</operation>
                                 </serviceOutput>
                              </service>
                              <link id="kxq8xlue" targetId="kxq8xltz"/>
                              <events>
                                 <catch faultField="temp.SubAccount/fault"
                                        id="krffttrp"
                                        interrupting="true"
                                        name="error">
                                    <suspend/>
                                 </catch>
                                 <catch faultField="temp.SubAccount/fault"
                                        id="krffttrq"
                                        interrupting="true"
                                        name="warning"/>
                              </events>
                           </eventContainer>
                           <container id="kxq8xltz" type="exclusive">
                              <title>Decision 1</title>
                              <flow id="kxq8xlu0">
                                 <eventContainer id="kxq8xlu1">
                                    <service id="kxq8xlu4">
                                       <title>Stage Truncate</title>
                                       <serviceName>ICSExecuteDataTask</serviceName>
                                       <serviceGUID/>
                                       <serviceInput>
                                          <parameter name="Wait for Task to Complete" source="constant" updatable="true">true</parameter>
                                          <parameter name="Max Wait" source="constant" updatable="true">604800</parameter>
                                          <parameter name="Task Name" source="constant" updatable="true">mct_Salesforce_Outbound_Sub_Account_StageTruncate</parameter>
                                          <parameter name="GUID" source="constant" updatable="true">13I2fF7JSv3esuOjXWBCIj</parameter>
                                          <parameter name="Task Type" source="constant" updatable="true">MCT</parameter>
                                          <parameter name="Has Inout Parameters" source="constant" updatable="true">false</parameter>
                                          <parameter name="taskField" source="nested">
                                             <operation source="field" to="mct-Salesforce-Outbound-Sub-Account-StageTruncate">temp.Stage Truncate</operation>
                                          </parameter>
                                       </serviceInput>
                                       <serviceOutput>
                                          <operation source="field" to="temp.Stage Truncate/output/Object_Name">Object Name</operation>
                                          <operation source="field" to="temp.Stage Truncate/output/Run_Id">Run Id</operation>
                                          <operation source="field" to="temp.Stage Truncate/output/Log_Id">Log Id</operation>
                                          <operation source="field" to="temp.Stage Truncate/output/Task_Id">Task Id</operation>
                                          <operation source="field" to="temp.Stage Truncate/output/Task_Status">Task Status</operation>
                                          <operation source="field" to="temp.Stage Truncate/output/Success_Source_Rows">Success Source Rows</operation>
                                          <operation source="field" to="temp.Stage Truncate/output/Failed_Source_Rows">Failed Source Rows</operation>
                                          <operation source="field" to="temp.Stage Truncate/output/Success_Target_Rows">Success Target Rows</operation>
                                          <operation source="field" to="temp.Stage Truncate/output/Failed_Target_Rows">Failed Target Rows</operation>
                                          <operation source="field" to="temp.Stage Truncate/output/Start_Time">Start Time</operation>
                                          <operation source="field" to="temp.Stage Truncate/output/End_Time">End Time</operation>
                                          <operation source="field" to="temp.Stage Truncate/output/Error_Message">Error Message</operation>
                                          <operation source="field" to="temp.Stage Truncate/output/TotalTransErrors">Total Transformation Errors</operation>
                                          <operation source="field" to="temp.Stage Truncate/output/FirstErrorCode">First Error Code</operation>
                                       </serviceOutput>
                                    </service>
                                    <events>
                                       <catch faultField="temp.Stage Truncate/fault"
                                              id="kqifl6cg"
                                              interrupting="true"
                                              name="error">
                                          <suspend/>
                                       </catch>
                                       <catch faultField="temp.Stage Truncate/fault"
                                              id="kqifl6ch"
                                              interrupting="true"
                                              name="warning"/>
                                    </events>
                                 </eventContainer>
                                 <link id="kxq8xlu8" targetId="kxq8xltz" type="containerLink"/>
                              </flow>
                              <flow id="kxq8xlu5">
                                 <link id="kxq8xlud" targetId="kxq8xltz" type="containerLink"/>
                              </flow>
                              <link id="kxq8xlu6" targetId="kxq8xlu0" type="containerLink">
                                 <condition source="formula">
                                    <function name="contains">
                                       <arg name="left">{$temp.SubAccount[1]/output[1]/Task_Status}</arg>
                                       <arg name="right">1</arg>
                                    </function>
                                 </condition>
                              </link>
                              <link id="kxq8xlu7" targetId="kxq8xlu5" type="containerLink"/>
                           </container>
                           <link id="krffpy17" targetId="krffpy0q" type="containerLink"/>
                        </flow>
                        <flow id="krffpy18">
                           <link id="krffpy19" targetId="krffpy0q" type="containerLink"/>
                        </flow>
                        <link id="krffpy0z" targetId="krffpy16" type="containerLink">
                           <condition source="formula">
                              <function name="contains">
                                 <arg name="left">{$temp.StageSubAccount[1]/output[1]/Task_Status}</arg>
                                 <arg name="right">1</arg>
                              </function>
                           </condition>
                        </link>
                        <link id="krffpy12" targetId="krffpy18" type="containerLink"/>
                     </container>
                     <link id="krffpy0h" targetId="kqifl6bh" type="containerLink"/>
                  </flow>
                  <flow id="krffpy0j">
                     <link id="krffpy0k" targetId="kqifl6bh" type="containerLink"/>
                  </flow>
                  <link id="krffpy0f" targetId="krffpy0g" type="containerLink"/>
                  <link id="kxq8xlty" targetId="c"/>
                  <events>
                     <catch faultField="temp.Stage SubAccount/fault"
                            id="kqifl6bf"
                            interrupting="true"
                            name="error">
                        <link id="krffpy0i" targetId="krffpy0j" type="containerLink"/>
                     </catch>
                     <catch faultField="temp.Stage SubAccount/fault"
                            id="kqifl6bg"
                            interrupting="true"
                            name="warning">
                        <suspend/>
                     </catch>
                  </events>
               </eventContainer>
               <end id="c"/>
            </flow>
            <dependencies>
               <processObject xmlns="http://schemas.active-endpoints.com/appmodules/screenflow/2011/06/avosHostEnvironment.xsd"
                              displayName="mct-Salesforce-Sub-Account"
                              isByCopy="true"
                              name="mct-Salesforce-Sub-Account">
                  <description/>
                  <tags/>
                  <detail>
                     <field label="TaskProperties Parameters"
                            name="taskProperties"
                            nullable="true"
                            required="false"
                            type="reference"/>
                     <field label="Output Parameters"
                            name="output"
                            nullable="true"
                            required="false"
                            type="reference"/>
                     <field label="Fault"
                            name="fault"
                            nullable="true"
                            required="false"
                            type="reference"/>
                  </detail>
               </processObject>
               <processObject xmlns="http://schemas.active-endpoints.com/appmodules/screenflow/2011/06/avosHostEnvironment.xsd"
                              displayName="mct-Salesforce-Outbound-To-Salesforce-SubAccount"
                              isByCopy="true"
                              name="mct-Salesforce-Outbound-To-Salesforce-SubAccount">
                  <description/>
                  <tags/>
                  <detail>
                     <field label="TaskProperties Parameters"
                            name="taskProperties"
                            nullable="true"
                            required="false"
                            type="reference"/>
                     <field label="Output Parameters"
                            name="output"
                            nullable="true"
                            required="false"
                            type="reference"/>
                     <field label="Fault"
                            name="fault"
                            nullable="true"
                            required="false"
                            type="reference"/>
                  </detail>
               </processObject>
               <processObject xmlns="http://schemas.active-endpoints.com/appmodules/screenflow/2011/06/avosHostEnvironment.xsd"
                              displayName="mct-Salesforce-Outbound-Sub-Account-StageTruncate"
                              isByCopy="true"
                              name="mct-Salesforce-Outbound-Sub-Account-StageTruncate">
                  <description/>
                  <tags/>
                  <detail>
                     <field label="TaskProperties Parameters"
                            name="taskProperties"
                            nullable="true"
                            required="false"
                            type="reference"/>
                     <field label="Output Parameters"
                            name="output"
                            nullable="true"
                            required="false"
                            type="reference"/>
                     <field label="Fault"
                            name="fault"
                            nullable="true"
                            required="false"
                            type="reference"/>
                  </detail>
               </processObject>
            </dependencies>
         </taskflow>
      </types1:Entry>
      <types1:GUID>6WSDnwPUBBlhJQTGgceQGV</types1:GUID>
      <types1:DisplayName>stf_Salesforce_DCX_Outbound_SubAccount</types1:DisplayName>
   </types1:Item>
   <types1:CurrentServerDateTime>2022-05-17T19:43:56.102Z</types1:CurrentServerDateTime>
</aetgt:getResponse>
