<aetgt:getResponse xmlns:aetgt="http://schemas.active-endpoints.com/appmodules/repository/2010/10/avrepository.xsd"
                   xmlns:types1="http://schemas.active-endpoints.com/appmodules/repository/2010/10/avrepository.xsd">
   <types1:Item>
      <types1:EntryId>jrabcmWR7hsAVR3-gt-23024430-2022-02-17T15:01:51.51Z::tf.xml</types1:EntryId>
      <types1:Name>stf_Salesforce_DCX_Outbound_Prerequisites</types1:Name>
      <types1:MimeType>application/xml+taskflow</types1:MimeType>
      <types1:Description/>
      <types1:AppliesTo/>
      <types1:Tags/>
      <types1:VersionLabel>1.0</types1:VersionLabel>
      <types1:State>CURRENT</types1:State>
      <types1:ProcessGroup/>
      <types1:CreatedBy>sreenivasa.rao@american-equity.com.SAML2</types1:CreatedBy>
      <types1:CreationDate>2022-02-17T15:01:52Z</types1:CreationDate>
      <types1:ModifiedBy/>
      <types1:PublicationStatus>published</types1:PublicationStatus>
      <types1:PublishedBy>sreenivasa.rao@american-equity.com.SAML2</types1:PublishedBy>
      <types1:PublicationDate>2022-05-17T14:33:20Z</types1:PublicationDate>
      <types1:PublishedContributionId>project:/tf.stf_Salesforce_DCX_Outbound_Prerequisites/stf_Salesforce_DCX_Outbound_Prerequisites.tf.xml</types1:PublishedContributionId>
      <types1:AutosaveExists>false</types1:AutosaveExists>
      <types1:Entry>
         <taskflow xmlns="http://schemas.active-endpoints.com/appmodules/screenflow/2010/10/avosScreenflow.xsd"
                   xmlns:tfm="http://schemas.active-endpoints.com/appmodules/screenflow/2021/04/taskflowModel.xsd"
                   xmlns:list="urn:activevos:spi:list:functions"
                   displayName="stf_Salesforce_DCX_Outbound_Prerequisites"
                   name="stf_Salesforce_DCX_Outbound_Prerequisites"
                   overrideAPIName="false">
            <parameterSet xmlns="http://schemas.active-endpoints.com/appmodules/screenflow/2021/04/taskflowModel.xsd"/>
            <appliesTo/>
            <description/>
            <tags/>
            <generator>Informatica Process Designer 11</generator>
            <tempFields>
               <field description="" name="AccStatus" type="string">
                  <options>
                     <option name="required">false</option>
                  </options>
               </field>
               <field description="" name="SubAccStatus" type="string">
                  <options>
                     <option name="required">false</option>
                  </options>
               </field>
               <field description="" name="ConStatus" type="string">
                  <options>
                     <option name="required">false</option>
                  </options>
               </field>
               <field description="" name="Phone Number" type="reference">
                  <options>
                     <option name="failOnNotRun">true</option>
                     <option name="failOnFault">true</option>
                     <option name="referenceTo">$po:mct-Salesforce-PhoneNumber</option>
                  </options>
               </field>
               <field description="" name="Prod Lookup" type="reference">
                  <options>
                     <option name="failOnNotRun">true</option>
                     <option name="failOnFault">true</option>
                     <option name="referenceTo">$po:mct-Salesforce-Reference-Inbound-Product2</option>
                  </options>
               </field>
               <field description="" name="Flag" type="int">
                  <options>
                     <option name="required">false</option>
                  </options>
               </field>
               <field description="" name="ProductStage" type="reference">
                  <options>
                     <option name="failOnNotRun">false</option>
                     <option name="failOnFault">false</option>
                     <option name="referenceTo">$po:mct-Salesforce-Product</option>
                  </options>
               </field>
               <field description="" name="SF Product" type="reference">
                  <options>
                     <option name="failOnNotRun">false</option>
                     <option name="failOnFault">false</option>
                     <option name="referenceTo">$po:mct-Salesforce-Outbound-To-Salesforce-Product</option>
                  </options>
               </field>
               <field description="" name="StageProdTruncate" type="reference">
                  <options>
                     <option name="failOnNotRun">false</option>
                     <option name="failOnFault">false</option>
                     <option name="referenceTo">$po:mct-Salesforce-Outbound-Product-StageTruncate</option>
                  </options>
               </field>
               <field description="" name="Address Stage" type="reference">
                  <options>
                     <option name="failOnNotRun">false</option>
                     <option name="failOnFault">false</option>
                     <option name="referenceTo">$po:mct-Salesforce-Address</option>
                  </options>
               </field>
               <field description="" name="Load Address__c" type="reference">
                  <options>
                     <option name="failOnNotRun">false</option>
                     <option name="failOnFault">false</option>
                     <option name="referenceTo">$po:mct-Salesforce-Outbound-To-Salesforce-Address--c</option>
                  </options>
               </field>
               <field description="" name="TruncateStage" type="reference">
                  <options>
                     <option name="failOnNotRun">false</option>
                     <option name="failOnFault">false</option>
                     <option name="referenceTo">$po:mct-Salesforce-Address-StageTruncate</option>
                  </options>
               </field>
               <field description="" name="AddressLookup" type="reference">
                  <options>
                     <option name="failOnNotRun">true</option>
                     <option name="failOnFault">true</option>
                     <option name="referenceTo">$po:mct-Salesforce-Reference-Inbound-Address</option>
                  </options>
               </field>
               <field description="" name="Allocation_Rates" type="reference">
                  <options>
                     <option name="failOnNotRun">false</option>
                     <option name="failOnFault">false</option>
                     <option name="referenceTo">$po:mct-Salesforce-Allocation-Rates</option>
                  </options>
               </field>
               <field description="" name="User Lookup" type="reference">
                  <options>
                     <option name="failOnNotRun">false</option>
                     <option name="failOnFault">false</option>
                     <option name="referenceTo">$po:mct-Salesforce-Reference-Inbound-User</option>
                  </options>
               </field>
               <field description="" name="RecordType Lookup" type="reference">
                  <options>
                     <option name="failOnNotRun">false</option>
                     <option name="failOnFault">false</option>
                     <option name="referenceTo">$po:mct-Salesforce-Reference-Inbound-RecordType</option>
                  </options>
               </field>
               <field description="" name="Upsert_Contact_NameId" type="reference">
                  <options>
                     <option name="failOnNotRun">false</option>
                     <option name="failOnFault">false</option>
                     <option name="referenceTo">$po:mct-Salesforce-Upsert-Contact-NameId</option>
                  </options>
               </field>
               <field description="" name="usp_Insert_Hierarchy" type="reference">
                  <options>
                     <option name="failOnNotRun">false</option>
                     <option name="failOnFault">false</option>
                     <option name="referenceTo">$po:mct-Salesforce-usp-Insert-Hierarchy</option>
                  </options>
               </field>
            </tempFields>
            <notes/>
            <deployment suspendOnFault="false" tracingLevel="verbose">
               <rest/>
            </deployment>
            <flow id="a">
               <start id="b">
                  <link id="kqs72vx6" targetId="kqs72vx5"/>
               </start>
               <container id="kqs72vx5" type="parallel">
                  <title>Parallel Paths 1</title>
                  <flow id="kqs72vxy">
                     <eventContainer id="ksrhprh7">
                        <service id="ksrhprgj">
                           <title>ProductStage</title>
                           <serviceName>ICSExecuteDataTask</serviceName>
                           <serviceGUID/>
                           <serviceInput>
                              <parameter name="Wait for Task to Complete" source="constant" updatable="true">true</parameter>
                              <parameter name="Max Wait" source="constant" updatable="true">604800</parameter>
                              <parameter name="Task Name" source="constant" updatable="true">mct_Salesforce_Product</parameter>
                              <parameter name="GUID" source="constant" updatable="true">fFvQweH19efhQbhSyLcfKF</parameter>
                              <parameter name="Task Type" source="constant" updatable="true">MCT</parameter>
                              <parameter name="Has Inout Parameters" source="constant" updatable="true">false</parameter>
                              <parameter name="taskField" source="nested">
                                 <operation source="field" to="mct-Salesforce-Product">temp.ProductStage</operation>
                              </parameter>
                           </serviceInput>
                           <serviceOutput>
                              <operation source="field" to="temp.ProductStage/output/Object_Name">Object Name</operation>
                              <operation source="field" to="temp.ProductStage/output/Run_Id">Run Id</operation>
                              <operation source="field" to="temp.ProductStage/output/Log_Id">Log Id</operation>
                              <operation source="field" to="temp.ProductStage/output/Task_Id">Task Id</operation>
                              <operation source="field" to="temp.ProductStage/output/Task_Status">Task Status</operation>
                              <operation source="field" to="temp.ProductStage/output/Success_Source_Rows">Success Source Rows</operation>
                              <operation source="field" to="temp.ProductStage/output/Failed_Source_Rows">Failed Source Rows</operation>
                              <operation source="field" to="temp.ProductStage/output/Success_Target_Rows">Success Target Rows</operation>
                              <operation source="field" to="temp.ProductStage/output/Failed_Target_Rows">Failed Target Rows</operation>
                              <operation source="field" to="temp.ProductStage/output/Start_Time">Start Time</operation>
                              <operation source="field" to="temp.ProductStage/output/End_Time">End Time</operation>
                              <operation source="field" to="temp.ProductStage/output/Error_Message">Error Message</operation>
                              <operation source="field" to="temp.ProductStage/output/TotalTransErrors">Total Transformation Errors</operation>
                              <operation source="field" to="temp.ProductStage/output/FirstErrorCode">First Error Code</operation>
                           </serviceOutput>
                        </service>
                        <flow id="ksrhprjh">
                           <link id="ksrhprji" targetId="ksrhprh7" type="containerLink"/>
                        </flow>
                        <flow id="ksrhprjk">
                           <link id="ksrhprjl" targetId="ksrhprh7" type="containerLink"/>
                        </flow>
                        <link id="ksrhprjg" targetId="ksrhprjh" type="containerLink"/>
                        <link id="ksrhpriu" targetId="ksrhprit"/>
                        <events>
                           <catch faultField="temp.ProductStage/fault"
                                  id="ksrhprh5"
                                  interrupting="true"
                                  name="error">
                              <link id="ksrhprjj" targetId="ksrhprjk" type="containerLink"/>
                           </catch>
                           <catch faultField="temp.ProductStage/fault"
                                  id="ksrhprh6"
                                  interrupting="true"
                                  name="warning">
                              <suspend/>
                           </catch>
                        </events>
                     </eventContainer>
                     <eventContainer id="krb2wb9t">
                        <service id="krb2wb9h">
                           <title>Prod Lookup</title>
                           <serviceName>ICSExecuteDataTask</serviceName>
                           <serviceGUID/>
                           <serviceInput>
                              <parameter name="Wait for Task to Complete" source="constant" updatable="true">true</parameter>
                              <parameter name="Max Wait" source="constant" updatable="true">604800</parameter>
                              <parameter name="Task Name" source="constant" updatable="true">mct_Salesforce_Reference_Inbound_Product2</parameter>
                              <parameter name="GUID" source="constant" updatable="true">6mLM7QwOkymlvGaGDMt4Am</parameter>
                              <parameter name="Task Type" source="constant" updatable="true">MCT</parameter>
                              <parameter name="Has Inout Parameters" source="constant" updatable="true">true</parameter>
                              <parameter name="taskField" source="nested">
                                 <operation source="field" to="mct-Salesforce-Reference-Inbound-Product2">temp.Prod Lookup</operation>
                              </parameter>
                           </serviceInput>
                           <serviceOutput>
                              <operation source="field" to="temp.Prod Lookup/output/Object_Name">Object Name</operation>
                              <operation source="field" to="temp.Prod Lookup/output/Run_Id">Run Id</operation>
                              <operation source="field" to="temp.Prod Lookup/output/Log_Id">Log Id</operation>
                              <operation source="field" to="temp.Prod Lookup/output/Task_Id">Task Id</operation>
                              <operation source="field" to="temp.Prod Lookup/output/Task_Status">Task Status</operation>
                              <operation source="field" to="temp.Prod Lookup/output/Success_Source_Rows">Success Source Rows</operation>
                              <operation source="field" to="temp.Prod Lookup/output/Failed_Source_Rows">Failed Source Rows</operation>
                              <operation source="field" to="temp.Prod Lookup/output/Success_Target_Rows">Success Target Rows</operation>
                              <operation source="field" to="temp.Prod Lookup/output/Failed_Target_Rows">Failed Target Rows</operation>
                              <operation source="field" to="temp.Prod Lookup/output/Start_Time">Start Time</operation>
                              <operation source="field" to="temp.Prod Lookup/output/End_Time">End Time</operation>
                              <operation source="field" to="temp.Prod Lookup/output/Error_Message">Error Message</operation>
                              <operation source="field" to="temp.Prod Lookup/output/TotalTransErrors">Total Transformation Errors</operation>
                              <operation source="field" to="temp.Prod Lookup/output/FirstErrorCode">First Error Code</operation>
                              <operation source="field" to="temp.Prod Lookup/inout/p_LastRun">p_LastRun</operation>
                           </serviceOutput>
                        </service>
                        <flow id="kseoxur4">
                           <link id="kseoxur5" targetId="krb2wb9t" type="containerLink"/>
                        </flow>
                        <flow id="kseoxur7">
                           <link id="kseoxur8" targetId="krb2wb9t" type="containerLink"/>
                        </flow>
                        <link id="kseoxur3" targetId="kseoxur4" type="containerLink"/>
                        <events>
                           <catch faultField="temp.Prod Lookup/fault"
                                  id="krb2wb9r"
                                  interrupting="true"
                                  name="error">
                              <link id="kseoxur6" targetId="kseoxur7" type="containerLink"/>
                           </catch>
                           <catch faultField="temp.Prod Lookup/fault"
                                  id="krb2wb9s"
                                  interrupting="true"
                                  name="warning">
                              <suspend/>
                           </catch>
                        </events>
                     </eventContainer>
                     <container id="ksrhprit" type="exclusive">
                        <title>Decision 2</title>
                        <flow id="ksrhprk5">
                           <eventContainer id="ksrhprn4">
                              <service id="ksrhprm9">
                                 <title>SF Product</title>
                                 <serviceName>ICSExecuteDataTask</serviceName>
                                 <serviceGUID/>
                                 <serviceInput>
                                    <parameter name="Wait for Task to Complete" source="constant" updatable="true">true</parameter>
                                    <parameter name="Max Wait" source="constant" updatable="true">604800</parameter>
                                    <parameter name="Task Name" source="constant" updatable="true">mct_Salesforce_Outbound_To_Salesforce_Product</parameter>
                                    <parameter name="GUID" source="constant" updatable="true">1kyygheXxVBcu0JAv0pwwD</parameter>
                                    <parameter name="Task Type" source="constant" updatable="true">MCT</parameter>
                                    <parameter name="Has Inout Parameters" source="constant" updatable="true">false</parameter>
                                    <parameter name="taskField" source="nested">
                                       <operation source="field" to="mct-Salesforce-Outbound-To-Salesforce-Product">temp.SF Product</operation>
                                    </parameter>
                                 </serviceInput>
                                 <serviceOutput>
                                    <operation source="field" to="temp.SF Product/output/Object_Name">Object Name</operation>
                                    <operation source="field" to="temp.SF Product/output/Run_Id">Run Id</operation>
                                    <operation source="field" to="temp.SF Product/output/Log_Id">Log Id</operation>
                                    <operation source="field" to="temp.SF Product/output/Task_Id">Task Id</operation>
                                    <operation source="field" to="temp.SF Product/output/Task_Status">Task Status</operation>
                                    <operation source="field" to="temp.SF Product/output/Success_Source_Rows">Success Source Rows</operation>
                                    <operation source="field" to="temp.SF Product/output/Failed_Source_Rows">Failed Source Rows</operation>
                                    <operation source="field" to="temp.SF Product/output/Success_Target_Rows">Success Target Rows</operation>
                                    <operation source="field" to="temp.SF Product/output/Failed_Target_Rows">Failed Target Rows</operation>
                                    <operation source="field" to="temp.SF Product/output/Start_Time">Start Time</operation>
                                    <operation source="field" to="temp.SF Product/output/End_Time">End Time</operation>
                                    <operation source="field" to="temp.SF Product/output/Error_Message">Error Message</operation>
                                    <operation source="field" to="temp.SF Product/output/TotalTransErrors">Total Transformation Errors</operation>
                                    <operation source="field" to="temp.SF Product/output/FirstErrorCode">First Error Code</operation>
                                 </serviceOutput>
                              </service>
                              <flow id="ksrhprnz">
                                 <link id="ksrhpro0" targetId="ksrhprn4" type="containerLink"/>
                              </flow>
                              <flow id="ksrhpro2">
                                 <link id="ksrhpro3" targetId="ksrhprn4" type="containerLink"/>
                              </flow>
                              <link id="ksrhprny" targetId="ksrhprnz" type="containerLink"/>
                              <link id="ksrhprpx" targetId="ksrhprpw"/>
                              <events>
                                 <catch faultField="temp.SF Product/fault"
                                        id="ksrhprn2"
                                        interrupting="true"
                                        name="error">
                                    <link id="ksrhpro1" targetId="ksrhpro2" type="containerLink"/>
                                 </catch>
                                 <catch faultField="temp.SF Product/fault"
                                        id="ksrhprn3"
                                        interrupting="true"
                                        name="warning"/>
                              </events>
                           </eventContainer>
                           <container id="ksrhprpw" type="exclusive">
                              <title>Decision 3</title>
                              <flow id="ksrhprr1">
                                 <eventContainer id="ksrhprua">
                                    <service id="ksrhprt7">
                                       <title>StageProdTruncate</title>
                                       <serviceName>ICSExecuteDataTask</serviceName>
                                       <serviceGUID/>
                                       <serviceInput>
                                          <parameter name="Wait for Task to Complete" source="constant" updatable="true">true</parameter>
                                          <parameter name="Max Wait" source="constant" updatable="true">604800</parameter>
                                          <parameter name="Task Name" source="constant" updatable="true">mct_Salesforce_Outbound_Product_StageTruncate</parameter>
                                          <parameter name="GUID" source="constant" updatable="true">7CcuyvPsz8adiBPRzARz67</parameter>
                                          <parameter name="Task Type" source="constant" updatable="true">MCT</parameter>
                                          <parameter name="Has Inout Parameters" source="constant" updatable="true">false</parameter>
                                          <parameter name="taskField" source="nested">
                                             <operation source="field" to="mct-Salesforce-Outbound-Product-StageTruncate">temp.StageProdTruncate</operation>
                                          </parameter>
                                       </serviceInput>
                                       <serviceOutput>
                                          <operation source="field" to="temp.StageProdTruncate/output/Object_Name">Object Name</operation>
                                          <operation source="field" to="temp.StageProdTruncate/output/Run_Id">Run Id</operation>
                                          <operation source="field" to="temp.StageProdTruncate/output/Log_Id">Log Id</operation>
                                          <operation source="field" to="temp.StageProdTruncate/output/Task_Id">Task Id</operation>
                                          <operation source="field" to="temp.StageProdTruncate/output/Task_Status">Task Status</operation>
                                          <operation source="field" to="temp.StageProdTruncate/output/Success_Source_Rows">Success Source Rows</operation>
                                          <operation source="field" to="temp.StageProdTruncate/output/Failed_Source_Rows">Failed Source Rows</operation>
                                          <operation source="field" to="temp.StageProdTruncate/output/Success_Target_Rows">Success Target Rows</operation>
                                          <operation source="field" to="temp.StageProdTruncate/output/Failed_Target_Rows">Failed Target Rows</operation>
                                          <operation source="field" to="temp.StageProdTruncate/output/Start_Time">Start Time</operation>
                                          <operation source="field" to="temp.StageProdTruncate/output/End_Time">End Time</operation>
                                          <operation source="field" to="temp.StageProdTruncate/output/Error_Message">Error Message</operation>
                                          <operation source="field" to="temp.StageProdTruncate/output/TotalTransErrors">Total Transformation Errors</operation>
                                          <operation source="field" to="temp.StageProdTruncate/output/FirstErrorCode">First Error Code</operation>
                                       </serviceOutput>
                                    </service>
                                    <flow id="ksrhprvd">
                                       <link id="ksrhprve" targetId="ksrhprua" type="containerLink"/>
                                    </flow>
                                    <flow id="ksrhprvg">
                                       <link id="ksrhprvh" targetId="ksrhprua" type="containerLink"/>
                                    </flow>
                                    <link id="ksrhprvc" targetId="ksrhprvd" type="containerLink"/>
                                    <events>
                                       <catch faultField="temp.StageProdTruncate/fault"
                                              id="ksrhpru8"
                                              interrupting="true"
                                              name="error">
                                          <link id="ksrhprvf" targetId="ksrhprvg" type="containerLink"/>
                                       </catch>
                                       <catch faultField="temp.StageProdTruncate/fault"
                                              id="ksrhpru9"
                                              interrupting="true"
                                              name="warning"/>
                                    </events>
                                 </eventContainer>
                                 <link id="ksrhprr2" targetId="ksrhprpw" type="containerLink"/>
                              </flow>
                              <flow id="ksrhprr3">
                                 <link id="ksrhprr4" targetId="ksrhprpw" type="containerLink"/>
                              </flow>
                              <link id="ksrhprqu" targetId="ksrhprr1" type="containerLink">
                                 <condition source="formula">
                                    <function name="contains">
                                       <arg name="left">{$temp.SFProduct[1]/output[1]/Task_Status}</arg>
                                       <arg name="right">1</arg>
                                    </function>
                                 </condition>
                              </link>
                              <link id="ksrhprqx" targetId="ksrhprr3" type="containerLink"/>
                           </container>
                           <link id="ksrhprk6" targetId="ksrhprit" type="containerLink"/>
                        </flow>
                        <flow id="ksrhprk7">
                           <link id="ksrhprk8" targetId="ksrhprit" type="containerLink"/>
                        </flow>
                        <link id="ksrhprjy" targetId="ksrhprk5" type="containerLink">
                           <condition source="formula">
                              <function name="contains">
                                 <arg name="left">{$temp.ProductStage[1]/output[1]/Task_Status}</arg>
                                 <arg name="right">1</arg>
                              </function>
                           </condition>
                        </link>
                        <link id="ksrhprk1" targetId="ksrhprk7" type="containerLink"/>
                        <link id="ksrhpriv" targetId="krb2wb9t"/>
                     </container>
                     <link id="kqs72vxz" targetId="kqs72vx5" type="containerLink"/>
                  </flow>
                  <flow id="krdi205t">
                     <eventContainer id="krdi206w">
                        <service id="krdi2067">
                           <title>Phone Number</title>
                           <serviceName>ICSExecuteDataTask</serviceName>
                           <serviceGUID/>
                           <serviceInput>
                              <parameter name="Wait for Task to Complete" source="constant" updatable="true">true</parameter>
                              <parameter name="Max Wait" source="constant" updatable="true">604800</parameter>
                              <parameter name="Task Name" source="constant" updatable="true">mct_Salesforce_PhoneNumber</parameter>
                              <parameter name="GUID" source="constant" updatable="true">63fK67GK1uugAgi1xqH4MS</parameter>
                              <parameter name="Task Type" source="constant" updatable="true">MCT</parameter>
                              <parameter name="Has Inout Parameters" source="constant" updatable="true">false</parameter>
                              <parameter name="taskField" source="nested">
                                 <operation source="field" to="mct-Salesforce-PhoneNumber">temp.Phone Number</operation>
                              </parameter>
                           </serviceInput>
                           <serviceOutput>
                              <operation source="field" to="temp.Phone Number/output/Object_Name">Object Name</operation>
                              <operation source="field" to="temp.Phone Number/output/Run_Id">Run Id</operation>
                              <operation source="field" to="temp.Phone Number/output/Log_Id">Log Id</operation>
                              <operation source="field" to="temp.Phone Number/output/Task_Id">Task Id</operation>
                              <operation source="field" to="temp.Phone Number/output/Task_Status">Task Status</operation>
                              <operation source="field" to="temp.Phone Number/output/Success_Source_Rows">Success Source Rows</operation>
                              <operation source="field" to="temp.Phone Number/output/Failed_Source_Rows">Failed Source Rows</operation>
                              <operation source="field" to="temp.Phone Number/output/Success_Target_Rows">Success Target Rows</operation>
                              <operation source="field" to="temp.Phone Number/output/Failed_Target_Rows">Failed Target Rows</operation>
                              <operation source="field" to="temp.Phone Number/output/Start_Time">Start Time</operation>
                              <operation source="field" to="temp.Phone Number/output/End_Time">End Time</operation>
                              <operation source="field" to="temp.Phone Number/output/Error_Message">Error Message</operation>
                              <operation source="field" to="temp.Phone Number/output/TotalTransErrors">Total Transformation Errors</operation>
                              <operation source="field" to="temp.Phone Number/output/FirstErrorCode">First Error Code</operation>
                           </serviceOutput>
                        </service>
                        <flow id="kseoxuru">
                           <link id="kseoxurv" targetId="krdi206w" type="containerLink"/>
                        </flow>
                        <flow id="kseoxurx">
                           <link id="kseoxury" targetId="krdi206w" type="containerLink"/>
                        </flow>
                        <link id="kseoxurt" targetId="kseoxuru" type="containerLink"/>
                        <events>
                           <catch faultField="temp.Phone Number/fault"
                                  id="krdi206u"
                                  interrupting="true"
                                  name="error">
                              <link id="kseoxurw" targetId="kseoxurx" type="containerLink"/>
                           </catch>
                           <catch faultField="temp.Phone Number/fault"
                                  id="krdi206v"
                                  interrupting="true"
                                  name="warning">
                              <suspend/>
                           </catch>
                        </events>
                     </eventContainer>
                     <link id="krdi205u" targetId="kqs72vx5" type="containerLink"/>
                  </flow>
                  <flow id="ktx31hdy">
                     <eventContainer id="ktx31hfv">
                        <service id="ktx31hem">
                           <title>Address Stage</title>
                           <serviceName>ICSExecuteDataTask</serviceName>
                           <serviceGUID/>
                           <serviceInput>
                              <parameter name="Wait for Task to Complete" source="constant" updatable="true">true</parameter>
                              <parameter name="Max Wait" source="constant" updatable="true">604800</parameter>
                              <parameter name="Task Name" source="constant" updatable="true">mct_Salesforce_Address</parameter>
                              <parameter name="GUID" source="constant" updatable="true">3KrGqDBZmzDeCAhFm3TE6u</parameter>
                              <parameter name="Task Type" source="constant" updatable="true">MCT</parameter>
                              <parameter name="Has Inout Parameters" source="constant" updatable="true">false</parameter>
                              <parameter name="taskField" source="nested">
                                 <operation source="field" to="mct-Salesforce-Address">temp.Address Stage</operation>
                              </parameter>
                           </serviceInput>
                           <serviceOutput>
                              <operation source="field" to="temp.Address Stage/output/Object_Name">Object Name</operation>
                              <operation source="field" to="temp.Address Stage/output/Run_Id">Run Id</operation>
                              <operation source="field" to="temp.Address Stage/output/Log_Id">Log Id</operation>
                              <operation source="field" to="temp.Address Stage/output/Task_Id">Task Id</operation>
                              <operation source="field" to="temp.Address Stage/output/Task_Status">Task Status</operation>
                              <operation source="field" to="temp.Address Stage/output/Success_Source_Rows">Success Source Rows</operation>
                              <operation source="field" to="temp.Address Stage/output/Failed_Source_Rows">Failed Source Rows</operation>
                              <operation source="field" to="temp.Address Stage/output/Success_Target_Rows">Success Target Rows</operation>
                              <operation source="field" to="temp.Address Stage/output/Failed_Target_Rows">Failed Target Rows</operation>
                              <operation source="field" to="temp.Address Stage/output/Start_Time">Start Time</operation>
                              <operation source="field" to="temp.Address Stage/output/End_Time">End Time</operation>
                              <operation source="field" to="temp.Address Stage/output/Error_Message">Error Message</operation>
                              <operation source="field" to="temp.Address Stage/output/TotalTransErrors">Total Transformation Errors</operation>
                              <operation source="field" to="temp.Address Stage/output/FirstErrorCode">First Error Code</operation>
                           </serviceOutput>
                        </service>
                        <flow id="ktx31hja">
                           <link id="ktx31hjb" targetId="ktx31hfv" type="containerLink"/>
                        </flow>
                        <flow id="ktx31hjd">
                           <link id="ktx31hje" targetId="ktx31hfv" type="containerLink"/>
                        </flow>
                        <link id="ktx31hj9" targetId="ktx31hja" type="containerLink"/>
                        <link id="kzmynu83" targetId="ktx31hle"/>
                        <events>
                           <catch faultField="temp.Address Stage/fault"
                                  id="ktx31hft"
                                  interrupting="true"
                                  name="error">
                              <link id="ktx31hjc" targetId="ktx31hjd" type="containerLink"/>
                           </catch>
                           <catch faultField="temp.Address Stage/fault"
                                  id="ktx31hfu"
                                  interrupting="true"
                                  name="warning">
                              <suspend/>
                           </catch>
                        </events>
                     </eventContainer>
                     <eventContainer id="ktx31id1">
                        <service id="ktx31ib7">
                           <title>AddressLookup</title>
                           <serviceName>ICSExecuteDataTask</serviceName>
                           <serviceGUID/>
                           <serviceInput>
                              <parameter name="Wait for Task to Complete" source="constant" updatable="true">true</parameter>
                              <parameter name="Max Wait" source="constant" updatable="true">604800</parameter>
                              <parameter name="Task Name" source="constant" updatable="true">mct_Salesforce_Reference_Inbound_Address</parameter>
                              <parameter name="GUID" source="constant" updatable="true">8koanTnbCA4igyZ8kbjAsf</parameter>
                              <parameter name="Task Type" source="constant" updatable="true">MCT</parameter>
                              <parameter name="Has Inout Parameters" source="constant" updatable="true">true</parameter>
                              <parameter name="taskField" source="nested">
                                 <operation source="field" to="mct-Salesforce-Reference-Inbound-Address">temp.AddressLookup</operation>
                              </parameter>
                           </serviceInput>
                           <serviceOutput>
                              <operation source="field" to="temp.AddressLookup/output/Object_Name">Object Name</operation>
                              <operation source="field" to="temp.AddressLookup/output/Run_Id">Run Id</operation>
                              <operation source="field" to="temp.AddressLookup/output/Log_Id">Log Id</operation>
                              <operation source="field" to="temp.AddressLookup/output/Task_Id">Task Id</operation>
                              <operation source="field" to="temp.AddressLookup/output/Task_Status">Task Status</operation>
                              <operation source="field" to="temp.AddressLookup/output/Success_Source_Rows">Success Source Rows</operation>
                              <operation source="field" to="temp.AddressLookup/output/Failed_Source_Rows">Failed Source Rows</operation>
                              <operation source="field" to="temp.AddressLookup/output/Success_Target_Rows">Success Target Rows</operation>
                              <operation source="field" to="temp.AddressLookup/output/Failed_Target_Rows">Failed Target Rows</operation>
                              <operation source="field" to="temp.AddressLookup/output/Start_Time">Start Time</operation>
                              <operation source="field" to="temp.AddressLookup/output/End_Time">End Time</operation>
                              <operation source="field" to="temp.AddressLookup/output/Error_Message">Error Message</operation>
                              <operation source="field" to="temp.AddressLookup/output/TotalTransErrors">Total Transformation Errors</operation>
                              <operation source="field" to="temp.AddressLookup/output/FirstErrorCode">First Error Code</operation>
                              <operation source="field" to="temp.AddressLookup/inout/p_LastRun">p_LastRun</operation>
                           </serviceOutput>
                        </service>
                        <flow id="ktx31ieu">
                           <link id="ktx31iev" targetId="ktx31id1" type="containerLink"/>
                        </flow>
                        <flow id="ktx31iex">
                           <link id="ktx31iey" targetId="ktx31id1" type="containerLink"/>
                        </flow>
                        <link id="ktx31iet" targetId="ktx31ieu" type="containerLink"/>
                        <events>
                           <catch faultField="temp.AddressLookup/fault"
                                  id="ktx31icz"
                                  interrupting="true"
                                  name="error">
                              <link id="ktx31iew" targetId="ktx31iex" type="containerLink"/>
                           </catch>
                           <catch faultField="temp.AddressLookup/fault"
                                  id="ktx31id0"
                                  interrupting="true"
                                  name="warning">
                              <suspend/>
                           </catch>
                        </events>
                     </eventContainer>
                     <container id="ktx31hle" type="exclusive">
                        <title>Decision 4</title>
                        <flow id="ktx31hmx">
                           <eventContainer id="ktx31hre">
                              <service id="ktx31hpx">
                                 <title>Load Address__c</title>
                                 <serviceName>ICSExecuteDataTask</serviceName>
                                 <serviceGUID/>
                                 <serviceInput>
                                    <parameter name="Wait for Task to Complete" source="constant" updatable="true">true</parameter>
                                    <parameter name="Max Wait" source="constant" updatable="true">604800</parameter>
                                    <parameter name="Task Name" source="constant" updatable="true">mct_Salesforce_Outbound_To_Salesforce_Address__c</parameter>
                                    <parameter name="GUID" source="constant" updatable="true">d15pWtiQ2qMlTwCrWGAaEw</parameter>
                                    <parameter name="Task Type" source="constant" updatable="true">MCT</parameter>
                                    <parameter name="Has Inout Parameters" source="constant" updatable="true">false</parameter>
                                    <parameter name="taskField" source="nested">
                                       <operation source="field" to="mct-Salesforce-Outbound-To-Salesforce-Address--c">temp.Load Address__c</operation>
                                    </parameter>
                                 </serviceInput>
                                 <serviceOutput>
                                    <operation source="field" to="temp.Load Address__c/output/Object_Name">Object Name</operation>
                                    <operation source="field" to="temp.Load Address__c/output/Run_Id">Run Id</operation>
                                    <operation source="field" to="temp.Load Address__c/output/Log_Id">Log Id</operation>
                                    <operation source="field" to="temp.Load Address__c/output/Task_Id">Task Id</operation>
                                    <operation source="field" to="temp.Load Address__c/output/Task_Status">Task Status</operation>
                                    <operation source="field" to="temp.Load Address__c/output/Success_Source_Rows">Success Source Rows</operation>
                                    <operation source="field" to="temp.Load Address__c/output/Failed_Source_Rows">Failed Source Rows</operation>
                                    <operation source="field" to="temp.Load Address__c/output/Success_Target_Rows">Success Target Rows</operation>
                                    <operation source="field" to="temp.Load Address__c/output/Failed_Target_Rows">Failed Target Rows</operation>
                                    <operation source="field" to="temp.Load Address__c/output/Start_Time">Start Time</operation>
                                    <operation source="field" to="temp.Load Address__c/output/End_Time">End Time</operation>
                                    <operation source="field" to="temp.Load Address__c/output/Error_Message">Error Message</operation>
                                    <operation source="field" to="temp.Load Address__c/output/TotalTransErrors">Total Transformation Errors</operation>
                                    <operation source="field" to="temp.Load Address__c/output/FirstErrorCode">First Error Code</operation>
                                 </serviceOutput>
                              </service>
                              <flow id="ktx31htk">
                                 <link id="ktx31htl" targetId="ktx31hre" type="containerLink"/>
                              </flow>
                              <flow id="ktx31htn">
                                 <link id="ktx31hto" targetId="ktx31hre" type="containerLink"/>
                              </flow>
                              <link id="ktx31htj" targetId="ktx31htk" type="containerLink"/>
                              <link id="ktx31hxx" targetId="ktx31hxw"/>
                              <events>
                                 <catch faultField="temp.Load Address__c/fault"
                                        id="ktx31hrc"
                                        interrupting="true"
                                        name="error">
                                    <link id="ktx31htm" targetId="ktx31htn" type="containerLink"/>
                                 </catch>
                                 <catch faultField="temp.Load Address__c/fault"
                                        id="ktx31hrd"
                                        interrupting="true"
                                        name="warning"/>
                              </events>
                           </eventContainer>
                           <container id="ktx31hxw" type="exclusive">
                              <title>Decision 5</title>
                              <flow id="ktx31hzn">
                                 <eventContainer id="ktx31i4q">
                                    <service id="ktx31i31">
                                       <title>TruncateStage</title>
                                       <serviceName>ICSExecuteDataTask</serviceName>
                                       <serviceGUID/>
                                       <serviceInput>
                                          <parameter name="Wait for Task to Complete" source="constant" updatable="true">true</parameter>
                                          <parameter name="Max Wait" source="constant" updatable="true">604800</parameter>
                                          <parameter name="Task Name" source="constant" updatable="true">mct_Salesforce_Address_StageTruncate</parameter>
                                          <parameter name="GUID" source="constant" updatable="true">19pqyEXjlEOia1LSAkWUw8</parameter>
                                          <parameter name="Task Type" source="constant" updatable="true">MCT</parameter>
                                          <parameter name="Has Inout Parameters" source="constant" updatable="true">false</parameter>
                                          <parameter name="taskField" source="nested">
                                             <operation source="field" to="mct-Salesforce-Address-StageTruncate">temp.TruncateStage</operation>
                                          </parameter>
                                       </serviceInput>
                                       <serviceOutput>
                                          <operation source="field" to="temp.TruncateStage/output/Object_Name">Object Name</operation>
                                          <operation source="field" to="temp.TruncateStage/output/Run_Id">Run Id</operation>
                                          <operation source="field" to="temp.TruncateStage/output/Log_Id">Log Id</operation>
                                          <operation source="field" to="temp.TruncateStage/output/Task_Id">Task Id</operation>
                                          <operation source="field" to="temp.TruncateStage/output/Task_Status">Task Status</operation>
                                          <operation source="field" to="temp.TruncateStage/output/Success_Source_Rows">Success Source Rows</operation>
                                          <operation source="field" to="temp.TruncateStage/output/Failed_Source_Rows">Failed Source Rows</operation>
                                          <operation source="field" to="temp.TruncateStage/output/Success_Target_Rows">Success Target Rows</operation>
                                          <operation source="field" to="temp.TruncateStage/output/Failed_Target_Rows">Failed Target Rows</operation>
                                          <operation source="field" to="temp.TruncateStage/output/Start_Time">Start Time</operation>
                                          <operation source="field" to="temp.TruncateStage/output/End_Time">End Time</operation>
                                          <operation source="field" to="temp.TruncateStage/output/Error_Message">Error Message</operation>
                                          <operation source="field" to="temp.TruncateStage/output/TotalTransErrors">Total Transformation Errors</operation>
                                          <operation source="field" to="temp.TruncateStage/output/FirstErrorCode">First Error Code</operation>
                                       </serviceOutput>
                                    </service>
                                    <flow id="ktx31i8g">
                                       <link id="ktx31i8h" targetId="ktx31i4q" type="containerLink"/>
                                    </flow>
                                    <flow id="ktx31i8j">
                                       <link id="ktx31i8k" targetId="ktx31i4q" type="containerLink"/>
                                    </flow>
                                    <link id="ktx31i8f" targetId="ktx31i8g" type="containerLink"/>
                                    <events>
                                       <catch faultField="temp.TruncateStage/fault"
                                              id="ktx31i4o"
                                              interrupting="true"
                                              name="error">
                                          <link id="ktx31i8i" targetId="ktx31i8j" type="containerLink"/>
                                       </catch>
                                       <catch faultField="temp.TruncateStage/fault"
                                              id="ktx31i4p"
                                              interrupting="true"
                                              name="warning"/>
                                    </events>
                                 </eventContainer>
                                 <link id="ktx31hzo" targetId="ktx31hxw" type="containerLink"/>
                              </flow>
                              <flow id="ktx31hzp">
                                 <link id="ktx31hzq" targetId="ktx31hxw" type="containerLink"/>
                              </flow>
                              <link id="ktx31hzg" targetId="ktx31hzn" type="containerLink">
                                 <condition source="formula">
                                    <function name="contains">
                                       <arg name="left">{$temp.LoadAddress__c[1]/output[1]/Task_Status}</arg>
                                       <arg name="right">1</arg>
                                    </function>
                                 </condition>
                              </link>
                              <link id="ktx31hzj" targetId="ktx31hzp" type="containerLink"/>
                           </container>
                           <link id="ktx31hmy" targetId="ktx31hle" type="containerLink"/>
                        </flow>
                        <flow id="ktx31hmz">
                           <link id="ktx31hn0" targetId="ktx31hle" type="containerLink"/>
                        </flow>
                        <link id="ktx31hmq" targetId="ktx31hmx" type="containerLink">
                           <condition source="formula">
                              <function name="contains">
                                 <arg name="left">{$temp.AddressStage[1]/output[1]/Task_Status}</arg>
                                 <arg name="right">1</arg>
                              </function>
                           </condition>
                        </link>
                        <link id="ktx31hmt" targetId="ktx31hmz" type="containerLink"/>
                        <link id="ktx31ib8" targetId="ktx31id1"/>
                     </container>
                     <link id="ktx31hdz" targetId="kqs72vx5" type="containerLink"/>
                  </flow>
                  <flow id="kuzv977z">
                     <eventContainer id="kuzv97bh">
                        <service id="kuzv9796">
                           <title>Allocation_Rates</title>
                           <serviceName>ICSExecuteDataTask</serviceName>
                           <serviceGUID/>
                           <serviceInput>
                              <parameter name="Wait for Task to Complete" source="constant" updatable="true">true</parameter>
                              <parameter name="Max Wait" source="constant" updatable="true">604800</parameter>
                              <parameter name="Task Name" source="constant" updatable="true">mct_Salesforce_Allocation_Rates</parameter>
                              <parameter name="GUID" source="constant" updatable="true">9LBh4nHXWWDdQQ5yNx1T2K</parameter>
                              <parameter name="Task Type" source="constant" updatable="true">MCT</parameter>
                              <parameter name="Has Inout Parameters" source="constant" updatable="true">false</parameter>
                              <parameter name="taskField" source="nested">
                                 <operation source="field" to="mct-Salesforce-Allocation-Rates">temp.Allocation_Rates</operation>
                              </parameter>
                           </serviceInput>
                           <serviceOutput>
                              <operation source="field" to="temp.Allocation_Rates/output/Object_Name">Object Name</operation>
                              <operation source="field" to="temp.Allocation_Rates/output/Run_Id">Run Id</operation>
                              <operation source="field" to="temp.Allocation_Rates/output/Log_Id">Log Id</operation>
                              <operation source="field" to="temp.Allocation_Rates/output/Task_Id">Task Id</operation>
                              <operation source="field" to="temp.Allocation_Rates/output/Task_Status">Task Status</operation>
                              <operation source="field" to="temp.Allocation_Rates/output/Success_Source_Rows">Success Source Rows</operation>
                              <operation source="field" to="temp.Allocation_Rates/output/Failed_Source_Rows">Failed Source Rows</operation>
                              <operation source="field" to="temp.Allocation_Rates/output/Success_Target_Rows">Success Target Rows</operation>
                              <operation source="field" to="temp.Allocation_Rates/output/Failed_Target_Rows">Failed Target Rows</operation>
                              <operation source="field" to="temp.Allocation_Rates/output/Start_Time">Start Time</operation>
                              <operation source="field" to="temp.Allocation_Rates/output/End_Time">End Time</operation>
                              <operation source="field" to="temp.Allocation_Rates/output/Error_Message">Error Message</operation>
                              <operation source="field" to="temp.Allocation_Rates/output/TotalTransErrors">Total Transformation Errors</operation>
                              <operation source="field" to="temp.Allocation_Rates/output/FirstErrorCode">First Error Code</operation>
                           </serviceOutput>
                        </service>
                        <flow id="kuzv97gy">
                           <link id="kuzv97gz" targetId="kuzv97bh" type="containerLink"/>
                        </flow>
                        <flow id="kuzv97h1">
                           <link id="kuzv97h2" targetId="kuzv97bh" type="containerLink"/>
                        </flow>
                        <link id="kuzv97gx" targetId="kuzv97gy" type="containerLink"/>
                        <events>
                           <catch faultField="temp.Allocation_Rates/fault"
                                  id="kuzv97bf"
                                  interrupting="true"
                                  name="error">
                              <link id="kuzv97h0" targetId="kuzv97h1" type="containerLink"/>
                           </catch>
                           <catch faultField="temp.Allocation_Rates/fault"
                                  id="kuzv97bg"
                                  interrupting="true"
                                  name="warning"/>
                        </events>
                     </eventContainer>
                     <link id="kuzv9780" targetId="kqs72vx5" type="containerLink"/>
                  </flow>
                  <flow id="ky8vnhb3">
                     <eventContainer id="ky8vnhg7">
                        <service id="ky8vnhdo">
                           <title>User Lookup</title>
                           <serviceName>ICSExecuteDataTask</serviceName>
                           <serviceGUID/>
                           <serviceInput>
                              <parameter name="Wait for Task to Complete" source="constant" updatable="true">true</parameter>
                              <parameter name="Max Wait" source="constant" updatable="true">604800</parameter>
                              <parameter name="Task Name" source="constant" updatable="true">mct_Salesforce_Reference_Inbound_User</parameter>
                              <parameter name="GUID" source="constant" updatable="true">316H2vuLkIuk2HWRb8QjAn</parameter>
                              <parameter name="Task Type" source="constant" updatable="true">MCT</parameter>
                              <parameter name="Has Inout Parameters" source="constant" updatable="true">true</parameter>
                              <parameter name="taskField" source="nested">
                                 <operation source="field" to="mct-Salesforce-Reference-Inbound-User">temp.User Lookup</operation>
                              </parameter>
                           </serviceInput>
                           <serviceOutput>
                              <operation source="field" to="temp.User Lookup/output/Object_Name">Object Name</operation>
                              <operation source="field" to="temp.User Lookup/output/Run_Id">Run Id</operation>
                              <operation source="field" to="temp.User Lookup/output/Log_Id">Log Id</operation>
                              <operation source="field" to="temp.User Lookup/output/Task_Id">Task Id</operation>
                              <operation source="field" to="temp.User Lookup/output/Task_Status">Task Status</operation>
                              <operation source="field" to="temp.User Lookup/output/Success_Source_Rows">Success Source Rows</operation>
                              <operation source="field" to="temp.User Lookup/output/Failed_Source_Rows">Failed Source Rows</operation>
                              <operation source="field" to="temp.User Lookup/output/Success_Target_Rows">Success Target Rows</operation>
                              <operation source="field" to="temp.User Lookup/output/Failed_Target_Rows">Failed Target Rows</operation>
                              <operation source="field" to="temp.User Lookup/output/Start_Time">Start Time</operation>
                              <operation source="field" to="temp.User Lookup/output/End_Time">End Time</operation>
                              <operation source="field" to="temp.User Lookup/output/Error_Message">Error Message</operation>
                              <operation source="field" to="temp.User Lookup/output/TotalTransErrors">Total Transformation Errors</operation>
                              <operation source="field" to="temp.User Lookup/output/FirstErrorCode">First Error Code</operation>
                              <operation source="field" to="temp.User Lookup/inout/p_LastRun">p_LastRun</operation>
                           </serviceOutput>
                        </service>
                        <flow id="ky8vnhym">
                           <link id="ky8vnhyn" targetId="ky8vnhg7" type="containerLink"/>
                        </flow>
                        <flow id="ky8vnhyp">
                           <link id="ky8vnhyq" targetId="ky8vnhg7" type="containerLink"/>
                        </flow>
                        <link id="ky8vnhyl" targetId="ky8vnhym" type="containerLink"/>
                        <events>
                           <catch faultField="temp.User Lookup/fault"
                                  id="ky8vnhg5"
                                  interrupting="true"
                                  name="error">
                              <link id="ky8vnhyo" targetId="ky8vnhyp" type="containerLink"/>
                           </catch>
                           <catch faultField="temp.User Lookup/fault"
                                  id="ky8vnhg6"
                                  interrupting="true"
                                  name="warning"/>
                        </events>
                     </eventContainer>
                     <link id="ky8vnhb4" targetId="kqs72vx5" type="containerLink"/>
                  </flow>
                  <flow id="ky8vnhcd">
                     <eventContainer id="ky8vnhl9">
                        <service id="ky8vnhiq">
                           <title>RecordType Lookup</title>
                           <serviceName>ICSExecuteDataTask</serviceName>
                           <serviceGUID/>
                           <serviceInput>
                              <parameter name="Wait for Task to Complete" source="constant" updatable="true">true</parameter>
                              <parameter name="Max Wait" source="constant" updatable="true">604800</parameter>
                              <parameter name="Task Name" source="constant" updatable="true">mct_Salesforce_Reference_Inbound_RecordType</parameter>
                              <parameter name="GUID" source="constant" updatable="true">4ajDCYXg8kdlSmJ9oPh4Op</parameter>
                              <parameter name="Task Type" source="constant" updatable="true">MCT</parameter>
                              <parameter name="Has Inout Parameters" source="constant" updatable="true">true</parameter>
                              <parameter name="taskField" source="nested">
                                 <operation source="field" to="mct-Salesforce-Reference-Inbound-RecordType">temp.RecordType Lookup</operation>
                              </parameter>
                           </serviceInput>
                           <serviceOutput>
                              <operation source="field" to="temp.RecordType Lookup/output/Object_Name">Object Name</operation>
                              <operation source="field" to="temp.RecordType Lookup/output/Run_Id">Run Id</operation>
                              <operation source="field" to="temp.RecordType Lookup/output/Log_Id">Log Id</operation>
                              <operation source="field" to="temp.RecordType Lookup/output/Task_Id">Task Id</operation>
                              <operation source="field" to="temp.RecordType Lookup/output/Task_Status">Task Status</operation>
                              <operation source="field" to="temp.RecordType Lookup/output/Success_Source_Rows">Success Source Rows</operation>
                              <operation source="field" to="temp.RecordType Lookup/output/Failed_Source_Rows">Failed Source Rows</operation>
                              <operation source="field" to="temp.RecordType Lookup/output/Success_Target_Rows">Success Target Rows</operation>
                              <operation source="field" to="temp.RecordType Lookup/output/Failed_Target_Rows">Failed Target Rows</operation>
                              <operation source="field" to="temp.RecordType Lookup/output/Start_Time">Start Time</operation>
                              <operation source="field" to="temp.RecordType Lookup/output/End_Time">End Time</operation>
                              <operation source="field" to="temp.RecordType Lookup/output/Error_Message">Error Message</operation>
                              <operation source="field" to="temp.RecordType Lookup/output/TotalTransErrors">Total Transformation Errors</operation>
                              <operation source="field" to="temp.RecordType Lookup/output/FirstErrorCode">First Error Code</operation>
                              <operation source="field" to="temp.RecordType Lookup/inout/p_LastRun">p_LastRun</operation>
                           </serviceOutput>
                        </service>
                        <flow id="ky8vnht1">
                           <link id="ky8vnht2" targetId="ky8vnhl9" type="containerLink"/>
                        </flow>
                        <flow id="ky8vnht4">
                           <link id="ky8vnht5" targetId="ky8vnhl9" type="containerLink"/>
                        </flow>
                        <link id="ky8vnht0" targetId="ky8vnht1" type="containerLink"/>
                        <events>
                           <catch faultField="temp.RecordType Lookup/fault"
                                  id="ky8vnhl7"
                                  interrupting="true"
                                  name="error">
                              <link id="ky8vnht3" targetId="ky8vnht4" type="containerLink"/>
                           </catch>
                           <catch faultField="temp.RecordType Lookup/fault"
                                  id="ky8vnhl8"
                                  interrupting="true"
                                  name="warning"/>
                        </events>
                     </eventContainer>
                     <link id="ky8vnhce" targetId="kqs72vx5" type="containerLink"/>
                  </flow>
                  <flow id="kybnpvgg">
                     <eventContainer id="kybnpvkp">
                        <service id="kybnpvhw">
                           <title>Upsert_Contact_NameId</title>
                           <serviceName>ICSExecuteDataTask</serviceName>
                           <serviceGUID/>
                           <serviceInput>
                              <parameter name="Wait for Task to Complete" source="constant" updatable="true">true</parameter>
                              <parameter name="Max Wait" source="constant" updatable="true">604800</parameter>
                              <parameter name="Task Name" source="constant" updatable="true">mct_Salesforce_Upsert_Contact_NameId</parameter>
                              <parameter name="GUID" source="constant" updatable="true">4CibmMmI35FhmZnQbsrH4M</parameter>
                              <parameter name="Task Type" source="constant" updatable="true">MCT</parameter>
                              <parameter name="Has Inout Parameters" source="constant" updatable="true">false</parameter>
                              <parameter name="taskField" source="nested">
                                 <operation source="field" to="mct-Salesforce-Upsert-Contact-NameId">temp.Upsert_Contact_NameId</operation>
                              </parameter>
                           </serviceInput>
                           <serviceOutput>
                              <operation source="field" to="temp.Upsert_Contact_NameId/output/Object_Name">Object Name</operation>
                              <operation source="field" to="temp.Upsert_Contact_NameId/output/Run_Id">Run Id</operation>
                              <operation source="field" to="temp.Upsert_Contact_NameId/output/Log_Id">Log Id</operation>
                              <operation source="field" to="temp.Upsert_Contact_NameId/output/Task_Id">Task Id</operation>
                              <operation source="field" to="temp.Upsert_Contact_NameId/output/Task_Status">Task Status</operation>
                              <operation source="field"
                                         to="temp.Upsert_Contact_NameId/output/Success_Source_Rows">Success Source Rows</operation>
                              <operation source="field"
                                         to="temp.Upsert_Contact_NameId/output/Failed_Source_Rows">Failed Source Rows</operation>
                              <operation source="field"
                                         to="temp.Upsert_Contact_NameId/output/Success_Target_Rows">Success Target Rows</operation>
                              <operation source="field"
                                         to="temp.Upsert_Contact_NameId/output/Failed_Target_Rows">Failed Target Rows</operation>
                              <operation source="field" to="temp.Upsert_Contact_NameId/output/Start_Time">Start Time</operation>
                              <operation source="field" to="temp.Upsert_Contact_NameId/output/End_Time">End Time</operation>
                              <operation source="field" to="temp.Upsert_Contact_NameId/output/Error_Message">Error Message</operation>
                              <operation source="field" to="temp.Upsert_Contact_NameId/output/TotalTransErrors">Total Transformation Errors</operation>
                              <operation source="field" to="temp.Upsert_Contact_NameId/output/FirstErrorCode">First Error Code</operation>
                           </serviceOutput>
                        </service>
                        <flow id="kybnpvr6">
                           <link id="kybnpvr7" targetId="kybnpvkp" type="containerLink"/>
                        </flow>
                        <flow id="kybnpvr9">
                           <link id="kybnpvra" targetId="kybnpvkp" type="containerLink"/>
                        </flow>
                        <link id="kybnpvr5" targetId="kybnpvr6" type="containerLink"/>
                        <events>
                           <catch faultField="temp.Upsert_Contact_NameId/fault"
                                  id="kybnpvkn"
                                  interrupting="true"
                                  name="error">
                              <link id="kybnpvr8" targetId="kybnpvr9" type="containerLink"/>
                           </catch>
                           <catch faultField="temp.Upsert_Contact_NameId/fault"
                                  id="kybnpvko"
                                  interrupting="true"
                                  name="warning"/>
                        </events>
                     </eventContainer>
                     <link id="kybnpvgh" targetId="kqs72vx5" type="containerLink"/>
                  </flow>
                  <flow id="kyd95rky">
                     <eventContainer id="kyd95rpg">
                        <service id="kyd95rmh">
                           <title>usp_Insert_Hierarchy</title>
                           <serviceName>ICSExecuteDataTask</serviceName>
                           <serviceGUID/>
                           <serviceInput>
                              <parameter name="Wait for Task to Complete" source="constant" updatable="true">true</parameter>
                              <parameter name="Max Wait" source="constant" updatable="true">604800</parameter>
                              <parameter name="Task Name" source="constant" updatable="true">mct_Salesforce_usp_Insert_Hierarchy</parameter>
                              <parameter name="GUID" source="constant" updatable="true">6a0buxseAw9k9C3mfNGM6D</parameter>
                              <parameter name="Task Type" source="constant" updatable="true">MCT</parameter>
                              <parameter name="Has Inout Parameters" source="constant" updatable="true">false</parameter>
                              <parameter name="taskField" source="nested">
                                 <operation source="field" to="mct-Salesforce-usp-Insert-Hierarchy">temp.usp_Insert_Hierarchy</operation>
                              </parameter>
                           </serviceInput>
                           <serviceOutput>
                              <operation source="field" to="temp.usp_Insert_Hierarchy/output/Object_Name">Object Name</operation>
                              <operation source="field" to="temp.usp_Insert_Hierarchy/output/Run_Id">Run Id</operation>
                              <operation source="field" to="temp.usp_Insert_Hierarchy/output/Log_Id">Log Id</operation>
                              <operation source="field" to="temp.usp_Insert_Hierarchy/output/Task_Id">Task Id</operation>
                              <operation source="field" to="temp.usp_Insert_Hierarchy/output/Task_Status">Task Status</operation>
                              <operation source="field"
                                         to="temp.usp_Insert_Hierarchy/output/Success_Source_Rows">Success Source Rows</operation>
                              <operation source="field" to="temp.usp_Insert_Hierarchy/output/Failed_Source_Rows">Failed Source Rows</operation>
                              <operation source="field"
                                         to="temp.usp_Insert_Hierarchy/output/Success_Target_Rows">Success Target Rows</operation>
                              <operation source="field" to="temp.usp_Insert_Hierarchy/output/Failed_Target_Rows">Failed Target Rows</operation>
                              <operation source="field" to="temp.usp_Insert_Hierarchy/output/Start_Time">Start Time</operation>
                              <operation source="field" to="temp.usp_Insert_Hierarchy/output/End_Time">End Time</operation>
                              <operation source="field" to="temp.usp_Insert_Hierarchy/output/Error_Message">Error Message</operation>
                              <operation source="field" to="temp.usp_Insert_Hierarchy/output/TotalTransErrors">Total Transformation Errors</operation>
                              <operation source="field" to="temp.usp_Insert_Hierarchy/output/FirstErrorCode">First Error Code</operation>
                           </serviceOutput>
                        </service>
                        <flow id="kyd95ry6">
                           <link id="kyd95ry7" targetId="kyd95rpg" type="containerLink"/>
                        </flow>
                        <flow id="kyd95ry9">
                           <link id="kyd95rya" targetId="kyd95rpg" type="containerLink"/>
                        </flow>
                        <link id="kyd95ry5" targetId="kyd95ry6" type="containerLink"/>
                        <events>
                           <catch faultField="temp.usp_Insert_Hierarchy/fault"
                                  id="kyd95rpe"
                                  interrupting="true"
                                  name="error">
                              <link id="kyd95ry8" targetId="kyd95ry9" type="containerLink"/>
                           </catch>
                           <catch faultField="temp.usp_Insert_Hierarchy/fault"
                                  id="kyd95rpf"
                                  interrupting="true"
                                  name="warning"/>
                        </events>
                     </eventContainer>
                     <link id="kyd95rkz" targetId="kqs72vx5" type="containerLink"/>
                  </flow>
                  <link id="kqs72vxr" targetId="kqs72vxy" type="containerLink"/>
                  <link id="krdi205s" targetId="krdi205t" type="containerLink"/>
                  <link id="ktx31hdx" targetId="ktx31hdy" type="containerLink"/>
                  <link id="kuzv977y" targetId="kuzv977z" type="containerLink"/>
                  <link id="ky8vnhb2" targetId="ky8vnhb3" type="containerLink"/>
                  <link id="ky8vnhcc" targetId="ky8vnhcd" type="containerLink"/>
                  <link id="kybnpvgf" targetId="kybnpvgg" type="containerLink"/>
                  <link id="kyd95rkx" targetId="kyd95rky" type="containerLink"/>
                  <link id="kseoxuo6" targetId="kseoxuo5"/>
               </container>
               <container id="kseoxup2" type="exclusive">
                  <title>Decision 1</title>
                  <flow id="kseoxupi">
                     <link id="kseoxupj" targetId="kseoxup2" type="containerLink"/>
                  </flow>
                  <flow id="kseoxupk">
                     <throw id="kseoxuq8">
                        <title>Throw 1</title>
                        <throwInput>
                           <parameter name="code" source="constant" updatable="true">Failed</parameter>
                           <parameter name="detail" source="constant" updatable="true">One of the MCT failed</parameter>
                           <parameter name="reason" source="constant" updatable="true"/>
                        </throwInput>
                     </throw>
                  </flow>
                  <link id="kseoxupb" targetId="kseoxupi" type="containerLink">
                     <condition source="formula">
                        <function name="equals">
                           <arg name="left">{$temp.Flag}</arg>
                           <arg name="right">{1}</arg>
                        </function>
                     </condition>
                  </link>
                  <link id="kseoxupe" targetId="kseoxupk" type="containerLink"/>
                  <link id="kseoxup4" targetId="ks984txw"/>
               </container>
               <assignment id="kseoxuo5">
                  <title>SetFlag</title>
                  <operation source="formula" to="temp.Flag">
                     <expression language="XQuery">if ( $temp.PhoneNumber[1]/output[1]/Task_Status ='1' and $temp.ProdLookup[1]/output[1]/Task_Status ='1') then 1 else 0</expression>
                  </operation>
                  <link id="kseoxup3" targetId="kseoxup2"/>
               </assignment>
               <end id="ks984txw">
                  <title>End</title>
               </end>
            </flow>
            <dependencies>
               <processObject xmlns="http://schemas.active-endpoints.com/appmodules/screenflow/2011/06/avosHostEnvironment.xsd"
                              displayName="mct-Salesforce-PhoneNumber"
                              isByCopy="true"
                              name="mct-Salesforce-PhoneNumber">
                  <description/>
                  <tags/>
                  <detail>
                     <field label="TaskProperties Parameters"
                            name="taskProperties"
                            nullable="true"
                            required="false"
                            type="reference"/>
                     <field label="Output Parameters"
                            name="output"
                            nullable="true"
                            required="false"
                            type="reference"/>
                     <field label="Fault"
                            name="fault"
                            nullable="true"
                            required="false"
                            type="reference"/>
                  </detail>
               </processObject>
               <processObject xmlns="http://schemas.active-endpoints.com/appmodules/screenflow/2011/06/avosHostEnvironment.xsd"
                              displayName="mct-Salesforce-Reference-Inbound-Product2"
                              isByCopy="true"
                              name="mct-Salesforce-Reference-Inbound-Product2">
                  <description/>
                  <tags/>
                  <detail>
                     <field label="InOut Parameters"
                            name="inout"
                            nullable="true"
                            required="false"
                            type="reference"/>
                     <field label="TaskProperties Parameters"
                            name="taskProperties"
                            nullable="true"
                            required="false"
                            type="reference"/>
                     <field label="Output Parameters"
                            name="output"
                            nullable="true"
                            required="false"
                            type="reference"/>
                     <field label="Fault"
                            name="fault"
                            nullable="true"
                            required="false"
                            type="reference"/>
                  </detail>
               </processObject>
               <processObject xmlns="http://schemas.active-endpoints.com/appmodules/screenflow/2011/06/avosHostEnvironment.xsd"
                              displayName="mct-Salesforce-Product"
                              isByCopy="true"
                              name="mct-Salesforce-Product">
                  <description/>
                  <tags/>
                  <detail>
                     <field label="TaskProperties Parameters"
                            name="taskProperties"
                            nullable="true"
                            required="false"
                            type="reference"/>
                     <field label="Output Parameters"
                            name="output"
                            nullable="true"
                            required="false"
                            type="reference"/>
                     <field label="Fault"
                            name="fault"
                            nullable="true"
                            required="false"
                            type="reference"/>
                  </detail>
               </processObject>
               <processObject xmlns="http://schemas.active-endpoints.com/appmodules/screenflow/2011/06/avosHostEnvironment.xsd"
                              displayName="mct-Salesforce-Outbound-To-Salesforce-Product"
                              isByCopy="true"
                              name="mct-Salesforce-Outbound-To-Salesforce-Product">
                  <description/>
                  <tags/>
                  <detail>
                     <field label="TaskProperties Parameters"
                            name="taskProperties"
                            nullable="true"
                            required="false"
                            type="reference"/>
                     <field label="Output Parameters"
                            name="output"
                            nullable="true"
                            required="false"
                            type="reference"/>
                     <field label="Fault"
                            name="fault"
                            nullable="true"
                            required="false"
                            type="reference"/>
                  </detail>
               </processObject>
               <processObject xmlns="http://schemas.active-endpoints.com/appmodules/screenflow/2011/06/avosHostEnvironment.xsd"
                              displayName="mct-Salesforce-Outbound-Product-StageTruncate"
                              isByCopy="true"
                              name="mct-Salesforce-Outbound-Product-StageTruncate">
                  <description/>
                  <tags/>
                  <detail>
                     <field label="TaskProperties Parameters"
                            name="taskProperties"
                            nullable="true"
                            required="false"
                            type="reference"/>
                     <field label="Output Parameters"
                            name="output"
                            nullable="true"
                            required="false"
                            type="reference"/>
                     <field label="Fault"
                            name="fault"
                            nullable="true"
                            required="false"
                            type="reference"/>
                  </detail>
               </processObject>
               <processObject xmlns="http://schemas.active-endpoints.com/appmodules/screenflow/2011/06/avosHostEnvironment.xsd"
                              displayName="mct-Salesforce-Address"
                              isByCopy="true"
                              name="mct-Salesforce-Address">
                  <description/>
                  <tags/>
                  <detail>
                     <field label="TaskProperties Parameters"
                            name="taskProperties"
                            nullable="true"
                            required="false"
                            type="reference"/>
                     <field label="Output Parameters"
                            name="output"
                            nullable="true"
                            required="false"
                            type="reference"/>
                     <field label="Fault"
                            name="fault"
                            nullable="true"
                            required="false"
                            type="reference"/>
                  </detail>
               </processObject>
               <processObject xmlns="http://schemas.active-endpoints.com/appmodules/screenflow/2011/06/avosHostEnvironment.xsd"
                              displayName="mct-Salesforce-Outbound-To-Salesforce-Address--c"
                              isByCopy="true"
                              name="mct-Salesforce-Outbound-To-Salesforce-Address--c">
                  <description/>
                  <tags/>
                  <detail>
                     <field label="TaskProperties Parameters"
                            name="taskProperties"
                            nullable="true"
                            required="false"
                            type="reference"/>
                     <field label="Output Parameters"
                            name="output"
                            nullable="true"
                            required="false"
                            type="reference"/>
                     <field label="Fault"
                            name="fault"
                            nullable="true"
                            required="false"
                            type="reference"/>
                  </detail>
               </processObject>
               <processObject xmlns="http://schemas.active-endpoints.com/appmodules/screenflow/2011/06/avosHostEnvironment.xsd"
                              displayName="mct-Salesforce-Address-StageTruncate"
                              isByCopy="true"
                              name="mct-Salesforce-Address-StageTruncate">
                  <description/>
                  <tags/>
                  <detail>
                     <field label="TaskProperties Parameters"
                            name="taskProperties"
                            nullable="true"
                            required="false"
                            type="reference"/>
                     <field label="Output Parameters"
                            name="output"
                            nullable="true"
                            required="false"
                            type="reference"/>
                     <field label="Fault"
                            name="fault"
                            nullable="true"
                            required="false"
                            type="reference"/>
                  </detail>
               </processObject>
               <processObject xmlns="http://schemas.active-endpoints.com/appmodules/screenflow/2011/06/avosHostEnvironment.xsd"
                              displayName="mct-Salesforce-Reference-Inbound-Address"
                              isByCopy="true"
                              name="mct-Salesforce-Reference-Inbound-Address">
                  <description/>
                  <tags/>
                  <detail>
                     <field label="InOut Parameters"
                            name="inout"
                            nullable="true"
                            required="false"
                            type="reference"/>
                     <field label="TaskProperties Parameters"
                            name="taskProperties"
                            nullable="true"
                            required="false"
                            type="reference"/>
                     <field label="Output Parameters"
                            name="output"
                            nullable="true"
                            required="false"
                            type="reference"/>
                     <field label="Fault"
                            name="fault"
                            nullable="true"
                            required="false"
                            type="reference"/>
                  </detail>
               </processObject>
               <processObject xmlns="http://schemas.active-endpoints.com/appmodules/screenflow/2011/06/avosHostEnvironment.xsd"
                              displayName="mct-Salesforce-Allocation-Rates"
                              isByCopy="true"
                              name="mct-Salesforce-Allocation-Rates">
                  <description/>
                  <tags/>
                  <detail>
                     <field label="TaskProperties Parameters"
                            name="taskProperties"
                            nullable="true"
                            required="false"
                            type="reference"/>
                     <field label="Output Parameters"
                            name="output"
                            nullable="true"
                            required="false"
                            type="reference"/>
                     <field label="Fault"
                            name="fault"
                            nullable="true"
                            required="false"
                            type="reference"/>
                  </detail>
               </processObject>
               <processObject xmlns="http://schemas.active-endpoints.com/appmodules/screenflow/2011/06/avosHostEnvironment.xsd"
                              displayName="mct-Salesforce-Reference-Inbound-User"
                              isByCopy="true"
                              name="mct-Salesforce-Reference-Inbound-User">
                  <description/>
                  <tags/>
                  <detail>
                     <field label="InOut Parameters"
                            name="inout"
                            nullable="true"
                            required="false"
                            type="reference"/>
                     <field label="TaskProperties Parameters"
                            name="taskProperties"
                            nullable="true"
                            required="false"
                            type="reference"/>
                     <field label="Output Parameters"
                            name="output"
                            nullable="true"
                            required="false"
                            type="reference"/>
                     <field label="Fault"
                            name="fault"
                            nullable="true"
                            required="false"
                            type="reference"/>
                  </detail>
               </processObject>
               <processObject xmlns="http://schemas.active-endpoints.com/appmodules/screenflow/2011/06/avosHostEnvironment.xsd"
                              displayName="mct-Salesforce-Reference-Inbound-RecordType"
                              isByCopy="true"
                              name="mct-Salesforce-Reference-Inbound-RecordType">
                  <description/>
                  <tags/>
                  <detail>
                     <field label="InOut Parameters"
                            name="inout"
                            nullable="true"
                            required="false"
                            type="reference"/>
                     <field label="TaskProperties Parameters"
                            name="taskProperties"
                            nullable="true"
                            required="false"
                            type="reference"/>
                     <field label="Output Parameters"
                            name="output"
                            nullable="true"
                            required="false"
                            type="reference"/>
                     <field label="Fault"
                            name="fault"
                            nullable="true"
                            required="false"
                            type="reference"/>
                  </detail>
               </processObject>
               <processObject xmlns="http://schemas.active-endpoints.com/appmodules/screenflow/2011/06/avosHostEnvironment.xsd"
                              displayName="mct-Salesforce-Upsert-Contact-NameId"
                              isByCopy="true"
                              name="mct-Salesforce-Upsert-Contact-NameId">
                  <description/>
                  <tags/>
                  <detail>
                     <field label="TaskProperties Parameters"
                            name="taskProperties"
                            nullable="true"
                            required="false"
                            type="reference"/>
                     <field label="Output Parameters"
                            name="output"
                            nullable="true"
                            required="false"
                            type="reference"/>
                     <field label="Fault"
                            name="fault"
                            nullable="true"
                            required="false"
                            type="reference"/>
                  </detail>
               </processObject>
               <processObject xmlns="http://schemas.active-endpoints.com/appmodules/screenflow/2011/06/avosHostEnvironment.xsd"
                              displayName="mct-Salesforce-usp-Insert-Hierarchy"
                              isByCopy="true"
                              name="mct-Salesforce-usp-Insert-Hierarchy">
                  <description/>
                  <tags/>
                  <detail>
                     <field label="TaskProperties Parameters"
                            name="taskProperties"
                            nullable="true"
                            required="false"
                            type="reference"/>
                     <field label="Output Parameters"
                            name="output"
                            nullable="true"
                            required="false"
                            type="reference"/>
                     <field label="Fault"
                            name="fault"
                            nullable="true"
                            required="false"
                            type="reference"/>
                  </detail>
               </processObject>
            </dependencies>
         </taskflow>
      </types1:Entry>
      <types1:GUID>atPLLjpNM22gb0GqRRlh62</types1:GUID>
      <types1:DisplayName>stf_Salesforce_DCX_Outbound_Prerequisites</types1:DisplayName>
   </types1:Item>
   <types1:CurrentServerDateTime>2022-05-17T19:43:56.134Z</types1:CurrentServerDateTime>
</aetgt:getResponse>
