<aetgt:getResponse xmlns:aetgt="http://schemas.active-endpoints.com/appmodules/repository/2010/10/avrepository.xsd"
                   xmlns:types1="http://schemas.active-endpoints.com/appmodules/repository/2010/10/avrepository.xsd">
   <types1:Item>
      <types1:EntryId>huImXycotFgpKi9-gt-23009224-2022-02-17T15:01:23.115Z::tf.xml</types1:EntryId>
      <types1:Name>stf_Salesforce_DCX_Outbound_Producer</types1:Name>
      <types1:MimeType>application/xml+taskflow</types1:MimeType>
      <types1:Description/>
      <types1:AppliesTo/>
      <types1:Tags/>
      <types1:VersionLabel>1.0</types1:VersionLabel>
      <types1:State>CURRENT</types1:State>
      <types1:ProcessGroup/>
      <types1:CreatedBy>sreenivasa.rao@american-equity.com.SAML2</types1:CreatedBy>
      <types1:CreationDate>2022-02-17T15:01:23Z</types1:CreationDate>
      <types1:ModifiedBy>sreenivasa.rao@american-equity.com.SAML2</types1:ModifiedBy>
      <types1:ModificationDate>2022-05-17T14:28:56Z</types1:ModificationDate>
      <types1:PublicationStatus>published</types1:PublicationStatus>
      <types1:PublishedBy>sreenivasa.rao@american-equity.com.SAML2</types1:PublishedBy>
      <types1:PublicationDate>2022-05-17T14:33:20Z</types1:PublicationDate>
      <types1:PublishedContributionId>project:/tf.stf_Salesforce_DCX_Outbound_Producer/stf_Salesforce_DCX_Outbound_Producer.tf.xml</types1:PublishedContributionId>
      <types1:AutosaveExists>false</types1:AutosaveExists>
      <types1:Entry>
         <taskflow xmlns="http://schemas.active-endpoints.com/appmodules/screenflow/2010/10/avosScreenflow.xsd"
                   xmlns:tfm="http://schemas.active-endpoints.com/appmodules/screenflow/2021/04/taskflowModel.xsd"
                   xmlns:list="urn:activevos:spi:list:functions"
                   displayName="stf_Salesforce_DCX_Outbound_Producer"
                   name="stf_Salesforce_DCX_Outbound_Producer"
                   overrideAPIName="false">
            <parameterSet xmlns="http://schemas.active-endpoints.com/appmodules/screenflow/2021/04/taskflowModel.xsd"/>
            <appliesTo/>
            <description/>
            <tags/>
            <generator>Informatica Process Designer 11</generator>
            <tempFields>
               <field description="" name="Stage Producer" type="reference">
                  <options>
                     <option name="failOnNotRun">true</option>
                     <option name="failOnFault">true</option>
                     <option name="referenceTo">$po:mct-Salesforce-Producer</option>
                  </options>
               </field>
               <field description="" name="Producer" type="reference">
                  <options>
                     <option name="referenceTo">$po:mct-Salesforce-Outbound-To-Salesforce-Producer</option>
                     <option name="failOnNotRun">false</option>
                     <option name="failOnFault">false</option>
                  </options>
               </field>
               <field description="" name="Stage Producer Truncate" type="reference">
                  <options>
                     <option name="referenceTo">$po:mct-Salesforce-Producer-StageTruncate</option>
                  </options>
               </field>
               <field description="" name="Inbound Producer" type="reference">
                  <options>
                     <option name="failOnNotRun">false</option>
                     <option name="failOnFault">false</option>
                     <option name="referenceTo">$po:mct-Salesforce-Reference-Inbound-Producer</option>
                  </options>
               </field>
               <field description="" name="Stage_Producer_Upline" type="reference">
                  <options>
                     <option name="failOnNotRun">false</option>
                     <option name="failOnFault">false</option>
                     <option name="referenceTo">$po:mct-Salesforce-Producer-Upline</option>
                  </options>
               </field>
               <field description="" name="Load Producer Upline" type="reference">
                  <options>
                     <option name="failOnNotRun">false</option>
                     <option name="failOnFault">false</option>
                     <option name="referenceTo">$po:mct-Salesforce-Outbound-To-Salesforce-Producer-Upline</option>
                  </options>
               </field>
               <field description=""
                      name="Truncate stage Producer Upline"
                      type="reference">
                  <options>
                     <option name="failOnNotRun">false</option>
                     <option name="failOnFault">false</option>
                     <option name="referenceTo">$po:mct-Salesforce-Producer-Upline-StageTruncate</option>
                  </options>
               </field>
            </tempFields>
            <notes/>
            <deployment suspendOnFault="false" tracingLevel="verbose">
               <rest/>
            </deployment>
            <flow id="a">
               <start id="b">
                  <link id="kqifr9vf" targetId="kqifr9vj"/>
               </start>
               <eventContainer id="kqifr9vj">
                  <service id="kqifr9ve">
                     <title>Stage Producer</title>
                     <serviceName>ICSExecuteDataTask</serviceName>
                     <serviceGUID/>
                     <serviceInput>
                        <parameter name="Wait for Task to Complete" source="constant" updatable="true">true</parameter>
                        <parameter name="Max Wait" source="constant" updatable="true">604800</parameter>
                        <parameter name="Task Name" source="constant" updatable="true">mct_Salesforce_Producer</parameter>
                        <parameter name="GUID" source="constant" updatable="true">1pyP8XU2FK4lwL4Pzs3e03</parameter>
                        <parameter name="Task Type" source="constant" updatable="true">MCT</parameter>
                        <parameter name="Has Inout Parameters" source="constant" updatable="true">false</parameter>
                        <parameter name="taskField" source="nested">
                           <operation source="field" to="mct-Salesforce-Producer">temp.Stage Producer</operation>
                        </parameter>
                     </serviceInput>
                     <serviceOutput>
                        <operation source="field" to="temp.Stage Producer/output/Object_Name">Object Name</operation>
                        <operation source="field" to="temp.Stage Producer/output/Run_Id">Run Id</operation>
                        <operation source="field" to="temp.Stage Producer/output/Log_Id">Log Id</operation>
                        <operation source="field" to="temp.Stage Producer/output/Task_Id">Task Id</operation>
                        <operation source="field" to="temp.Stage Producer/output/Task_Status">Task Status</operation>
                        <operation source="field" to="temp.Stage Producer/output/Success_Source_Rows">Success Source Rows</operation>
                        <operation source="field" to="temp.Stage Producer/output/Failed_Source_Rows">Failed Source Rows</operation>
                        <operation source="field" to="temp.Stage Producer/output/Success_Target_Rows">Success Target Rows</operation>
                        <operation source="field" to="temp.Stage Producer/output/Failed_Target_Rows">Failed Target Rows</operation>
                        <operation source="field" to="temp.Stage Producer/output/Start_Time">Start Time</operation>
                        <operation source="field" to="temp.Stage Producer/output/End_Time">End Time</operation>
                        <operation source="field" to="temp.Stage Producer/output/Error_Message">Error Message</operation>
                     </serviceOutput>
                  </service>
                  <flow id="krffr1gg">
                     <container id="krffr1gq" type="exclusive">
                        <title>Decision 2</title>
                        <flow id="krffr1h6">
                           <eventContainer id="krffr1jf">
                              <service id="krffr1i6">
                                 <title>Producer</title>
                                 <serviceName>ICSExecuteDataTask</serviceName>
                                 <serviceGUID/>
                                 <serviceInput>
                                    <parameter name="Wait for Task to Complete" source="constant" updatable="true">true</parameter>
                                    <parameter name="Max Wait" source="constant" updatable="true">604800</parameter>
                                    <parameter name="Task Name" source="constant" updatable="true">mct_Salesforce_Outbound_To_Salesforce_Producer</parameter>
                                    <parameter name="GUID" source="constant" updatable="true">5mgjiT8ySYQcj5WoIj05qy</parameter>
                                    <parameter name="Task Type" source="constant" updatable="true">MCT</parameter>
                                    <parameter name="Has Inout Parameters" source="constant" updatable="true">false</parameter>
                                    <parameter name="taskField" source="nested">
                                       <operation source="field" to="mct-Salesforce-Outbound-To-Salesforce-Producer">temp.Producer</operation>
                                    </parameter>
                                 </serviceInput>
                                 <serviceOutput>
                                    <operation source="field" to="temp.Producer/output/Object_Name">Object Name</operation>
                                    <operation source="field" to="temp.Producer/output/Run_Id">Run Id</operation>
                                    <operation source="field" to="temp.Producer/output/Log_Id">Log Id</operation>
                                    <operation source="field" to="temp.Producer/output/Task_Id">Task Id</operation>
                                    <operation source="field" to="temp.Producer/output/Task_Status">Task Status</operation>
                                    <operation source="field" to="temp.Producer/output/Success_Source_Rows">Success Source Rows</operation>
                                    <operation source="field" to="temp.Producer/output/Failed_Source_Rows">Failed Source Rows</operation>
                                    <operation source="field" to="temp.Producer/output/Success_Target_Rows">Success Target Rows</operation>
                                    <operation source="field" to="temp.Producer/output/Failed_Target_Rows">Failed Target Rows</operation>
                                    <operation source="field" to="temp.Producer/output/Start_Time">Start Time</operation>
                                    <operation source="field" to="temp.Producer/output/End_Time">End Time</operation>
                                    <operation source="field" to="temp.Producer/output/Error_Message">Error Message</operation>
                                    <operation source="field" to="temp.Producer/output/TotalTransErrors">Total Transformation Errors</operation>
                                    <operation source="field" to="temp.Producer/output/FirstErrorCode">First Error Code</operation>
                                 </serviceOutput>
                              </service>
                              <link id="kxqb5kvr" targetId="kxqb5kvc"/>
                              <events>
                                 <catch faultField="temp.Producer/fault"
                                        id="kqifr9vp"
                                        interrupting="true"
                                        name="error">
                                    <suspend/>
                                 </catch>
                                 <catch faultField="temp.Producer/fault"
                                        id="kqifr9vq"
                                        interrupting="true"
                                        name="warning"/>
                              </events>
                           </eventContainer>
                           <container id="kxqb5kvc" type="exclusive">
                              <title>Decision 1</title>
                              <flow id="kxqb5kvd">
                                 <eventContainer id="kxqb5kve">
                                    <service id="kxqb5kvh">
                                       <title>Stage Producer Truncate</title>
                                       <serviceName>ICSExecuteDataTask</serviceName>
                                       <serviceGUID/>
                                       <serviceInput>
                                          <parameter name="Wait for Task to Complete" source="constant" updatable="true">true</parameter>
                                          <parameter name="Max Wait" source="constant" updatable="true">604800</parameter>
                                          <parameter name="Task Name" source="constant" updatable="true">mct_Salesforce_Producer_StageTruncate</parameter>
                                          <parameter name="GUID" source="constant" updatable="true">ap7Oe9iCY5dkzEt1pL6i0v</parameter>
                                          <parameter name="Task Type" source="constant" updatable="true">MCT</parameter>
                                          <parameter name="Has Inout Parameters" source="constant" updatable="true">false</parameter>
                                          <parameter name="taskField" source="nested">
                                             <operation source="field" to="mct-Salesforce-Producer-StageTruncate">temp.Stage Producer Truncate</operation>
                                          </parameter>
                                       </serviceInput>
                                       <serviceOutput>
                                          <operation source="field" to="temp.Stage Producer Truncate/output/Object_Name">Object Name</operation>
                                          <operation source="field" to="temp.Stage Producer Truncate/output/Run_Id">Run Id</operation>
                                          <operation source="field" to="temp.Stage Producer Truncate/output/Log_Id">Log Id</operation>
                                          <operation source="field" to="temp.Stage Producer Truncate/output/Task_Id">Task Id</operation>
                                          <operation source="field" to="temp.Stage Producer Truncate/output/Task_Status">Task Status</operation>
                                          <operation source="field"
                                                     to="temp.Stage Producer Truncate/output/Success_Source_Rows">Success Source Rows</operation>
                                          <operation source="field"
                                                     to="temp.Stage Producer Truncate/output/Failed_Source_Rows">Failed Source Rows</operation>
                                          <operation source="field"
                                                     to="temp.Stage Producer Truncate/output/Success_Target_Rows">Success Target Rows</operation>
                                          <operation source="field"
                                                     to="temp.Stage Producer Truncate/output/Failed_Target_Rows">Failed Target Rows</operation>
                                          <operation source="field" to="temp.Stage Producer Truncate/output/Start_Time">Start Time</operation>
                                          <operation source="field" to="temp.Stage Producer Truncate/output/End_Time">End Time</operation>
                                          <operation source="field" to="temp.Stage Producer Truncate/output/Error_Message">Error Message</operation>
                                       </serviceOutput>
                                    </service>
                                    <events>
                                       <catch faultField="temp.Stage Producer Truncate/fault"
                                              id="kqifr9wi"
                                              interrupting="true"
                                              name="error">
                                          <suspend/>
                                       </catch>
                                       <catch faultField="temp.Stage Producer Truncate/fault"
                                              id="kqifr9wj"
                                              interrupting="true"
                                              name="warning"/>
                                    </events>
                                 </eventContainer>
                                 <link id="kxqb5kvl" targetId="kxqb5kvc" type="containerLink"/>
                              </flow>
                              <flow id="kxqb5kvi">
                                 <link id="kxqb5kvq" targetId="kxqb5kvc" type="containerLink"/>
                              </flow>
                              <link id="kxqb5kvj" targetId="kxqb5kvd" type="containerLink">
                                 <condition source="formula">
                                    <function name="contains">
                                       <arg name="left">{$temp.Producer[1]/output[1]/Task_Status}</arg>
                                       <arg name="right">1</arg>
                                    </function>
                                 </condition>
                              </link>
                              <link id="kxqb5kvk" targetId="kxqb5kvi" type="containerLink"/>
                           </container>
                           <link id="krffr1h7" targetId="krffr1gq" type="containerLink"/>
                        </flow>
                        <flow id="krffr1h8">
                           <link id="krffr1h9" targetId="krffr1gq" type="containerLink"/>
                        </flow>
                        <link id="krffr1gz" targetId="krffr1h6" type="containerLink">
                           <condition source="formula">
                              <function name="contains">
                                 <arg name="left">{$temp.StageProducer[1]/output[1]/Task_Status}</arg>
                                 <arg name="right">1</arg>
                              </function>
                           </condition>
                        </link>
                        <link id="krffr1h2" targetId="krffr1h8" type="containerLink"/>
                     </container>
                     <link id="krffr1gh" targetId="kqifr9vj" type="containerLink"/>
                  </flow>
                  <flow id="krffr1gj">
                     <link id="krffr1gk" targetId="kqifr9vj" type="containerLink"/>
                  </flow>
                  <link id="krffr1gf" targetId="krffr1gg" type="containerLink"/>
                  <link id="l330s6vw" targetId="l330s6wc"/>
                  <events>
                     <catch faultField="temp.Stage Producer/fault"
                            id="kqifr9vh"
                            interrupting="true"
                            name="error">
                        <link id="krffr1gi" targetId="krffr1gj" type="containerLink"/>
                     </catch>
                     <catch faultField="temp.Stage Producer/fault"
                            id="kqifr9vi"
                            interrupting="true"
                            name="warning">
                        <suspend/>
                     </catch>
                  </events>
               </eventContainer>
               <eventContainer id="l330s6wc">
                  <service id="l330s6vv">
                     <title>Inbound Producer</title>
                     <serviceName>ICSExecuteDataTask</serviceName>
                     <serviceGUID/>
                     <serviceInput>
                        <parameter name="Wait for Task to Complete" source="constant" updatable="true">true</parameter>
                        <parameter name="Max Wait" source="constant" updatable="true">604800</parameter>
                        <parameter name="Task Name" source="constant" updatable="true">mct_Salesforce_Reference_Inbound_Producer</parameter>
                        <parameter name="GUID" source="constant" updatable="true">1VuUnDFi9s7k9K2yBtoqYa</parameter>
                        <parameter name="Task Type" source="constant" updatable="true">MCT</parameter>
                        <parameter name="Has Inout Parameters" source="constant" updatable="true">true</parameter>
                        <parameter name="taskField" source="nested">
                           <operation source="field" to="mct-Salesforce-Reference-Inbound-Producer">temp.Inbound Producer</operation>
                        </parameter>
                     </serviceInput>
                     <serviceOutput>
                        <operation source="field" to="temp.Inbound Producer/output/Object_Name">Object Name</operation>
                        <operation source="field" to="temp.Inbound Producer/output/Run_Id">Run Id</operation>
                        <operation source="field" to="temp.Inbound Producer/output/Log_Id">Log Id</operation>
                        <operation source="field" to="temp.Inbound Producer/output/Task_Id">Task Id</operation>
                        <operation source="field" to="temp.Inbound Producer/output/Task_Status">Task Status</operation>
                        <operation source="field" to="temp.Inbound Producer/output/Success_Source_Rows">Success Source Rows</operation>
                        <operation source="field" to="temp.Inbound Producer/output/Failed_Source_Rows">Failed Source Rows</operation>
                        <operation source="field" to="temp.Inbound Producer/output/Success_Target_Rows">Success Target Rows</operation>
                        <operation source="field" to="temp.Inbound Producer/output/Failed_Target_Rows">Failed Target Rows</operation>
                        <operation source="field" to="temp.Inbound Producer/output/Start_Time">Start Time</operation>
                        <operation source="field" to="temp.Inbound Producer/output/End_Time">End Time</operation>
                        <operation source="field" to="temp.Inbound Producer/output/Error_Message">Error Message</operation>
                        <operation source="field" to="temp.Inbound Producer/output/TotalTransErrors">Total Transformation Errors</operation>
                        <operation source="field" to="temp.Inbound Producer/output/FirstErrorCode">First Error Code</operation>
                        <operation source="field" to="temp.Inbound Producer/inout/p_LastRun">p_LastRun</operation>
                     </serviceOutput>
                  </service>
                  <flow id="l330s6yu">
                     <container id="l330s6z9" type="exclusive">
                        <title>Decision 3</title>
                        <flow id="l330s6zx">
                           <eventContainer id="l330s724">
                              <service id="l330s71h">
                                 <title>Stage_Producer_Upline</title>
                                 <serviceName>ICSExecuteDataTask</serviceName>
                                 <serviceGUID/>
                                 <serviceInput>
                                    <parameter name="Wait for Task to Complete" source="constant" updatable="true">true</parameter>
                                    <parameter name="Max Wait" source="constant" updatable="true">604800</parameter>
                                    <parameter name="Task Name" source="constant" updatable="true">mct_Salesforce_Producer_Upline</parameter>
                                    <parameter name="GUID" source="constant" updatable="true">i6a0FZ3bBgRcjWCFaWbAYf</parameter>
                                    <parameter name="Task Type" source="constant" updatable="true">MCT</parameter>
                                    <parameter name="Has Inout Parameters" source="constant" updatable="true">false</parameter>
                                    <parameter name="taskField" source="nested">
                                       <operation source="field" to="mct-Salesforce-Producer-Upline">temp.Stage_Producer_Upline</operation>
                                    </parameter>
                                 </serviceInput>
                                 <serviceOutput>
                                    <operation source="field" to="temp.Stage_Producer_Upline/output/Object_Name">Object Name</operation>
                                    <operation source="field" to="temp.Stage_Producer_Upline/output/Run_Id">Run Id</operation>
                                    <operation source="field" to="temp.Stage_Producer_Upline/output/Log_Id">Log Id</operation>
                                    <operation source="field" to="temp.Stage_Producer_Upline/output/Task_Id">Task Id</operation>
                                    <operation source="field" to="temp.Stage_Producer_Upline/output/Task_Status">Task Status</operation>
                                    <operation source="field"
                                               to="temp.Stage_Producer_Upline/output/Success_Source_Rows">Success Source Rows</operation>
                                    <operation source="field"
                                               to="temp.Stage_Producer_Upline/output/Failed_Source_Rows">Failed Source Rows</operation>
                                    <operation source="field"
                                               to="temp.Stage_Producer_Upline/output/Success_Target_Rows">Success Target Rows</operation>
                                    <operation source="field"
                                               to="temp.Stage_Producer_Upline/output/Failed_Target_Rows">Failed Target Rows</operation>
                                    <operation source="field" to="temp.Stage_Producer_Upline/output/Start_Time">Start Time</operation>
                                    <operation source="field" to="temp.Stage_Producer_Upline/output/End_Time">End Time</operation>
                                    <operation source="field" to="temp.Stage_Producer_Upline/output/Error_Message">Error Message</operation>
                                    <operation source="field" to="temp.Stage_Producer_Upline/output/TotalTransErrors">Total Transformation Errors</operation>
                                    <operation source="field" to="temp.Stage_Producer_Upline/output/FirstErrorCode">First Error Code</operation>
                                 </serviceOutput>
                              </service>
                              <flow id="l330s72r">
                                 <container id="l330s74v" type="exclusive">
                                    <title>Decision 4</title>
                                    <flow id="l330s75r">
                                       <eventContainer id="l330s78c">
                                          <service id="l330s77h">
                                             <title>Load Producer Upline</title>
                                             <serviceName>ICSExecuteDataTask</serviceName>
                                             <serviceGUID/>
                                             <serviceInput>
                                                <parameter name="Wait for Task to Complete" source="constant" updatable="true">true</parameter>
                                                <parameter name="Max Wait" source="constant" updatable="true">604800</parameter>
                                                <parameter name="Task Name" source="constant" updatable="true">mct_Salesforce_Outbound_To_Salesforce_Producer_Upline</parameter>
                                                <parameter name="GUID" source="constant" updatable="true">0kY1fzA2vYtewaHRxNfiIB</parameter>
                                                <parameter name="Task Type" source="constant" updatable="true">MCT</parameter>
                                                <parameter name="Has Inout Parameters" source="constant" updatable="true">false</parameter>
                                                <parameter name="taskField" source="nested">
                                                   <operation source="field"
                                                              to="mct-Salesforce-Outbound-To-Salesforce-Producer-Upline">temp.Load Producer Upline</operation>
                                                </parameter>
                                             </serviceInput>
                                             <serviceOutput>
                                                <operation source="field" to="temp.Load Producer Upline/output/Object_Name">Object Name</operation>
                                                <operation source="field" to="temp.Load Producer Upline/output/Run_Id">Run Id</operation>
                                                <operation source="field" to="temp.Load Producer Upline/output/Log_Id">Log Id</operation>
                                                <operation source="field" to="temp.Load Producer Upline/output/Task_Id">Task Id</operation>
                                                <operation source="field" to="temp.Load Producer Upline/output/Task_Status">Task Status</operation>
                                                <operation source="field"
                                                           to="temp.Load Producer Upline/output/Success_Source_Rows">Success Source Rows</operation>
                                                <operation source="field" to="temp.Load Producer Upline/output/Failed_Source_Rows">Failed Source Rows</operation>
                                                <operation source="field"
                                                           to="temp.Load Producer Upline/output/Success_Target_Rows">Success Target Rows</operation>
                                                <operation source="field" to="temp.Load Producer Upline/output/Failed_Target_Rows">Failed Target Rows</operation>
                                                <operation source="field" to="temp.Load Producer Upline/output/Start_Time">Start Time</operation>
                                                <operation source="field" to="temp.Load Producer Upline/output/End_Time">End Time</operation>
                                                <operation source="field" to="temp.Load Producer Upline/output/Error_Message">Error Message</operation>
                                                <operation source="field" to="temp.Load Producer Upline/output/TotalTransErrors">Total Transformation Errors</operation>
                                                <operation source="field" to="temp.Load Producer Upline/output/FirstErrorCode">First Error Code</operation>
                                             </serviceOutput>
                                          </service>
                                          <link id="l330s7bf" targetId="l330s7be"/>
                                          <events>
                                             <catch faultField="temp.Load Producer Upline/fault"
                                                    id="l330s78a"
                                                    interrupting="true"
                                                    name="error">
                                                <suspend/>
                                             </catch>
                                             <catch faultField="temp.Load Producer Upline/fault"
                                                    id="l330s78b"
                                                    interrupting="true"
                                                    name="warning"/>
                                          </events>
                                       </eventContainer>
                                       <container id="l330s7be" type="exclusive">
                                          <title>Decision 5</title>
                                          <flow id="l330s7cf">
                                             <eventContainer id="l330s7fc">
                                                <service id="l330s7ed">
                                                   <title>Truncate stage Producer Upline</title>
                                                   <serviceName>ICSExecuteDataTask</serviceName>
                                                   <serviceGUID/>
                                                   <serviceInput>
                                                      <parameter name="Wait for Task to Complete" source="constant" updatable="true">true</parameter>
                                                      <parameter name="Max Wait" source="constant" updatable="true">604800</parameter>
                                                      <parameter name="Task Name" source="constant" updatable="true">mct_Salesforce_Producer_Upline_StageTruncate</parameter>
                                                      <parameter name="GUID" source="constant" updatable="true">kQWbF1Tg1AEgNxHST4WRiO</parameter>
                                                      <parameter name="Task Type" source="constant" updatable="true">MCT</parameter>
                                                      <parameter name="Has Inout Parameters" source="constant" updatable="true">false</parameter>
                                                      <parameter name="taskField" source="nested">
                                                         <operation source="field" to="mct-Salesforce-Producer-Upline-StageTruncate">temp.Truncate stage Producer Upline</operation>
                                                      </parameter>
                                                   </serviceInput>
                                                   <serviceOutput>
                                                      <operation source="field"
                                                                 to="temp.Truncate stage Producer Upline/output/Object_Name">Object Name</operation>
                                                      <operation source="field" to="temp.Truncate stage Producer Upline/output/Run_Id">Run Id</operation>
                                                      <operation source="field" to="temp.Truncate stage Producer Upline/output/Log_Id">Log Id</operation>
                                                      <operation source="field" to="temp.Truncate stage Producer Upline/output/Task_Id">Task Id</operation>
                                                      <operation source="field"
                                                                 to="temp.Truncate stage Producer Upline/output/Task_Status">Task Status</operation>
                                                      <operation source="field"
                                                                 to="temp.Truncate stage Producer Upline/output/Success_Source_Rows">Success Source Rows</operation>
                                                      <operation source="field"
                                                                 to="temp.Truncate stage Producer Upline/output/Failed_Source_Rows">Failed Source Rows</operation>
                                                      <operation source="field"
                                                                 to="temp.Truncate stage Producer Upline/output/Success_Target_Rows">Success Target Rows</operation>
                                                      <operation source="field"
                                                                 to="temp.Truncate stage Producer Upline/output/Failed_Target_Rows">Failed Target Rows</operation>
                                                      <operation source="field"
                                                                 to="temp.Truncate stage Producer Upline/output/Start_Time">Start Time</operation>
                                                      <operation source="field" to="temp.Truncate stage Producer Upline/output/End_Time">End Time</operation>
                                                      <operation source="field"
                                                                 to="temp.Truncate stage Producer Upline/output/Error_Message">Error Message</operation>
                                                      <operation source="field"
                                                                 to="temp.Truncate stage Producer Upline/output/TotalTransErrors">Total Transformation Errors</operation>
                                                      <operation source="field"
                                                                 to="temp.Truncate stage Producer Upline/output/FirstErrorCode">First Error Code</operation>
                                                   </serviceOutput>
                                                </service>
                                                <events>
                                                   <catch faultField="temp.Truncate stage Producer Upline/fault"
                                                          id="l330s7fa"
                                                          interrupting="true"
                                                          name="error">
                                                      <suspend/>
                                                   </catch>
                                                   <catch faultField="temp.Truncate stage Producer Upline/fault"
                                                          id="l330s7fb"
                                                          interrupting="true"
                                                          name="warning"/>
                                                </events>
                                             </eventContainer>
                                             <link id="l330s7cg" targetId="l330s7be" type="containerLink"/>
                                          </flow>
                                          <flow id="l330s7ch">
                                             <link id="l330s7ci" targetId="l330s7be" type="containerLink"/>
                                          </flow>
                                          <link id="l330s7c8" targetId="l330s7cf" type="containerLink">
                                             <condition source="formula">
                                                <function name="contains">
                                                   <arg name="left">{$temp.LoadProducerUpline[1]/output[1]/Task_Status}</arg>
                                                   <arg name="right">1</arg>
                                                </function>
                                             </condition>
                                          </link>
                                          <link id="l330s7cb" targetId="l330s7ch" type="containerLink"/>
                                       </container>
                                       <link id="l330s75s" targetId="l330s74v" type="containerLink"/>
                                    </flow>
                                    <flow id="l330s75t">
                                       <link id="l330s75u" targetId="l330s74v" type="containerLink"/>
                                    </flow>
                                    <link id="l330s75k" targetId="l330s75r" type="containerLink">
                                       <condition source="formula">
                                          <function name="contains">
                                             <arg name="left">{$temp.Stage_Producer_Upline[1]/output[1]/Task_Status}</arg>
                                             <arg name="right">1</arg>
                                          </function>
                                       </condition>
                                    </link>
                                    <link id="l330s75n" targetId="l330s75t" type="containerLink"/>
                                 </container>
                                 <link id="l330s72s" targetId="l330s724" type="containerLink"/>
                              </flow>
                              <flow id="l330s72u">
                                 <link id="l330s72v" targetId="l330s724" type="containerLink"/>
                              </flow>
                              <link id="l330s72q" targetId="l330s72r" type="containerLink"/>
                              <events>
                                 <catch faultField="temp.Stage_Producer_Upline/fault"
                                        id="l330s722"
                                        interrupting="true"
                                        name="error">
                                    <link id="l330s72t" targetId="l330s72u" type="containerLink"/>
                                 </catch>
                                 <catch faultField="temp.Stage_Producer_Upline/fault"
                                        id="l330s723"
                                        interrupting="true"
                                        name="warning"/>
                              </events>
                           </eventContainer>
                           <link id="l330s6zy" targetId="l330s6z9" type="containerLink"/>
                        </flow>
                        <flow id="l330s6zz">
                           <link id="l330s700" targetId="l330s6z9" type="containerLink"/>
                        </flow>
                        <link id="l330s6zq" targetId="l330s6zx" type="containerLink">
                           <condition source="formula">
                              <function name="contains">
                                 <arg name="left">{$temp.InboundProducer[1]/output[1]/Task_Status}</arg>
                                 <arg name="right">1</arg>
                              </function>
                           </condition>
                        </link>
                        <link id="l330s6zt" targetId="l330s6zz" type="containerLink"/>
                     </container>
                     <link id="l330s6yv" targetId="l330s6wc" type="containerLink"/>
                  </flow>
                  <flow id="l330s6yx">
                     <link id="l330s6yy" targetId="l330s6wc" type="containerLink"/>
                  </flow>
                  <link id="l330s6yt" targetId="l330s6yu" type="containerLink"/>
                  <link id="l330s6vx" targetId="c"/>
                  <events>
                     <catch faultField="temp.Inbound Producer/fault"
                            id="l330s6wa"
                            interrupting="true"
                            name="error">
                        <link id="l330s6yw" targetId="l330s6yx" type="containerLink"/>
                     </catch>
                     <catch faultField="temp.Inbound Producer/fault"
                            id="l330s6wb"
                            interrupting="true"
                            name="warning"/>
                  </events>
               </eventContainer>
               <end id="c"/>
            </flow>
            <dependencies>
               <processObject xmlns="http://schemas.active-endpoints.com/appmodules/screenflow/2011/06/avosHostEnvironment.xsd"
                              displayName="mct-Salesforce-Producer"
                              isByCopy="true"
                              name="mct-Salesforce-Producer">
                  <description/>
                  <tags/>
                  <detail>
                     <field label="TaskProperties Parameters"
                            name="taskProperties"
                            nullable="true"
                            required="false"
                            type="reference"/>
                     <field label="Output Parameters"
                            name="output"
                            nullable="true"
                            required="false"
                            type="reference"/>
                     <field label="Fault"
                            name="fault"
                            nullable="true"
                            required="false"
                            type="reference"/>
                  </detail>
               </processObject>
               <processObject xmlns="http://schemas.active-endpoints.com/appmodules/screenflow/2011/06/avosHostEnvironment.xsd"
                              displayName="mct-Salesforce-Outbound-To-Salesforce-Producer"
                              isByCopy="true"
                              name="mct-Salesforce-Outbound-To-Salesforce-Producer">
                  <description/>
                  <tags/>
                  <detail>
                     <field label="TaskProperties Parameters"
                            name="taskProperties"
                            nullable="true"
                            required="false"
                            type="reference"/>
                     <field label="Output Parameters"
                            name="output"
                            nullable="true"
                            required="false"
                            type="reference"/>
                     <field label="Fault"
                            name="fault"
                            nullable="true"
                            required="false"
                            type="reference"/>
                  </detail>
               </processObject>
               <processObject xmlns="http://schemas.active-endpoints.com/appmodules/screenflow/2011/06/avosHostEnvironment.xsd"
                              displayName="mct-Salesforce-Producer-StageTruncate"
                              isByCopy="true"
                              name="mct-Salesforce-Producer-StageTruncate">
                  <description/>
                  <tags/>
                  <detail>
                     <field label="TaskProperties Parameters"
                            name="taskProperties"
                            nullable="true"
                            required="false"
                            type="reference"/>
                     <field label="Output Parameters"
                            name="output"
                            nullable="true"
                            required="false"
                            type="reference"/>
                     <field label="Fault"
                            name="fault"
                            nullable="true"
                            required="false"
                            type="reference"/>
                  </detail>
               </processObject>
               <processObject xmlns="http://schemas.active-endpoints.com/appmodules/screenflow/2011/06/avosHostEnvironment.xsd"
                              displayName="mct-Salesforce-Reference-Inbound-Producer"
                              isByCopy="true"
                              name="mct-Salesforce-Reference-Inbound-Producer">
                  <description/>
                  <tags/>
                  <detail>
                     <field label="InOut Parameters"
                            name="inout"
                            nullable="true"
                            required="false"
                            type="reference"/>
                     <field label="TaskProperties Parameters"
                            name="taskProperties"
                            nullable="true"
                            required="false"
                            type="reference"/>
                     <field label="Output Parameters"
                            name="output"
                            nullable="true"
                            required="false"
                            type="reference"/>
                     <field label="Fault"
                            name="fault"
                            nullable="true"
                            required="false"
                            type="reference"/>
                  </detail>
               </processObject>
               <processObject xmlns="http://schemas.active-endpoints.com/appmodules/screenflow/2011/06/avosHostEnvironment.xsd"
                              displayName="mct-Salesforce-Producer-Upline"
                              isByCopy="true"
                              name="mct-Salesforce-Producer-Upline">
                  <description/>
                  <tags/>
                  <detail>
                     <field label="TaskProperties Parameters"
                            name="taskProperties"
                            nullable="true"
                            required="false"
                            type="reference"/>
                     <field label="Output Parameters"
                            name="output"
                            nullable="true"
                            required="false"
                            type="reference"/>
                     <field label="Fault"
                            name="fault"
                            nullable="true"
                            required="false"
                            type="reference"/>
                  </detail>
               </processObject>
               <processObject xmlns="http://schemas.active-endpoints.com/appmodules/screenflow/2011/06/avosHostEnvironment.xsd"
                              displayName="mct-Salesforce-Outbound-To-Salesforce-Producer-Upline"
                              isByCopy="true"
                              name="mct-Salesforce-Outbound-To-Salesforce-Producer-Upline">
                  <description/>
                  <tags/>
                  <detail>
                     <field label="TaskProperties Parameters"
                            name="taskProperties"
                            nullable="true"
                            required="false"
                            type="reference"/>
                     <field label="Output Parameters"
                            name="output"
                            nullable="true"
                            required="false"
                            type="reference"/>
                     <field label="Fault"
                            name="fault"
                            nullable="true"
                            required="false"
                            type="reference"/>
                  </detail>
               </processObject>
               <processObject xmlns="http://schemas.active-endpoints.com/appmodules/screenflow/2011/06/avosHostEnvironment.xsd"
                              displayName="mct-Salesforce-Producer-Upline-StageTruncate"
                              isByCopy="true"
                              name="mct-Salesforce-Producer-Upline-StageTruncate">
                  <description/>
                  <tags/>
                  <detail>
                     <field label="TaskProperties Parameters"
                            name="taskProperties"
                            nullable="true"
                            required="false"
                            type="reference"/>
                     <field label="Output Parameters"
                            name="output"
                            nullable="true"
                            required="false"
                            type="reference"/>
                     <field label="Fault"
                            name="fault"
                            nullable="true"
                            required="false"
                            type="reference"/>
                  </detail>
               </processObject>
            </dependencies>
         </taskflow>
      </types1:Entry>
      <types1:GUID>1F9XMyzN7yljncIcEFlnaA</types1:GUID>
      <types1:DisplayName>stf_Salesforce_DCX_Outbound_Producer</types1:DisplayName>
   </types1:Item>
   <types1:CurrentServerDateTime>2022-05-17T19:43:56.181Z</types1:CurrentServerDateTime>
</aetgt:getResponse>
