<aetgt:getResponse xmlns:aetgt="http://schemas.active-endpoints.com/appmodules/repository/2010/10/avrepository.xsd"
                   xmlns:types1="http://schemas.active-endpoints.com/appmodules/repository/2010/10/avrepository.xsd">
   <types1:Item>
      <types1:EntryId>clJKoJBUhtycotF-gt-35403204-2021-12-30T15:52:39.043Z::tf.xml</types1:EntryId>
      <types1:Name>stf_SF_Delete-1</types1:Name>
      <types1:MimeType>application/xml+taskflow</types1:MimeType>
      <types1:Description/>
      <types1:AppliesTo/>
      <types1:Tags/>
      <types1:VersionLabel>1.0</types1:VersionLabel>
      <types1:State>CURRENT</types1:State>
      <types1:ProcessGroup/>
      <types1:CreatedBy>sreenivasa.rao</types1:CreatedBy>
      <types1:CreationDate>2021-12-30T15:52:39Z</types1:CreationDate>
      <types1:ModifiedBy>sreenivasa.rao@american-equity.com.SAML2</types1:ModifiedBy>
      <types1:ModificationDate>2022-05-16T15:08:36Z</types1:ModificationDate>
      <types1:PublicationStatus>out-of-date</types1:PublicationStatus>
      <types1:PublishedBy>anastasia.vogelaar@american-equity.com.SAML</types1:PublishedBy>
      <types1:PublicationDate>2021-12-30T18:23:24Z</types1:PublicationDate>
      <types1:PublishedContributionId>project:/tf.stf_SF_Delete-1/stf_SF_Delete-1.tf.xml</types1:PublishedContributionId>
      <types1:AutosaveExists>false</types1:AutosaveExists>
      <types1:Entry>
         <taskflow xmlns="http://schemas.active-endpoints.com/appmodules/screenflow/2010/10/avosScreenflow.xsd"
                   xmlns:tfm="http://schemas.active-endpoints.com/appmodules/screenflow/2021/04/taskflowModel.xsd"
                   xmlns:list="urn:activevos:spi:list:functions"
                   displayName="stf_SF_Delete"
                   name="stf_SF_Delete-1"
                   overrideAPIName="false">
            <parameterSet xmlns="http://schemas.active-endpoints.com/appmodules/screenflow/2021/04/taskflowModel.xsd"/>
            <appliesTo/>
            <description/>
            <tags/>
            <generator>Informatica Process Designer 11</generator>
            <tempFields>
               <field description="" name="Document_c" type="reference">
                  <options>
                     <option name="failOnNotRun">false</option>
                     <option name="failOnFault">false</option>
                     <option name="referenceTo">$po:mct-Document-Delete</option>
                  </options>
               </field>
               <field description="" name="Allocation" type="reference">
                  <options>
                     <option name="failOnNotRun">false</option>
                     <option name="failOnFault">false</option>
                     <option name="referenceTo">$po:mct-Allocation-Delete</option>
                  </options>
               </field>
               <field description="" name="ProducerPolicyAssignment" type="reference">
                  <options>
                     <option name="failOnNotRun">false</option>
                     <option name="failOnFault">false</option>
                     <option name="referenceTo">$po:m-ProducerPolicyAssignment-Delete</option>
                  </options>
               </field>
               <field description="" name="InsurancePolicyParticipant" type="reference">
                  <options>
                     <option name="failOnNotRun">false</option>
                     <option name="failOnFault">false</option>
                     <option name="referenceTo">$po:mct-InsurancePolicyParticipant-Delete</option>
                  </options>
               </field>
               <field description="" name="Account_Address" type="reference">
                  <options>
                     <option name="failOnNotRun">false</option>
                     <option name="failOnFault">false</option>
                     <option name="referenceTo">$po:mct-Account-Address-Delete</option>
                  </options>
               </field>
               <field description="" name="InsurancePolicy" type="reference">
                  <options>
                     <option name="failOnNotRun">false</option>
                     <option name="failOnFault">false</option>
                     <option name="referenceTo">$po:mct-InsurancePolicy-Delete</option>
                  </options>
               </field>
               <field description="" name="Producer_Address" type="reference">
                  <options>
                     <option name="failOnNotRun">false</option>
                     <option name="failOnFault">false</option>
                     <option name="referenceTo">$po:mct-Producer-Address-Delete</option>
                  </options>
               </field>
               <field description="" name="Producer" type="reference">
                  <options>
                     <option name="failOnNotRun">false</option>
                     <option name="failOnFault">false</option>
                     <option name="referenceTo">$po:mct-Producer-Delete</option>
                  </options>
               </field>
               <field description="" name="Contact" type="reference">
                  <options>
                     <option name="failOnNotRun">false</option>
                     <option name="failOnFault">false</option>
                     <option name="referenceTo">$po:mct-Contact-Delete</option>
                  </options>
               </field>
               <field description="" name="Product" type="reference">
                  <options>
                     <option name="failOnNotRun">false</option>
                     <option name="failOnFault">false</option>
                     <option name="referenceTo">$po:mct-Product-Delete</option>
                  </options>
               </field>
               <field description="" name="Address__c" type="reference">
                  <options>
                     <option name="failOnNotRun">false</option>
                     <option name="failOnFault">false</option>
                     <option name="referenceTo">$po:mct-Address-Delete</option>
                  </options>
               </field>
               <field description="" name="Account" type="reference">
                  <options>
                     <option name="failOnNotRun">false</option>
                     <option name="failOnFault">false</option>
                     <option name="referenceTo">$po:mct-Account-Delete</option>
                  </options>
               </field>
               <field description="" name="Sub Account" type="reference">
                  <options>
                     <option name="failOnNotRun">false</option>
                     <option name="failOnFault">false</option>
                     <option name="referenceTo">$po:mct-Sub-Account-Delete</option>
                  </options>
               </field>
               <field description="" name="Upline_Producer" type="reference">
                  <options>
                     <option name="failOnNotRun">false</option>
                     <option name="failOnFault">false</option>
                     <option name="referenceTo">$po:mct-Upline-Producer-Delete</option>
                  </options>
               </field>
            </tempFields>
            <notes/>
            <deployment suspendOnFault="false" tracingLevel="verbose">
               <rest/>
            </deployment>
            <flow id="a">
               <start id="b">
                  <link id="kv16nlfk" targetId="kv16nlfj"/>
               </start>
               <container id="kv16nlfj" type="parallel">
                  <title>Parallel Paths 1</title>
                  <flow id="kv16nlft">
                     <eventContainer id="kv16nlh0">
                        <service id="kv16nlgn">
                           <title>Document_c</title>
                           <serviceName>ICSExecuteDataTask</serviceName>
                           <serviceGUID/>
                           <serviceInput>
                              <parameter name="Wait for Task to Complete" source="constant" updatable="true">true</parameter>
                              <parameter name="Max Wait" source="constant" updatable="true">604800</parameter>
                              <parameter name="Task Name" source="constant" updatable="true">mct_Document_Delete</parameter>
                              <parameter name="GUID" source="constant" updatable="true">cxkqVrxrtczbV2M8lLm36G</parameter>
                              <parameter name="Task Type" source="constant" updatable="true">MCT</parameter>
                              <parameter name="Has Inout Parameters" source="constant" updatable="true">false</parameter>
                              <parameter name="taskField" source="nested">
                                 <operation source="field" to="mct-Document-Delete">temp.Document_c</operation>
                              </parameter>
                           </serviceInput>
                           <serviceOutput>
                              <operation source="field" to="temp.Document_c/output/Object_Name">Object Name</operation>
                              <operation source="field" to="temp.Document_c/output/Run_Id">Run Id</operation>
                              <operation source="field" to="temp.Document_c/output/Log_Id">Log Id</operation>
                              <operation source="field" to="temp.Document_c/output/Task_Id">Task Id</operation>
                              <operation source="field" to="temp.Document_c/output/Task_Status">Task Status</operation>
                              <operation source="field" to="temp.Document_c/output/Success_Source_Rows">Success Source Rows</operation>
                              <operation source="field" to="temp.Document_c/output/Failed_Source_Rows">Failed Source Rows</operation>
                              <operation source="field" to="temp.Document_c/output/Success_Target_Rows">Success Target Rows</operation>
                              <operation source="field" to="temp.Document_c/output/Failed_Target_Rows">Failed Target Rows</operation>
                              <operation source="field" to="temp.Document_c/output/Start_Time">Start Time</operation>
                              <operation source="field" to="temp.Document_c/output/End_Time">End Time</operation>
                              <operation source="field" to="temp.Document_c/output/Error_Message">Error Message</operation>
                              <operation source="field" to="temp.Document_c/output/TotalTransErrors">Total Transformation Errors</operation>
                              <operation source="field" to="temp.Document_c/output/FirstErrorCode">First Error Code</operation>
                           </serviceOutput>
                        </service>
                        <flow id="kv16nlil">
                           <link id="kv16nlim" targetId="kv16nlh0" type="containerLink"/>
                        </flow>
                        <flow id="kv16nlio">
                           <link id="kv16nlip" targetId="kv16nlh0" type="containerLink"/>
                        </flow>
                        <link id="kv16nlik" targetId="kv16nlil" type="containerLink"/>
                        <events>
                           <catch faultField="temp.Document_c/fault"
                                  id="kv16nlgy"
                                  interrupting="true"
                                  name="error">
                              <link id="kv16nlin" targetId="kv16nlio" type="containerLink"/>
                           </catch>
                           <catch faultField="temp.Document_c/fault"
                                  id="kv16nlgz"
                                  interrupting="true"
                                  name="warning"/>
                        </events>
                     </eventContainer>
                     <link id="kv16nlfu" targetId="kv16nlfj" type="containerLink"/>
                  </flow>
                  <flow id="kv16nlfv">
                     <eventContainer id="kv16nljf">
                        <service id="kv16nliy">
                           <title>Allocation</title>
                           <serviceName>ICSExecuteDataTask</serviceName>
                           <serviceGUID/>
                           <serviceInput>
                              <parameter name="Wait for Task to Complete" source="constant" updatable="true">true</parameter>
                              <parameter name="Max Wait" source="constant" updatable="true">604800</parameter>
                              <parameter name="Task Name" source="constant" updatable="true">mct_Allocation_Delete</parameter>
                              <parameter name="GUID" source="constant" updatable="true">5ZMbEX2GbrHcsl4Z6nrQS7</parameter>
                              <parameter name="Task Type" source="constant" updatable="true">MCT</parameter>
                              <parameter name="Has Inout Parameters" source="constant" updatable="true">false</parameter>
                              <parameter name="taskField" source="nested">
                                 <operation source="field" to="mct-Allocation-Delete">temp.Allocation</operation>
                              </parameter>
                           </serviceInput>
                           <serviceOutput>
                              <operation source="field" to="temp.Allocation/output/Object_Name">Object Name</operation>
                              <operation source="field" to="temp.Allocation/output/Run_Id">Run Id</operation>
                              <operation source="field" to="temp.Allocation/output/Log_Id">Log Id</operation>
                              <operation source="field" to="temp.Allocation/output/Task_Id">Task Id</operation>
                              <operation source="field" to="temp.Allocation/output/Task_Status">Task Status</operation>
                              <operation source="field" to="temp.Allocation/output/Success_Source_Rows">Success Source Rows</operation>
                              <operation source="field" to="temp.Allocation/output/Failed_Source_Rows">Failed Source Rows</operation>
                              <operation source="field" to="temp.Allocation/output/Success_Target_Rows">Success Target Rows</operation>
                              <operation source="field" to="temp.Allocation/output/Failed_Target_Rows">Failed Target Rows</operation>
                              <operation source="field" to="temp.Allocation/output/Start_Time">Start Time</operation>
                              <operation source="field" to="temp.Allocation/output/End_Time">End Time</operation>
                              <operation source="field" to="temp.Allocation/output/Error_Message">Error Message</operation>
                              <operation source="field" to="temp.Allocation/output/TotalTransErrors">Total Transformation Errors</operation>
                              <operation source="field" to="temp.Allocation/output/FirstErrorCode">First Error Code</operation>
                           </serviceOutput>
                        </service>
                        <flow id="kv16nll8">
                           <link id="kv16nll9" targetId="kv16nljf" type="containerLink"/>
                        </flow>
                        <flow id="kv16nllb">
                           <link id="kv16nllc" targetId="kv16nljf" type="containerLink"/>
                        </flow>
                        <link id="kv16nll7" targetId="kv16nll8" type="containerLink"/>
                        <events>
                           <catch faultField="temp.Allocation/fault"
                                  id="kv16nljd"
                                  interrupting="true"
                                  name="error">
                              <link id="kv16nlla" targetId="kv16nllb" type="containerLink"/>
                           </catch>
                           <catch faultField="temp.Allocation/fault"
                                  id="kv16nlje"
                                  interrupting="true"
                                  name="warning"/>
                        </events>
                     </eventContainer>
                     <link id="kv16nlfw" targetId="kv16nlfj" type="containerLink"/>
                  </flow>
                  <flow id="kv16nlg2">
                     <eventContainer id="kv16nlm8">
                        <service id="kv16nlln">
                           <title>ProducerPolicyAssignment</title>
                           <serviceName>ICSExecuteDataTask</serviceName>
                           <serviceGUID/>
                           <serviceInput>
                              <parameter name="Wait for Task to Complete" source="constant" updatable="true">true</parameter>
                              <parameter name="Max Wait" source="constant" updatable="true">604800</parameter>
                              <parameter name="Task Name" source="constant" updatable="true">m_ProducerPolicyAssignment_Delete</parameter>
                              <parameter name="GUID" source="constant" updatable="true">2ezX6nLeFn3gpTNbRM1ueH</parameter>
                              <parameter name="Task Type" source="constant" updatable="true">MCT</parameter>
                              <parameter name="Has Inout Parameters" source="constant" updatable="true">false</parameter>
                              <parameter name="taskField" source="nested">
                                 <operation source="field" to="m-ProducerPolicyAssignment-Delete">temp.ProducerPolicyAssignment</operation>
                              </parameter>
                           </serviceInput>
                           <serviceOutput>
                              <operation source="field" to="temp.ProducerPolicyAssignment/output/Object_Name">Object Name</operation>
                              <operation source="field" to="temp.ProducerPolicyAssignment/output/Run_Id">Run Id</operation>
                              <operation source="field" to="temp.ProducerPolicyAssignment/output/Log_Id">Log Id</operation>
                              <operation source="field" to="temp.ProducerPolicyAssignment/output/Task_Id">Task Id</operation>
                              <operation source="field" to="temp.ProducerPolicyAssignment/output/Task_Status">Task Status</operation>
                              <operation source="field"
                                         to="temp.ProducerPolicyAssignment/output/Success_Source_Rows">Success Source Rows</operation>
                              <operation source="field"
                                         to="temp.ProducerPolicyAssignment/output/Failed_Source_Rows">Failed Source Rows</operation>
                              <operation source="field"
                                         to="temp.ProducerPolicyAssignment/output/Success_Target_Rows">Success Target Rows</operation>
                              <operation source="field"
                                         to="temp.ProducerPolicyAssignment/output/Failed_Target_Rows">Failed Target Rows</operation>
                              <operation source="field" to="temp.ProducerPolicyAssignment/output/Start_Time">Start Time</operation>
                              <operation source="field" to="temp.ProducerPolicyAssignment/output/End_Time">End Time</operation>
                              <operation source="field" to="temp.ProducerPolicyAssignment/output/Error_Message">Error Message</operation>
                              <operation source="field"
                                         to="temp.ProducerPolicyAssignment/output/TotalTransErrors">Total Transformation Errors</operation>
                              <operation source="field" to="temp.ProducerPolicyAssignment/output/FirstErrorCode">First Error Code</operation>
                           </serviceOutput>
                        </service>
                        <flow id="kv16nlwe">
                           <link id="kv16nlwf" targetId="kv16nlm8" type="containerLink"/>
                        </flow>
                        <flow id="kv16nlwh">
                           <link id="kv16nlwi" targetId="kv16nlm8" type="containerLink"/>
                        </flow>
                        <link id="kv16nlwd" targetId="kv16nlwe" type="containerLink"/>
                        <events>
                           <catch faultField="temp.ProducerPolicyAssignment/fault"
                                  id="kv16nlm6"
                                  interrupting="true"
                                  name="error">
                              <link id="kv16nlwg" targetId="kv16nlwh" type="containerLink"/>
                           </catch>
                           <catch faultField="temp.ProducerPolicyAssignment/fault"
                                  id="kv16nlm7"
                                  interrupting="true"
                                  name="warning"/>
                        </events>
                     </eventContainer>
                     <link id="kv16nlg3" targetId="kv16nlfj" type="containerLink"/>
                  </flow>
                  <flow id="kv16nlg8">
                     <eventContainer id="kv16nlp3">
                        <service id="kv16nloi">
                           <title>InsurancePolicyParticipant</title>
                           <serviceName>ICSExecuteDataTask</serviceName>
                           <serviceGUID/>
                           <serviceInput>
                              <parameter name="Wait for Task to Complete" source="constant" updatable="true">true</parameter>
                              <parameter name="Max Wait" source="constant" updatable="true">604800</parameter>
                              <parameter name="Task Name" source="constant" updatable="true">mct_InsurancePolicyParticipant_Delete</parameter>
                              <parameter name="GUID" source="constant" updatable="true">33iPWUt7b5WfMNn5aimau0</parameter>
                              <parameter name="Task Type" source="constant" updatable="true">MCT</parameter>
                              <parameter name="Has Inout Parameters" source="constant" updatable="true">false</parameter>
                              <parameter name="taskField" source="nested">
                                 <operation source="field" to="mct-InsurancePolicyParticipant-Delete">temp.InsurancePolicyParticipant</operation>
                              </parameter>
                           </serviceInput>
                           <serviceOutput>
                              <operation source="field" to="temp.InsurancePolicyParticipant/output/Object_Name">Object Name</operation>
                              <operation source="field" to="temp.InsurancePolicyParticipant/output/Run_Id">Run Id</operation>
                              <operation source="field" to="temp.InsurancePolicyParticipant/output/Log_Id">Log Id</operation>
                              <operation source="field" to="temp.InsurancePolicyParticipant/output/Task_Id">Task Id</operation>
                              <operation source="field" to="temp.InsurancePolicyParticipant/output/Task_Status">Task Status</operation>
                              <operation source="field"
                                         to="temp.InsurancePolicyParticipant/output/Success_Source_Rows">Success Source Rows</operation>
                              <operation source="field"
                                         to="temp.InsurancePolicyParticipant/output/Failed_Source_Rows">Failed Source Rows</operation>
                              <operation source="field"
                                         to="temp.InsurancePolicyParticipant/output/Success_Target_Rows">Success Target Rows</operation>
                              <operation source="field"
                                         to="temp.InsurancePolicyParticipant/output/Failed_Target_Rows">Failed Target Rows</operation>
                              <operation source="field" to="temp.InsurancePolicyParticipant/output/Start_Time">Start Time</operation>
                              <operation source="field" to="temp.InsurancePolicyParticipant/output/End_Time">End Time</operation>
                              <operation source="field"
                                         to="temp.InsurancePolicyParticipant/output/Error_Message">Error Message</operation>
                              <operation source="field"
                                         to="temp.InsurancePolicyParticipant/output/TotalTransErrors">Total Transformation Errors</operation>
                              <operation source="field"
                                         to="temp.InsurancePolicyParticipant/output/FirstErrorCode">First Error Code</operation>
                           </serviceOutput>
                        </service>
                        <flow id="kv16nlve">
                           <link id="kv16nlvf" targetId="kv16nlp3" type="containerLink"/>
                        </flow>
                        <flow id="kv16nlvh">
                           <link id="kv16nlvi" targetId="kv16nlp3" type="containerLink"/>
                        </flow>
                        <link id="kv16nlvd" targetId="kv16nlve" type="containerLink"/>
                        <events>
                           <catch faultField="temp.InsurancePolicyParticipant/fault"
                                  id="kv16nlp1"
                                  interrupting="true"
                                  name="error">
                              <link id="kv16nlvg" targetId="kv16nlvh" type="containerLink"/>
                           </catch>
                           <catch faultField="temp.InsurancePolicyParticipant/fault"
                                  id="kv16nlp2"
                                  interrupting="true"
                                  name="warning"/>
                        </events>
                     </eventContainer>
                     <link id="kv16nlg9" targetId="kv16nlfj" type="containerLink"/>
                  </flow>
                  <flow id="kv16nlgf">
                     <eventContainer id="kv16nls6">
                        <service id="kv16nlrl">
                           <title>Account_Address</title>
                           <serviceName>ICSExecuteDataTask</serviceName>
                           <serviceGUID/>
                           <serviceInput>
                              <parameter name="Wait for Task to Complete" source="constant" updatable="true">true</parameter>
                              <parameter name="Max Wait" source="constant" updatable="true">604800</parameter>
                              <parameter name="Task Name" source="constant" updatable="true">mct_Account_Address_Delete</parameter>
                              <parameter name="GUID" source="constant" updatable="true">2cuDFU7OZi9lBBDbG1ZRW8</parameter>
                              <parameter name="Task Type" source="constant" updatable="true">MCT</parameter>
                              <parameter name="Has Inout Parameters" source="constant" updatable="true">false</parameter>
                              <parameter name="taskField" source="nested">
                                 <operation source="field" to="mct-Account-Address-Delete">temp.Account_Address</operation>
                              </parameter>
                           </serviceInput>
                           <serviceOutput>
                              <operation source="field" to="temp.Account_Address/output/Object_Name">Object Name</operation>
                              <operation source="field" to="temp.Account_Address/output/Run_Id">Run Id</operation>
                              <operation source="field" to="temp.Account_Address/output/Log_Id">Log Id</operation>
                              <operation source="field" to="temp.Account_Address/output/Task_Id">Task Id</operation>
                              <operation source="field" to="temp.Account_Address/output/Task_Status">Task Status</operation>
                              <operation source="field" to="temp.Account_Address/output/Success_Source_Rows">Success Source Rows</operation>
                              <operation source="field" to="temp.Account_Address/output/Failed_Source_Rows">Failed Source Rows</operation>
                              <operation source="field" to="temp.Account_Address/output/Success_Target_Rows">Success Target Rows</operation>
                              <operation source="field" to="temp.Account_Address/output/Failed_Target_Rows">Failed Target Rows</operation>
                              <operation source="field" to="temp.Account_Address/output/Start_Time">Start Time</operation>
                              <operation source="field" to="temp.Account_Address/output/End_Time">End Time</operation>
                              <operation source="field" to="temp.Account_Address/output/Error_Message">Error Message</operation>
                              <operation source="field" to="temp.Account_Address/output/TotalTransErrors">Total Transformation Errors</operation>
                              <operation source="field" to="temp.Account_Address/output/FirstErrorCode">First Error Code</operation>
                           </serviceOutput>
                        </service>
                        <flow id="kv16nlug">
                           <link id="kv16nluh" targetId="kv16nls6" type="containerLink"/>
                        </flow>
                        <flow id="kv16nluj">
                           <link id="kv16nluk" targetId="kv16nls6" type="containerLink"/>
                        </flow>
                        <link id="kv16nluf" targetId="kv16nlug" type="containerLink"/>
                        <events>
                           <catch faultField="temp.Account_Address/fault"
                                  id="kv16nls4"
                                  interrupting="true"
                                  name="error">
                              <link id="kv16nlui" targetId="kv16nluj" type="containerLink"/>
                           </catch>
                           <catch faultField="temp.Account_Address/fault"
                                  id="kv16nls5"
                                  interrupting="true"
                                  name="warning"/>
                        </events>
                     </eventContainer>
                     <link id="kv16nlgg" targetId="kv16nlfj" type="containerLink"/>
                  </flow>
                  <flow id="l2us0ey8">
                     <eventContainer id="l2us0f1k">
                        <service id="l2us0ezd">
                           <title>Upline_Producer</title>
                           <serviceName>ICSExecuteDataTask</serviceName>
                           <serviceGUID/>
                           <serviceInput>
                              <parameter name="Wait for Task to Complete" source="constant" updatable="true">true</parameter>
                              <parameter name="Max Wait" source="constant" updatable="true">604800</parameter>
                              <parameter name="Task Name" source="constant" updatable="true">mct_Upline_Producer_Delete</parameter>
                              <parameter name="GUID" source="constant" updatable="true">8WCNwWxUwUDkuDi6Eb80IH</parameter>
                              <parameter name="Task Type" source="constant" updatable="true">MCT</parameter>
                              <parameter name="Has Inout Parameters" source="constant" updatable="true">false</parameter>
                              <parameter name="taskField" source="nested">
                                 <operation source="field" to="mct-Upline-Producer-Delete">temp.Upline_Producer</operation>
                              </parameter>
                           </serviceInput>
                           <serviceOutput>
                              <operation source="field" to="temp.Upline_Producer/output/Object_Name">Object Name</operation>
                              <operation source="field" to="temp.Upline_Producer/output/Run_Id">Run Id</operation>
                              <operation source="field" to="temp.Upline_Producer/output/Log_Id">Log Id</operation>
                              <operation source="field" to="temp.Upline_Producer/output/Task_Id">Task Id</operation>
                              <operation source="field" to="temp.Upline_Producer/output/Task_Status">Task Status</operation>
                              <operation source="field" to="temp.Upline_Producer/output/Success_Source_Rows">Success Source Rows</operation>
                              <operation source="field" to="temp.Upline_Producer/output/Failed_Source_Rows">Failed Source Rows</operation>
                              <operation source="field" to="temp.Upline_Producer/output/Success_Target_Rows">Success Target Rows</operation>
                              <operation source="field" to="temp.Upline_Producer/output/Failed_Target_Rows">Failed Target Rows</operation>
                              <operation source="field" to="temp.Upline_Producer/output/Start_Time">Start Time</operation>
                              <operation source="field" to="temp.Upline_Producer/output/End_Time">End Time</operation>
                              <operation source="field" to="temp.Upline_Producer/output/Error_Message">Error Message</operation>
                              <operation source="field" to="temp.Upline_Producer/output/TotalTransErrors">Total Transformation Errors</operation>
                              <operation source="field" to="temp.Upline_Producer/output/FirstErrorCode">First Error Code</operation>
                           </serviceOutput>
                        </service>
                        <flow id="l2us0f6t">
                           <link id="l2us0f6u" targetId="l2us0f1k" type="containerLink"/>
                        </flow>
                        <flow id="l2us0f6w">
                           <link id="l2us0f6x" targetId="l2us0f1k" type="containerLink"/>
                        </flow>
                        <link id="l2us0f6s" targetId="l2us0f6t" type="containerLink"/>
                        <events>
                           <catch faultField="temp.Upline_Producer/fault"
                                  id="l2us0f1i"
                                  interrupting="true"
                                  name="error">
                              <link id="l2us0f6v" targetId="l2us0f6w" type="containerLink"/>
                           </catch>
                           <catch faultField="temp.Upline_Producer/fault"
                                  id="l2us0f1j"
                                  interrupting="true"
                                  name="warning"/>
                        </events>
                     </eventContainer>
                     <link id="l2us0ey9" targetId="kv16nlfj" type="containerLink"/>
                  </flow>
                  <link id="kv16nlfm" targetId="kv16nlft" type="containerLink"/>
                  <link id="kv16nlfp" targetId="kv16nlfv" type="containerLink"/>
                  <link id="kv16nlg1" targetId="kv16nlg2" type="containerLink"/>
                  <link id="kv16nlg7" targetId="kv16nlg8" type="containerLink"/>
                  <link id="kv16nlge" targetId="kv16nlgf" type="containerLink"/>
                  <link id="l2us0ey7" targetId="l2us0ey8" type="containerLink"/>
                  <link id="kv16nly9" targetId="kv16nly8"/>
               </container>
               <container id="kv16nly8" type="parallel">
                  <title>Parallel Paths 2</title>
                  <flow id="kv16nlzc">
                     <eventContainer id="kv16nm1g">
                        <service id="kv16nm0f">
                           <title>InsurancePolicy</title>
                           <serviceName>ICSExecuteDataTask</serviceName>
                           <serviceGUID/>
                           <serviceInput>
                              <parameter name="Wait for Task to Complete" source="constant" updatable="true">true</parameter>
                              <parameter name="Max Wait" source="constant" updatable="true">604800</parameter>
                              <parameter name="Task Name" source="constant" updatable="true">mct_InsurancePolicy_Delete</parameter>
                              <parameter name="GUID" source="constant" updatable="true">1g1SJrf1Y39cuMdgXSn1C4</parameter>
                              <parameter name="Task Type" source="constant" updatable="true">MCT</parameter>
                              <parameter name="Has Inout Parameters" source="constant" updatable="true">false</parameter>
                              <parameter name="taskField" source="nested">
                                 <operation source="field" to="mct-InsurancePolicy-Delete">temp.InsurancePolicy</operation>
                              </parameter>
                           </serviceInput>
                           <serviceOutput>
                              <operation source="field" to="temp.InsurancePolicy/output/Object_Name">Object Name</operation>
                              <operation source="field" to="temp.InsurancePolicy/output/Run_Id">Run Id</operation>
                              <operation source="field" to="temp.InsurancePolicy/output/Log_Id">Log Id</operation>
                              <operation source="field" to="temp.InsurancePolicy/output/Task_Id">Task Id</operation>
                              <operation source="field" to="temp.InsurancePolicy/output/Task_Status">Task Status</operation>
                              <operation source="field" to="temp.InsurancePolicy/output/Success_Source_Rows">Success Source Rows</operation>
                              <operation source="field" to="temp.InsurancePolicy/output/Failed_Source_Rows">Failed Source Rows</operation>
                              <operation source="field" to="temp.InsurancePolicy/output/Success_Target_Rows">Success Target Rows</operation>
                              <operation source="field" to="temp.InsurancePolicy/output/Failed_Target_Rows">Failed Target Rows</operation>
                              <operation source="field" to="temp.InsurancePolicy/output/Start_Time">Start Time</operation>
                              <operation source="field" to="temp.InsurancePolicy/output/End_Time">End Time</operation>
                              <operation source="field" to="temp.InsurancePolicy/output/Error_Message">Error Message</operation>
                              <operation source="field" to="temp.InsurancePolicy/output/TotalTransErrors">Total Transformation Errors</operation>
                              <operation source="field" to="temp.InsurancePolicy/output/FirstErrorCode">First Error Code</operation>
                           </serviceOutput>
                        </service>
                        <flow id="kv16nm4d">
                           <link id="kv16nm4e" targetId="kv16nm1g" type="containerLink"/>
                        </flow>
                        <flow id="kv16nm4g">
                           <link id="kv16nm4h" targetId="kv16nm1g" type="containerLink"/>
                        </flow>
                        <link id="kv16nm4c" targetId="kv16nm4d" type="containerLink"/>
                        <events>
                           <catch faultField="temp.InsurancePolicy/fault"
                                  id="kv16nm1e"
                                  interrupting="true"
                                  name="error">
                              <link id="kv16nm4f" targetId="kv16nm4g" type="containerLink"/>
                           </catch>
                           <catch faultField="temp.InsurancePolicy/fault"
                                  id="kv16nm1f"
                                  interrupting="true"
                                  name="warning"/>
                        </events>
                     </eventContainer>
                     <link id="kv16nlzd" targetId="kv16nly8" type="containerLink"/>
                  </flow>
                  <flow id="kv16nlze">
                     <eventContainer id="kv16nm67">
                        <service id="kv16nm52">
                           <title>Producer_Address</title>
                           <serviceName>ICSExecuteDataTask</serviceName>
                           <serviceGUID/>
                           <serviceInput>
                              <parameter name="Wait for Task to Complete" source="constant" updatable="true">true</parameter>
                              <parameter name="Max Wait" source="constant" updatable="true">604800</parameter>
                              <parameter name="Task Name" source="constant" updatable="true">mct_Producer_Address_Delete</parameter>
                              <parameter name="GUID" source="constant" updatable="true">2X6v06UilvwhOAAqUqO1Qf</parameter>
                              <parameter name="Task Type" source="constant" updatable="true">MCT</parameter>
                              <parameter name="Has Inout Parameters" source="constant" updatable="true">false</parameter>
                              <parameter name="taskField" source="nested">
                                 <operation source="field" to="mct-Producer-Address-Delete">temp.Producer_Address</operation>
                              </parameter>
                           </serviceInput>
                           <serviceOutput>
                              <operation source="field" to="temp.Producer_Address/output/Object_Name">Object Name</operation>
                              <operation source="field" to="temp.Producer_Address/output/Run_Id">Run Id</operation>
                              <operation source="field" to="temp.Producer_Address/output/Log_Id">Log Id</operation>
                              <operation source="field" to="temp.Producer_Address/output/Task_Id">Task Id</operation>
                              <operation source="field" to="temp.Producer_Address/output/Task_Status">Task Status</operation>
                              <operation source="field" to="temp.Producer_Address/output/Success_Source_Rows">Success Source Rows</operation>
                              <operation source="field" to="temp.Producer_Address/output/Failed_Source_Rows">Failed Source Rows</operation>
                              <operation source="field" to="temp.Producer_Address/output/Success_Target_Rows">Success Target Rows</operation>
                              <operation source="field" to="temp.Producer_Address/output/Failed_Target_Rows">Failed Target Rows</operation>
                              <operation source="field" to="temp.Producer_Address/output/Start_Time">Start Time</operation>
                              <operation source="field" to="temp.Producer_Address/output/End_Time">End Time</operation>
                              <operation source="field" to="temp.Producer_Address/output/Error_Message">Error Message</operation>
                              <operation source="field" to="temp.Producer_Address/output/TotalTransErrors">Total Transformation Errors</operation>
                              <operation source="field" to="temp.Producer_Address/output/FirstErrorCode">First Error Code</operation>
                           </serviceOutput>
                        </service>
                        <flow id="kv16nm9v">
                           <link id="kv16nm9w" targetId="kv16nm67" type="containerLink"/>
                        </flow>
                        <flow id="kv16nm9y">
                           <link id="kv16nm9z" targetId="kv16nm67" type="containerLink"/>
                        </flow>
                        <link id="kv16nm9u" targetId="kv16nm9v" type="containerLink"/>
                        <events>
                           <catch faultField="temp.Producer_Address/fault"
                                  id="kv16nm65"
                                  interrupting="true"
                                  name="error">
                              <link id="kv16nm9x" targetId="kv16nm9y" type="containerLink"/>
                           </catch>
                           <catch faultField="temp.Producer_Address/fault"
                                  id="kv16nm66"
                                  interrupting="true"
                                  name="warning"/>
                        </events>
                     </eventContainer>
                     <link id="kv16nlzf" targetId="kv16nly8" type="containerLink"/>
                  </flow>
                  <link id="kv16nlz5" targetId="kv16nlzc" type="containerLink"/>
                  <link id="kv16nlz8" targetId="kv16nlze" type="containerLink"/>
                  <link id="kv16nmb8" targetId="kv16nmci"/>
               </container>
               <container id="kv16nmoc" type="parallel">
                  <title>Parallel Paths 3</title>
                  <flow id="kv16nmps">
                     <eventContainer id="kv16nmsk">
                        <service id="kv16nmr7">
                           <title>Product</title>
                           <serviceName>ICSExecuteDataTask</serviceName>
                           <serviceGUID/>
                           <serviceInput>
                              <parameter name="Wait for Task to Complete" source="constant" updatable="true">true</parameter>
                              <parameter name="Max Wait" source="constant" updatable="true">604800</parameter>
                              <parameter name="Task Name" source="constant" updatable="true">mct_Product_Delete</parameter>
                              <parameter name="GUID" source="constant" updatable="true">fgXXXJtEesbkZxpYD2RgYq</parameter>
                              <parameter name="Task Type" source="constant" updatable="true">MCT</parameter>
                              <parameter name="Has Inout Parameters" source="constant" updatable="true">false</parameter>
                              <parameter name="taskField" source="nested">
                                 <operation source="field" to="mct-Product-Delete">temp.Product</operation>
                              </parameter>
                           </serviceInput>
                           <serviceOutput>
                              <operation source="field" to="temp.Product/output/Object_Name">Object Name</operation>
                              <operation source="field" to="temp.Product/output/Run_Id">Run Id</operation>
                              <operation source="field" to="temp.Product/output/Log_Id">Log Id</operation>
                              <operation source="field" to="temp.Product/output/Task_Id">Task Id</operation>
                              <operation source="field" to="temp.Product/output/Task_Status">Task Status</operation>
                              <operation source="field" to="temp.Product/output/Success_Source_Rows">Success Source Rows</operation>
                              <operation source="field" to="temp.Product/output/Failed_Source_Rows">Failed Source Rows</operation>
                              <operation source="field" to="temp.Product/output/Success_Target_Rows">Success Target Rows</operation>
                              <operation source="field" to="temp.Product/output/Failed_Target_Rows">Failed Target Rows</operation>
                              <operation source="field" to="temp.Product/output/Start_Time">Start Time</operation>
                              <operation source="field" to="temp.Product/output/End_Time">End Time</operation>
                              <operation source="field" to="temp.Product/output/Error_Message">Error Message</operation>
                              <operation source="field" to="temp.Product/output/TotalTransErrors">Total Transformation Errors</operation>
                              <operation source="field" to="temp.Product/output/FirstErrorCode">First Error Code</operation>
                           </serviceOutput>
                        </service>
                        <flow id="kv16nngi">
                           <link id="kv16nngj" targetId="kv16nmsk" type="containerLink"/>
                        </flow>
                        <flow id="kv16nngl">
                           <link id="kv16nngm" targetId="kv16nmsk" type="containerLink"/>
                        </flow>
                        <link id="kv16nngh" targetId="kv16nngi" type="containerLink"/>
                        <events>
                           <catch faultField="temp.Product/fault"
                                  id="kv16nmsi"
                                  interrupting="true"
                                  name="error">
                              <link id="kv16nngk" targetId="kv16nngl" type="containerLink"/>
                           </catch>
                           <catch faultField="temp.Product/fault"
                                  id="kv16nmsj"
                                  interrupting="true"
                                  name="warning"/>
                        </events>
                     </eventContainer>
                     <link id="kv16nmpt" targetId="kv16nmoc" type="containerLink"/>
                  </flow>
                  <flow id="kv16nmpu">
                     <eventContainer id="kv16nmvx">
                        <service id="kv16nmuk">
                           <title>Address__c</title>
                           <serviceName>ICSExecuteDataTask</serviceName>
                           <serviceGUID/>
                           <serviceInput>
                              <parameter name="Wait for Task to Complete" source="constant" updatable="true">true</parameter>
                              <parameter name="Max Wait" source="constant" updatable="true">604800</parameter>
                              <parameter name="Task Name" source="constant" updatable="true">mct_Address_Delete</parameter>
                              <parameter name="GUID" source="constant" updatable="true">9oZrD3oZXyad8JUQ6LeWEb</parameter>
                              <parameter name="Task Type" source="constant" updatable="true">MCT</parameter>
                              <parameter name="Has Inout Parameters" source="constant" updatable="true">false</parameter>
                              <parameter name="taskField" source="nested">
                                 <operation source="field" to="mct-Address-Delete">temp.Address__c</operation>
                              </parameter>
                           </serviceInput>
                           <serviceOutput>
                              <operation source="field" to="temp.Address__c/output/Object_Name">Object Name</operation>
                              <operation source="field" to="temp.Address__c/output/Run_Id">Run Id</operation>
                              <operation source="field" to="temp.Address__c/output/Log_Id">Log Id</operation>
                              <operation source="field" to="temp.Address__c/output/Task_Id">Task Id</operation>
                              <operation source="field" to="temp.Address__c/output/Task_Status">Task Status</operation>
                              <operation source="field" to="temp.Address__c/output/Success_Source_Rows">Success Source Rows</operation>
                              <operation source="field" to="temp.Address__c/output/Failed_Source_Rows">Failed Source Rows</operation>
                              <operation source="field" to="temp.Address__c/output/Success_Target_Rows">Success Target Rows</operation>
                              <operation source="field" to="temp.Address__c/output/Failed_Target_Rows">Failed Target Rows</operation>
                              <operation source="field" to="temp.Address__c/output/Start_Time">Start Time</operation>
                              <operation source="field" to="temp.Address__c/output/End_Time">End Time</operation>
                              <operation source="field" to="temp.Address__c/output/Error_Message">Error Message</operation>
                              <operation source="field" to="temp.Address__c/output/TotalTransErrors">Total Transformation Errors</operation>
                              <operation source="field" to="temp.Address__c/output/FirstErrorCode">First Error Code</operation>
                           </serviceOutput>
                        </service>
                        <flow id="kv16nnf0">
                           <link id="kv16nnf1" targetId="kv16nmvx" type="containerLink"/>
                        </flow>
                        <flow id="kv16nnf3">
                           <link id="kv16nnf4" targetId="kv16nmvx" type="containerLink"/>
                        </flow>
                        <link id="kv16nnez" targetId="kv16nnf0" type="containerLink"/>
                        <events>
                           <catch faultField="temp.Address__c/fault"
                                  id="kv16nmvv"
                                  interrupting="true"
                                  name="error">
                              <link id="kv16nnf2" targetId="kv16nnf3" type="containerLink"/>
                           </catch>
                           <catch faultField="temp.Address__c/fault"
                                  id="kv16nmvw"
                                  interrupting="true"
                                  name="warning"/>
                        </events>
                     </eventContainer>
                     <link id="kv16nmpv" targetId="kv16nmoc" type="containerLink"/>
                  </flow>
                  <flow id="kv16nmxx">
                     <eventContainer id="kv16nmzd">
                        <service id="kv16nmyo">
                           <title>Account</title>
                           <serviceName>ICSExecuteDataTask</serviceName>
                           <serviceGUID/>
                           <serviceInput>
                              <parameter name="Wait for Task to Complete" source="constant" updatable="true">true</parameter>
                              <parameter name="Max Wait" source="constant" updatable="true">604800</parameter>
                              <parameter name="Task Name" source="constant" updatable="true">mct_Account_Delete</parameter>
                              <parameter name="GUID" source="constant" updatable="true">4iB0eSKo4xGjcTgXmQ2jOS</parameter>
                              <parameter name="Task Type" source="constant" updatable="true">MCT</parameter>
                              <parameter name="Has Inout Parameters" source="constant" updatable="true">false</parameter>
                              <parameter name="taskField" source="nested">
                                 <operation source="field" to="mct-Account-Delete">temp.Account</operation>
                              </parameter>
                           </serviceInput>
                           <serviceOutput>
                              <operation source="field" to="temp.Account/output/Object_Name">Object Name</operation>
                              <operation source="field" to="temp.Account/output/Run_Id">Run Id</operation>
                              <operation source="field" to="temp.Account/output/Log_Id">Log Id</operation>
                              <operation source="field" to="temp.Account/output/Task_Id">Task Id</operation>
                              <operation source="field" to="temp.Account/output/Task_Status">Task Status</operation>
                              <operation source="field" to="temp.Account/output/Success_Source_Rows">Success Source Rows</operation>
                              <operation source="field" to="temp.Account/output/Failed_Source_Rows">Failed Source Rows</operation>
                              <operation source="field" to="temp.Account/output/Success_Target_Rows">Success Target Rows</operation>
                              <operation source="field" to="temp.Account/output/Failed_Target_Rows">Failed Target Rows</operation>
                              <operation source="field" to="temp.Account/output/Start_Time">Start Time</operation>
                              <operation source="field" to="temp.Account/output/End_Time">End Time</operation>
                              <operation source="field" to="temp.Account/output/Error_Message">Error Message</operation>
                              <operation source="field" to="temp.Account/output/TotalTransErrors">Total Transformation Errors</operation>
                              <operation source="field" to="temp.Account/output/FirstErrorCode">First Error Code</operation>
                           </serviceOutput>
                        </service>
                        <flow id="kv16nndk">
                           <link id="kv16nndl" targetId="kv16nmzd" type="containerLink"/>
                        </flow>
                        <flow id="kv16nndn">
                           <link id="kv16nndo" targetId="kv16nmzd" type="containerLink"/>
                        </flow>
                        <link id="kv16nndj" targetId="kv16nndk" type="containerLink"/>
                        <events>
                           <catch faultField="temp.Account/fault"
                                  id="kv16nmmg"
                                  interrupting="true"
                                  name="error">
                              <link id="kv16nndm" targetId="kv16nndn" type="containerLink"/>
                           </catch>
                           <catch faultField="temp.Account/fault"
                                  id="kv16nmmh"
                                  interrupting="true"
                                  name="warning"/>
                        </events>
                     </eventContainer>
                     <link id="kv16nmxy" targetId="kv16nmoc" type="containerLink"/>
                  </flow>
                  <flow id="kv16nn0s">
                     <eventContainer id="kv16nn2a">
                        <service id="kv16nn1k">
                           <title>Sub Account</title>
                           <serviceName>ICSExecuteDataTask</serviceName>
                           <serviceGUID/>
                           <serviceInput>
                              <parameter name="Wait for Task to Complete" source="constant" updatable="true">true</parameter>
                              <parameter name="Max Wait" source="constant" updatable="true">604800</parameter>
                              <parameter name="Task Name" source="constant" updatable="true">mct_Sub_Account_Delete</parameter>
                              <parameter name="GUID" source="constant" updatable="true">7TMp6xmXpdYdA5qIIb74oj</parameter>
                              <parameter name="Task Type" source="constant" updatable="true">MCT</parameter>
                              <parameter name="Has Inout Parameters" source="constant" updatable="true">false</parameter>
                              <parameter name="taskField" source="nested">
                                 <operation source="field" to="mct-Sub-Account-Delete">temp.Sub Account</operation>
                              </parameter>
                           </serviceInput>
                           <serviceOutput>
                              <operation source="field" to="temp.Sub Account/output/Object_Name">Object Name</operation>
                              <operation source="field" to="temp.Sub Account/output/Run_Id">Run Id</operation>
                              <operation source="field" to="temp.Sub Account/output/Log_Id">Log Id</operation>
                              <operation source="field" to="temp.Sub Account/output/Task_Id">Task Id</operation>
                              <operation source="field" to="temp.Sub Account/output/Task_Status">Task Status</operation>
                              <operation source="field" to="temp.Sub Account/output/Success_Source_Rows">Success Source Rows</operation>
                              <operation source="field" to="temp.Sub Account/output/Failed_Source_Rows">Failed Source Rows</operation>
                              <operation source="field" to="temp.Sub Account/output/Success_Target_Rows">Success Target Rows</operation>
                              <operation source="field" to="temp.Sub Account/output/Failed_Target_Rows">Failed Target Rows</operation>
                              <operation source="field" to="temp.Sub Account/output/Start_Time">Start Time</operation>
                              <operation source="field" to="temp.Sub Account/output/End_Time">End Time</operation>
                              <operation source="field" to="temp.Sub Account/output/Error_Message">Error Message</operation>
                              <operation source="field" to="temp.Sub Account/output/TotalTransErrors">Total Transformation Errors</operation>
                              <operation source="field" to="temp.Sub Account/output/FirstErrorCode">First Error Code</operation>
                           </serviceOutput>
                        </service>
                        <flow id="kv16nnc6">
                           <link id="kv16nnc7" targetId="kv16nn2a" type="containerLink"/>
                        </flow>
                        <flow id="kv16nnc9">
                           <link id="kv16nnca" targetId="kv16nn2a" type="containerLink"/>
                        </flow>
                        <link id="kv16nnc5" targetId="kv16nnc6" type="containerLink"/>
                        <events>
                           <catch faultField="temp.Sub Account/fault"
                                  id="kv16nmjb"
                                  interrupting="true"
                                  name="error">
                              <link id="kv16nnc8" targetId="kv16nnc9" type="containerLink"/>
                           </catch>
                           <catch faultField="temp.Sub Account/fault"
                                  id="kv16nmjc"
                                  interrupting="true"
                                  name="warning"/>
                        </events>
                     </eventContainer>
                     <link id="kv16nn0t" targetId="kv16nmoc" type="containerLink"/>
                  </flow>
                  <link id="kv16nmpl" targetId="kv16nmps" type="containerLink"/>
                  <link id="kv16nmpo" targetId="kv16nmpu" type="containerLink"/>
                  <link id="kv16nmxw" targetId="kv16nmxx" type="containerLink"/>
                  <link id="kv16nn0r" targetId="kv16nn0s" type="containerLink"/>
                  <link id="kv16nmoe" targetId="c"/>
               </container>
               <eventContainer id="kv16nmci">
                  <service id="kv16nmb7">
                     <title>Producer</title>
                     <serviceName>ICSExecuteDataTask</serviceName>
                     <serviceGUID/>
                     <serviceInput>
                        <parameter name="Wait for Task to Complete" source="constant" updatable="true">true</parameter>
                        <parameter name="Max Wait" source="constant" updatable="true">604800</parameter>
                        <parameter name="Task Name" source="constant" updatable="true">mct_Producer_Delete</parameter>
                        <parameter name="GUID" source="constant" updatable="true">jbvLCF8q7UMbkq2TadbTsp</parameter>
                        <parameter name="Task Type" source="constant" updatable="true">MCT</parameter>
                        <parameter name="Has Inout Parameters" source="constant" updatable="true">false</parameter>
                        <parameter name="taskField" source="nested">
                           <operation source="field" to="mct-Producer-Delete">temp.Producer</operation>
                        </parameter>
                     </serviceInput>
                     <serviceOutput>
                        <operation source="field" to="temp.Producer/output/Object_Name">Object Name</operation>
                        <operation source="field" to="temp.Producer/output/Run_Id">Run Id</operation>
                        <operation source="field" to="temp.Producer/output/Log_Id">Log Id</operation>
                        <operation source="field" to="temp.Producer/output/Task_Id">Task Id</operation>
                        <operation source="field" to="temp.Producer/output/Task_Status">Task Status</operation>
                        <operation source="field" to="temp.Producer/output/Success_Source_Rows">Success Source Rows</operation>
                        <operation source="field" to="temp.Producer/output/Failed_Source_Rows">Failed Source Rows</operation>
                        <operation source="field" to="temp.Producer/output/Success_Target_Rows">Success Target Rows</operation>
                        <operation source="field" to="temp.Producer/output/Failed_Target_Rows">Failed Target Rows</operation>
                        <operation source="field" to="temp.Producer/output/Start_Time">Start Time</operation>
                        <operation source="field" to="temp.Producer/output/End_Time">End Time</operation>
                        <operation source="field" to="temp.Producer/output/Error_Message">Error Message</operation>
                        <operation source="field" to="temp.Producer/output/TotalTransErrors">Total Transformation Errors</operation>
                        <operation source="field" to="temp.Producer/output/FirstErrorCode">First Error Code</operation>
                     </serviceOutput>
                  </service>
                  <flow id="kv16nniq">
                     <link id="kv16nnir" targetId="kv16nmci" type="containerLink"/>
                  </flow>
                  <flow id="kv16nnit">
                     <link id="kv16nniu" targetId="kv16nmci" type="containerLink"/>
                  </flow>
                  <link id="kv16nnip" targetId="kv16nniq" type="containerLink"/>
                  <link id="kv16nmed" targetId="kv16nmfn"/>
                  <events>
                     <catch faultField="temp.Producer/fault"
                            id="kv16nmcg"
                            interrupting="true"
                            name="error">
                        <link id="kv16nnis" targetId="kv16nnit" type="containerLink"/>
                     </catch>
                     <catch faultField="temp.Producer/fault"
                            id="kv16nmch"
                            interrupting="true"
                            name="warning"/>
                  </events>
               </eventContainer>
               <eventContainer id="kv16nmfn">
                  <service id="kv16nmec">
                     <title>Contact</title>
                     <serviceName>ICSExecuteDataTask</serviceName>
                     <serviceGUID/>
                     <serviceInput>
                        <parameter name="Wait for Task to Complete" source="constant" updatable="true">true</parameter>
                        <parameter name="Max Wait" source="constant" updatable="true">604800</parameter>
                        <parameter name="Task Name" source="constant" updatable="true">mct_Contact_Delete</parameter>
                        <parameter name="GUID" source="constant" updatable="true">gJrdHRTtiWchNLVNpGxX2B</parameter>
                        <parameter name="Task Type" source="constant" updatable="true">MCT</parameter>
                        <parameter name="Has Inout Parameters" source="constant" updatable="true">false</parameter>
                        <parameter name="taskField" source="nested">
                           <operation source="field" to="mct-Contact-Delete">temp.Contact</operation>
                        </parameter>
                     </serviceInput>
                     <serviceOutput>
                        <operation source="field" to="temp.Contact/output/Object_Name">Object Name</operation>
                        <operation source="field" to="temp.Contact/output/Run_Id">Run Id</operation>
                        <operation source="field" to="temp.Contact/output/Log_Id">Log Id</operation>
                        <operation source="field" to="temp.Contact/output/Task_Id">Task Id</operation>
                        <operation source="field" to="temp.Contact/output/Task_Status">Task Status</operation>
                        <operation source="field" to="temp.Contact/output/Success_Source_Rows">Success Source Rows</operation>
                        <operation source="field" to="temp.Contact/output/Failed_Source_Rows">Failed Source Rows</operation>
                        <operation source="field" to="temp.Contact/output/Success_Target_Rows">Success Target Rows</operation>
                        <operation source="field" to="temp.Contact/output/Failed_Target_Rows">Failed Target Rows</operation>
                        <operation source="field" to="temp.Contact/output/Start_Time">Start Time</operation>
                        <operation source="field" to="temp.Contact/output/End_Time">End Time</operation>
                        <operation source="field" to="temp.Contact/output/Error_Message">Error Message</operation>
                        <operation source="field" to="temp.Contact/output/TotalTransErrors">Total Transformation Errors</operation>
                        <operation source="field" to="temp.Contact/output/FirstErrorCode">First Error Code</operation>
                     </serviceOutput>
                  </service>
                  <flow id="kv16nnhl">
                     <link id="kv16nnhm" targetId="kv16nmfn" type="containerLink"/>
                  </flow>
                  <flow id="kv16nnho">
                     <link id="kv16nnhp" targetId="kv16nmfn" type="containerLink"/>
                  </flow>
                  <link id="kv16nnhk" targetId="kv16nnhl" type="containerLink"/>
                  <link id="kv16nn1j" targetId="kv16nmoc"/>
                  <events>
                     <catch faultField="temp.Contact/fault"
                            id="kv16nmfl"
                            interrupting="true"
                            name="error">
                        <link id="kv16nnhn" targetId="kv16nnho" type="containerLink"/>
                     </catch>
                     <catch faultField="temp.Contact/fault"
                            id="kv16nmfm"
                            interrupting="true"
                            name="warning"/>
                  </events>
               </eventContainer>
               <end id="c"/>
            </flow>
            <dependencies>
               <processObject xmlns="http://schemas.active-endpoints.com/appmodules/screenflow/2011/06/avosHostEnvironment.xsd"
                              displayName="mct-Document-Delete"
                              isByCopy="true"
                              name="mct-Document-Delete">
                  <description/>
                  <tags/>
                  <detail>
                     <field label="TaskProperties Parameters"
                            name="taskProperties"
                            nullable="true"
                            required="false"
                            type="reference"/>
                     <field label="Output Parameters"
                            name="output"
                            nullable="true"
                            required="false"
                            type="reference"/>
                     <field label="Fault"
                            name="fault"
                            nullable="true"
                            required="false"
                            type="reference"/>
                  </detail>
               </processObject>
               <processObject xmlns="http://schemas.active-endpoints.com/appmodules/screenflow/2011/06/avosHostEnvironment.xsd"
                              displayName="mct-Allocation-Delete"
                              isByCopy="true"
                              name="mct-Allocation-Delete">
                  <description/>
                  <tags/>
                  <detail>
                     <field label="TaskProperties Parameters"
                            name="taskProperties"
                            nullable="true"
                            required="false"
                            type="reference"/>
                     <field label="Output Parameters"
                            name="output"
                            nullable="true"
                            required="false"
                            type="reference"/>
                     <field label="Fault"
                            name="fault"
                            nullable="true"
                            required="false"
                            type="reference"/>
                  </detail>
               </processObject>
               <processObject xmlns="http://schemas.active-endpoints.com/appmodules/screenflow/2011/06/avosHostEnvironment.xsd"
                              displayName="m-ProducerPolicyAssignment-Delete"
                              isByCopy="true"
                              name="m-ProducerPolicyAssignment-Delete">
                  <description/>
                  <tags/>
                  <detail>
                     <field label="TaskProperties Parameters"
                            name="taskProperties"
                            nullable="true"
                            required="false"
                            type="reference"/>
                     <field label="Output Parameters"
                            name="output"
                            nullable="true"
                            required="false"
                            type="reference"/>
                     <field label="Fault"
                            name="fault"
                            nullable="true"
                            required="false"
                            type="reference"/>
                  </detail>
               </processObject>
               <processObject xmlns="http://schemas.active-endpoints.com/appmodules/screenflow/2011/06/avosHostEnvironment.xsd"
                              displayName="mct-InsurancePolicyParticipant-Delete"
                              isByCopy="true"
                              name="mct-InsurancePolicyParticipant-Delete">
                  <description/>
                  <tags/>
                  <detail>
                     <field label="TaskProperties Parameters"
                            name="taskProperties"
                            nullable="true"
                            required="false"
                            type="reference"/>
                     <field label="Output Parameters"
                            name="output"
                            nullable="true"
                            required="false"
                            type="reference"/>
                     <field label="Fault"
                            name="fault"
                            nullable="true"
                            required="false"
                            type="reference"/>
                  </detail>
               </processObject>
               <processObject xmlns="http://schemas.active-endpoints.com/appmodules/screenflow/2011/06/avosHostEnvironment.xsd"
                              displayName="mct-Account-Address-Delete"
                              isByCopy="true"
                              name="mct-Account-Address-Delete">
                  <description/>
                  <tags/>
                  <detail>
                     <field label="TaskProperties Parameters"
                            name="taskProperties"
                            nullable="true"
                            required="false"
                            type="reference"/>
                     <field label="Output Parameters"
                            name="output"
                            nullable="true"
                            required="false"
                            type="reference"/>
                     <field label="Fault"
                            name="fault"
                            nullable="true"
                            required="false"
                            type="reference"/>
                  </detail>
               </processObject>
               <processObject xmlns="http://schemas.active-endpoints.com/appmodules/screenflow/2011/06/avosHostEnvironment.xsd"
                              displayName="mct-InsurancePolicy-Delete"
                              isByCopy="true"
                              name="mct-InsurancePolicy-Delete">
                  <description/>
                  <tags/>
                  <detail>
                     <field label="TaskProperties Parameters"
                            name="taskProperties"
                            nullable="true"
                            required="false"
                            type="reference"/>
                     <field label="Output Parameters"
                            name="output"
                            nullable="true"
                            required="false"
                            type="reference"/>
                     <field label="Fault"
                            name="fault"
                            nullable="true"
                            required="false"
                            type="reference"/>
                  </detail>
               </processObject>
               <processObject xmlns="http://schemas.active-endpoints.com/appmodules/screenflow/2011/06/avosHostEnvironment.xsd"
                              displayName="mct-Producer-Address-Delete"
                              isByCopy="true"
                              name="mct-Producer-Address-Delete">
                  <description/>
                  <tags/>
                  <detail>
                     <field label="TaskProperties Parameters"
                            name="taskProperties"
                            nullable="true"
                            required="false"
                            type="reference"/>
                     <field label="Output Parameters"
                            name="output"
                            nullable="true"
                            required="false"
                            type="reference"/>
                     <field label="Fault"
                            name="fault"
                            nullable="true"
                            required="false"
                            type="reference"/>
                  </detail>
               </processObject>
               <processObject xmlns="http://schemas.active-endpoints.com/appmodules/screenflow/2011/06/avosHostEnvironment.xsd"
                              displayName="mct-Producer-Delete"
                              isByCopy="true"
                              name="mct-Producer-Delete">
                  <description/>
                  <tags/>
                  <detail>
                     <field label="TaskProperties Parameters"
                            name="taskProperties"
                            nullable="true"
                            required="false"
                            type="reference"/>
                     <field label="Output Parameters"
                            name="output"
                            nullable="true"
                            required="false"
                            type="reference"/>
                     <field label="Fault"
                            name="fault"
                            nullable="true"
                            required="false"
                            type="reference"/>
                  </detail>
               </processObject>
               <processObject xmlns="http://schemas.active-endpoints.com/appmodules/screenflow/2011/06/avosHostEnvironment.xsd"
                              displayName="mct-Contact-Delete"
                              isByCopy="true"
                              name="mct-Contact-Delete">
                  <description/>
                  <tags/>
                  <detail>
                     <field label="TaskProperties Parameters"
                            name="taskProperties"
                            nullable="true"
                            required="false"
                            type="reference"/>
                     <field label="Output Parameters"
                            name="output"
                            nullable="true"
                            required="false"
                            type="reference"/>
                     <field label="Fault"
                            name="fault"
                            nullable="true"
                            required="false"
                            type="reference"/>
                  </detail>
               </processObject>
               <processObject xmlns="http://schemas.active-endpoints.com/appmodules/screenflow/2011/06/avosHostEnvironment.xsd"
                              displayName="mct-Product-Delete"
                              isByCopy="true"
                              name="mct-Product-Delete">
                  <description/>
                  <tags/>
                  <detail>
                     <field label="TaskProperties Parameters"
                            name="taskProperties"
                            nullable="true"
                            required="false"
                            type="reference"/>
                     <field label="Output Parameters"
                            name="output"
                            nullable="true"
                            required="false"
                            type="reference"/>
                     <field label="Fault"
                            name="fault"
                            nullable="true"
                            required="false"
                            type="reference"/>
                  </detail>
               </processObject>
               <processObject xmlns="http://schemas.active-endpoints.com/appmodules/screenflow/2011/06/avosHostEnvironment.xsd"
                              displayName="mct-Address-Delete"
                              isByCopy="true"
                              name="mct-Address-Delete">
                  <description/>
                  <tags/>
                  <detail>
                     <field label="TaskProperties Parameters"
                            name="taskProperties"
                            nullable="true"
                            required="false"
                            type="reference"/>
                     <field label="Output Parameters"
                            name="output"
                            nullable="true"
                            required="false"
                            type="reference"/>
                     <field label="Fault"
                            name="fault"
                            nullable="true"
                            required="false"
                            type="reference"/>
                  </detail>
               </processObject>
               <processObject xmlns="http://schemas.active-endpoints.com/appmodules/screenflow/2011/06/avosHostEnvironment.xsd"
                              displayName="mct-Account-Delete"
                              isByCopy="true"
                              name="mct-Account-Delete">
                  <description/>
                  <tags/>
                  <detail>
                     <field label="TaskProperties Parameters"
                            name="taskProperties"
                            nullable="true"
                            required="false"
                            type="reference"/>
                     <field label="Output Parameters"
                            name="output"
                            nullable="true"
                            required="false"
                            type="reference"/>
                     <field label="Fault"
                            name="fault"
                            nullable="true"
                            required="false"
                            type="reference"/>
                  </detail>
               </processObject>
               <processObject xmlns="http://schemas.active-endpoints.com/appmodules/screenflow/2011/06/avosHostEnvironment.xsd"
                              displayName="mct-Sub-Account-Delete"
                              isByCopy="true"
                              name="mct-Sub-Account-Delete">
                  <description/>
                  <tags/>
                  <detail>
                     <field label="TaskProperties Parameters"
                            name="taskProperties"
                            nullable="true"
                            required="false"
                            type="reference"/>
                     <field label="Output Parameters"
                            name="output"
                            nullable="true"
                            required="false"
                            type="reference"/>
                     <field label="Fault"
                            name="fault"
                            nullable="true"
                            required="false"
                            type="reference"/>
                  </detail>
               </processObject>
               <processObject xmlns="http://schemas.active-endpoints.com/appmodules/screenflow/2011/06/avosHostEnvironment.xsd"
                              displayName="mct-Upline-Producer-Delete"
                              isByCopy="true"
                              name="mct-Upline-Producer-Delete">
                  <description/>
                  <tags/>
                  <detail>
                     <field label="TaskProperties Parameters"
                            name="taskProperties"
                            nullable="true"
                            required="false"
                            type="reference"/>
                     <field label="Output Parameters"
                            name="output"
                            nullable="true"
                            required="false"
                            type="reference"/>
                     <field label="Fault"
                            name="fault"
                            nullable="true"
                            required="false"
                            type="reference"/>
                  </detail>
               </processObject>
            </dependencies>
         </taskflow>
      </types1:Entry>
      <types1:GUID>eKpIitxaRiLlIMUk3TLBKp</types1:GUID>
      <types1:DisplayName>stf_SF_Delete</types1:DisplayName>
   </types1:Item>
   <types1:CurrentServerDateTime>2022-05-17T19:43:56.064Z</types1:CurrentServerDateTime>
</aetgt:getResponse>
